/* Comparison data only; never passed to LoadImage or executed. */
static const U8 http_pin[]={
0x4d,0x5a,0x00,0x00,0x00,0x00,0x00,0x00,0x00,0x00,0x00,0x00,0x00,0x00,0x00,0x00,
0x00,0x00,0x00,0x00,0x00,0x00,0x00,0x00,0x00,0x00,0x00,0x00,0x00,0x00,0x00,0x00,
0x00,0x00,0x00,0x00,0x00,0x00,0x00,0x00,0x00,0x00,0x00,0x00,0x00,0x00,0x00,0x00,
0x00,0x00,0x00,0x00,0x00,0x00,0x00,0x00,0x00,0x00,0x00,0x00,0xc8,0x00,0x00,0x00,
0x00,0x00,0x00,0x00,0x00,0x00,0x00,0x00,0x00,0x00,0x00,0x00,0x00,0x00,0x00,0x00,
0x00,0x00,0x00,0x00,0x00,0x00,0x00,0x00,0x00,0x00,0x00,0x00,0x00,0x00,0x00,0x00,
0x00,0x00,0x00,0x00,0x00,0x00,0x00,0x00,0x00,0x00,0x00,0x00,0x00,0x00,0x00,0x00,
0x00,0x00,0x00,0x00,0x00,0x00,0x00,0x00,0x00,0x00,0x00,0x00,0x00,0x00,0x00,0x00,
0x00,0x00,0x00,0x00,0x00,0x00,0x00,0x00,0x00,0x00,0x00,0x00,0x00,0x00,0x00,0x00,
0x00,0x00,0x00,0x00,0x00,0x00,0x00,0x00,0x00,0x00,0x00,0x00,0x00,0x00,0x00,0x00,
0x00,0x00,0x00,0x00,0x00,0x00,0x00,0x00,0x00,0x00,0x00,0x00,0x00,0x00,0x00,0x00,
0x00,0x00,0x00,0x00,0x00,0x00,0x00,0x00,0x00,0x00,0x00,0x00,0x00,0x00,0x00,0x00,
0x00,0x00,0x00,0x00,0x00,0x00,0x00,0x00,0x50,0x45,0x00,0x00,0x64,0x86,0x05,0x00,
0x00,0x00,0x00,0x00,0x00,0x00,0x00,0x00,0x00,0x00,0x00,0x00,0xf0,0x00,0x22,0x20,
0x0b,0x02,0x0e,0x00,0xe0,0xb8,0x00,0x00,0xe0,0x28,0x00,0x00,0x00,0x00,0x00,0x00,
0xa8,0x09,0x00,0x00,0xa0,0x02,0x00,0x00,0x00,0x00,0x00,0x00,0x00,0x00,0x00,0x00,
0x20,0x00,0x00,0x00,0x20,0x00,0x00,0x00,0x00,0x00,0x00,0x00,0x00,0x00,0x00,0x00,
0x00,0x00,0x00,0x00,0x00,0x00,0x00,0x00,0x60,0xe4,0x00,0x00,0xa0,0x02,0x00,0x00,
0x00,0x00,0x00,0x00,0x0b,0x00,0x00,0x00,0x00,0x00,0x00,0x00,0x00,0x00,0x00,0x00,
0x00,0x00,0x00,0x00,0x00,0x00,0x00,0x00,0x00,0x00,0x00,0x00,0x00,0x00,0x00,0x00,
0x00,0x00,0x00,0x00,0x00,0x00,0x00,0x00,0x00,0x00,0x00,0x00,0x10,0x00,0x00,0x00,
0x00,0x00,0x00,0x00,0x00,0x00,0x00,0x00,0x00,0x00,0x00,0x00,0x00,0x00,0x00,0x00,
0x00,0x00,0x00,0x00,0x00,0x00,0x00,0x00,0x00,0x00,0x00,0x00,0x00,0x00,0x00,0x00,
0x00,0x00,0x00,0x00,0x00,0x00,0x00,0x00,0xc0,0xe3,0x00,0x00,0x94,0x00,0x00,0x00,
0x60,0xd6,0x00,0x00,0x1c,0x00,0x00,0x00,0x00,0x00,0x00,0x00,0x00,0x00,0x00,0x00,
0x00,0x00,0x00,0x00,0x00,0x00,0x00,0x00,0x00,0x00,0x00,0x00,0x00,0x00,0x00,0x00,
0x00,0x00,0x00,0x00,0x00,0x00,0x00,0x00,0x00,0x00,0x00,0x00,0x00,0x00,0x00,0x00,
0x00,0x00,0x00,0x00,0x00,0x00,0x00,0x00,0x00,0x00,0x00,0x00,0x00,0x00,0x00,0x00,
0x00,0x00,0x00,0x00,0x00,0x00,0x00,0x00,0x00,0x00,0x00,0x00,0x00,0x00,0x00,0x00,
0x2e,0x74,0x65,0x78,0x74,0x00,0x00,0x00,0xcf,0xb8,0x00,0x00,0xa0,0x02,0x00,0x00,
0xe0,0xb8,0x00,0x00,0xa0,0x02,0x00,0x00,0x00,0x00,0x00,0x00,0x00,0x00,0x00,0x00,
0x00,0x00,0x00,0x00,0x20,0x00,0x00,0x68,0x2e,0x64,0x61,0x74,0x61,0x00,0x00,0x00,
0x28,0x1c,0x00,0x00,0x80,0xbb,0x00,0x00,0x40,0x1c,0x00,0x00,0x80,0xbb,0x00,0x00,
0x00,0x00,0x00,0x00,0x00,0x00,0x00,0x00,0x00,0x00,0x00,0x00,0x40,0x00,0x00,0xc8,
0x00,0x00,0x00,0x00,0x00,0x00,0x00,0x00,0x24,0x06,0x00,0x00,0xc0,0xd7,0x00,0x00,
0x40,0x06,0x00,0x00,0xc0,0xd7,0x00,0x00,0x00,0x00,0x00,0x00,0x00,0x00,0x00,0x00,
0x00,0x00,0x00,0x00,0x40,0x00,0x00,0x42,0x2e,0x78,0x64,0x61,0x74,0x61,0x00,0x00,
0xb8,0x05,0x00,0x00,0x00,0xde,0x00,0x00,0xc0,0x05,0x00,0x00,0x00,0xde,0x00,0x00,
0x00,0x00,0x00,0x00,0x00,0x00,0x00,0x00,0x00,0x00,0x00,0x00,0x40,0x00,0x00,0x42,
0x2e,0x72,0x65,0x6c,0x6f,0x63,0x00,0x00,0x94,0x00,0x00,0x00,0xc0,0xe3,0x00,0x00,
0xa0,0x00,0x00,0x00,0xc0,0xe3,0x00,0x00,0x00,0x00,0x00,0x00,0x00,0x00,0x00,0x00,
0x00,0x00,0x00,0x00,0x40,0x00,0x00,0x42,0x00,0x00,0x00,0x00,0x00,0x00,0x00,0x00,
0x56,0x57,0x48,0x89,0xd6,0x48,0x89,0xcf,0x4e,0x8d,0x4c,0x06,0xff,0x48,0x39,0xfe,
0x48,0x89,0xf8,0x73,0x05,0x49,0x39,0xf9,0x73,0x10,0x4c,0x89,0xc1,0x49,0x83,0xe0,
0x07,0x48,0xc1,0xe9,0x03,0xf3,0x48,0xa5,0xeb,0x09,0x4c,0x89,0xce,0x4a,0x8d,0x7c,
0x07,0xff,0xfd,0x4c,0x89,0xc1,0xf3,0xa4,0xfc,0x5f,0x5e,0xc3,0xcc,0xcc,0xcc,0xcc,
0x57,0x51,0x48,0x31,0xc0,0x48,0x89,0xcf,0x48,0x89,0xd1,0x48,0xc1,0xe9,0x03,0x48,
0x83,0xe2,0x07,0xf3,0x48,0xab,0x89,0xd1,0xf3,0xaa,0x58,0x5f,0xc3,0xcc,0xcc,0xcc,
0x56,0x57,0x48,0x89,0xce,0x48,0x89,0xd7,0x4c,0x89,0xc1,0xf3,0xa6,0x48,0x0f,0xb6,
0x46,0xff,0x48,0x0f,0xb6,0x57,0xff,0x48,0x29,0xd0,0x5f,0x5e,0xc3,0xcc,0xcc,0xcc,
0x48,0x89,0x5c,0x24,0x08,0x48,0x89,0x74,0x24,0x10,0x57,0x48,0x83,0xec,0x60,0x48,
0x8b,0xf1,0xb9,0x25,0x00,0x00,0x00,0x8b,0xfa,0xe8,0xce,0x84,0x00,0x00,0x48,0x8b,
0xd8,0x48,0x85,0xc0,0x74,0x66,0xc6,0x40,0x10,0x01,0x4c,0x8b,0x05,0x57,0xd3,0x00,
0x00,0x89,0x78,0x19,0x48,0x89,0x70,0x1d,0x4c,0x89,0x40,0x11,0x48,0x8b,0x0d,0x25,
0xd3,0x00,0x00,0x48,0x8b,0xd0,0xe8,0x01,0x6c,0x00,0x00,0xe8,0x8c,0xb7,0x00,0x00,
0x84,0xc0,0x74,0x38,0x48,0x83,0x64,0x24,0x48,0x00,0x48,0x83,0x64,0x24,0x40,0x00,
0x48,0x8d,0x44,0x24,0x50,0x48,0x89,0x44,0x24,0x38,0x48,0x83,0x64,0x24,0x30,0x00,
0x48,0x83,0x64,0x24,0x28,0x00,0x48,0x83,0x64,0x24,0x20,0x00,0x45,0x33,0xc9,0x45,
0x33,0xc0,0x33,0xd2,0x48,0x8b,0xcb,0xe8,0xc8,0x00,0x00,0x00,0x48,0x8b,0x5c,0x24,
0x70,0x48,0x8b,0x74,0x24,0x78,0x48,0x83,0xc4,0x60,0x5f,0xc3,0x48,0x83,0xec,0x28,
0x48,0x8b,0x05,0xd9,0xd2,0x00,0x00,0xba,0x10,0x00,0x00,0x00,0x4c,0x8d,0x05,0xb5,
0xd2,0x00,0x00,0x8d,0x4a,0xf4,0xff,0x50,0x40,0x48,0x85,0xc0,0x78,0x23,0x48,0x8b,
0x0d,0xa3,0xd2,0x00,0x00,0xe8,0x76,0x6b,0x00,0x00,0x8b,0x15,0x90,0xb7,0x00,0x00,
0x48,0x8d,0x0d,0x99,0xb7,0x00,0x00,0xe8,0x24,0xff,0xff,0xff,0xe8,0x17,0x00,0x00,
0x00,0x33,0xc0,0x48,0x83,0xc4,0x28,0xc3,0x48,0x83,0xec,0x28,0xe8,0x3b,0x00,0x00,
0x00,0x33,0xc0,0x48,0x83,0xc4,0x28,0xc3,0x48,0x83,0xec,0x28,0x33,0xc0,0x48,0x39,
0x05,0x5b,0xd2,0x00,0x00,0x75,0x1d,0x48,0x8b,0x05,0x72,0xd2,0x00,0x00,0x4c,0x8d,
0x05,0x4b,0xd2,0x00,0x00,0x48,0x8d,0x0d,0x3c,0xb8,0x00,0x00,0x33,0xd2,0xff,0x90,
0x40,0x01,0x00,0x00,0x48,0x83,0xc4,0x28,0xc3,0xcc,0xcc,0xcc,0x48,0x83,0xec,0x28,
0xe8,0xc3,0xff,0xff,0xff,0x48,0x85,0xc0,0x78,0x14,0x48,0x8b,0x05,0x1f,0xd2,0x00,
0x00,0x48,0x8b,0x15,0x20,0xd2,0x00,0x00,0x48,0x8b,0xc8,0xff,0x50,0x09,0x48,0x83,
0xc4,0x28,0xc3,0xcc,0x48,0x85,0xc9,0x0f,0x84,0x82,0x02,0x00,0x00,0x48,0x89,0x5c,
0x24,0x08,0x48,0x89,0x6c,0x24,0x10,0x48,0x89,0x74,0x24,0x18,0x57,0x41,0x54,0x41,
0x55,0x41,0x56,0x41,0x57,0x48,0x83,0xec,0x20,0x4c,0x8b,0x51,0x1d,0x8b,0x41,0x19,
0x4d,0x8b,0xf8,0x49,0x8d,0x7a,0x10,0x49,0x03,0xc2,0x45,0x33,0xc0,0x4d,0x8b,0xf1,
0x48,0x8b,0xea,0x48,0x8b,0xf1,0x48,0x3b,0xf8,0x0f,0x83,0x24,0x02,0x00,0x00,0x4c,
0x8b,0xa4,0x24,0x90,0x00,0x00,0x00,0x4c,0x8b,0xac,0x24,0x80,0x00,0x00,0x00,0x80,
0x3f,0xff,0x0f,0x84,0x0b,0x02,0x00,0x00,0x0f,0xb6,0x0f,0xff,0xc9,0x0f,0x84,0xd8,
0x01,0x00,0x00,0xff,0xc9,0x0f,0x84,0xbd,0x01,0x00,0x00,0xff,0xc9,0x0f,0x84,0xa6,
0x01,0x00,0x00,0xff,0xc9,0x0f,0x84,0x8f,0x01,0x00,0x00,0xff,0xc9,0x0f,0x84,0x22,
0x01,0x00,0x00,0xff,0xc9,0x0f,0x84,0xa6,0x00,0x00,0x00,0xff,0xc9,0x74,0x35,0xff,
0xc9,0x74,0x13,0x83,0xf9,0x02,0x0f,0x85,0xae,0x01,0x00,0x00,0x48,0x8b,0x84,0x24,
0x98,0x00,0x00,0x00,0xeb,0x08,0x48,0x8b,0x84,0x24,0x88,0x00,0x00,0x00,0x48,0x85,
0xc0,0x0f,0x84,0x93,0x01,0x00,0x00,0x0f,0x10,0x47,0x03,0xf3,0x0f,0x7f,0x00,0xe9,
0x86,0x01,0x00,0x00,0x48,0x85,0xed,0x0f,0x84,0x7d,0x01,0x00,0x00,0x48,0x8d,0x5f,
0x03,0x49,0x8b,0xd0,0x48,0x8b,0xc3,0x66,0x44,0x39,0x03,0x74,0x0d,0x48,0x83,0xc0,
0x02,0x48,0xff,0xc2,0x66,0x44,0x39,0x00,0x75,0xf3,0x48,0x8b,0x05,0x2f,0xd1,0x00,
0x00,0x48,0x8d,0x54,0x12,0x02,0x4c,0x8b,0xc5,0xb9,0x04,0x00,0x00,0x00,0xff,0x50,
0x40,0x45,0x33,0xc0,0x48,0x85,0xc0,0x0f,0x88,0x3d,0x01,0x00,0x00,0x48,0x8b,0x45,
0x00,0x48,0x85,0xc0,0x0f,0x84,0x30,0x01,0x00,0x00,0xeb,0x0b,0x66,0x89,0x08,0x48,
0x83,0xc0,0x02,0x48,0x83,0xc3,0x02,0x0f,0xb7,0x0b,0x66,0x85,0xc9,0x75,0xed,0xeb,
0x6b,0x4d,0x85,0xed,0x0f,0x84,0x10,0x01,0x00,0x00,0x48,0x8d,0x5f,0x03,0x49,0x8b,
0xd0,0x48,0x8b,0xc3,0x66,0x44,0x39,0x03,0x74,0x0d,0x48,0x83,0xc0,0x02,0x48,0xff,
0xc2,0x66,0x44,0x39,0x00,0x75,0xf3,0x48,0x8b,0x05,0xc2,0xd0,0x00,0x00,0x48,0x8d,
0x54,0x12,0x02,0x4d,0x8b,0xc5,0xb9,0x04,0x00,0x00,0x00,0xff,0x50,0x40,0x45,0x33,
0xc0,0x48,0x85,0xc0,0x0f,0x88,0xd0,0x00,0x00,0x00,0x49,0x8b,0x45,0x00,0x48,0x85,
0xc0,0x0f,0x84,0xc3,0x00,0x00,0x00,0xeb,0x0b,0x66,0x89,0x08,0x48,0x83,0xc0,0x02,
0x48,0x83,0xc3,0x02,0x0f,0xb7,0x0b,0x66,0x85,0xc9,0x75,0xed,0x66,0x44,0x89,0x00,
0xe9,0xa5,0x00,0x00,0x00,0x4d,0x85,0xe4,0x0f,0x84,0x9c,0x00,0x00,0x00,0x48,0x8d,
0x5f,0x03,0x49,0x8b,0xd0,0x48,0x8b,0xc3,0x66,0x44,0x39,0x03,0x74,0x0d,0x48,0x83,
0xc0,0x02,0x48,0xff,0xc2,0x66,0x44,0x39,0x00,0x75,0xf3,0x48,0x8b,0x05,0x4e,0xd0,
0x00,0x00,0x48,0x8d,0x54,0x12,0x02,0x4d,0x8b,0xc4,0xb9,0x04,0x00,0x00,0x00,0xff,
0x50,0x40,0x45,0x33,0xc0,0x48,0x85,0xc0,0x78,0x60,0x49,0x8b,0x04,0x24,0x48,0x85,
0xc0,0x74,0x57,0xeb,0x0b,0x66,0x89,0x08,0x48,0x83,0xc0,0x02,0x48,0x83,0xc3,0x02,
0x0f,0xb7,0x0b,0x66,0x85,0xc9,0x75,0xed,0xeb,0x92,0x4d,0x85,0xf6,0x74,0x3b,0x0f,
0xb7,0x47,0x03,0x66,0x41,0x89,0x06,0xeb,0x31,0x4d,0x85,0xff,0x74,0x2c,0x0f,0xb7,
0x47,0x03,0x66,0x41,0x89,0x07,0xeb,0x22,0x48,0x8b,0x4c,0x24,0x78,0x48,0x85,0xc9,
0x74,0x18,0x0f,0xb7,0x47,0x03,0x66,0x89,0x01,0xeb,0x0f,0x48,0x8b,0x4c,0x24,0x70,
0x48,0x85,0xc9,0x74,0x05,0x8b,0x47,0x03,0x89,0x01,0x0f,0xb7,0x47,0x01,0x48,0x8d,
0x7c,0x07,0x03,0x8b,0x46,0x19,0x48,0x03,0x46,0x1d,0x48,0x3b,0xf8,0x0f,0x82,0xec,
0xfd,0xff,0xff,0x48,0x8b,0x5c,0x24,0x50,0x48,0x8b,0x6c,0x24,0x58,0x48,0x8b,0x74,
0x24,0x60,0x48,0x83,0xc4,0x20,0x41,0x5f,0x41,0x5e,0x41,0x5d,0x41,0x5c,0x5f,0xc3,
0x48,0x83,0xec,0x28,0x8b,0x15,0xe6,0xb4,0x00,0x00,0x48,0x8d,0x0d,0xef,0xb4,0x00,
0x00,0xe8,0x0a,0xfc,0xff,0xff,0x33,0xc0,0x48,0x83,0xc4,0x28,0xc3,0xcc,0xcc,0xcc,
0x57,0x48,0x89,0xcf,0x4c,0x89,0xc0,0x48,0x87,0xca,0xf3,0x66,0xab,0x48,0x89,0xd0,
0x5f,0xc3,0xcc,0xcc,0xcc,0xcc,0xcc,0xcc,0xcc,0xcc,0xcc,0xcc,0xcc,0xcc,0xcc,0xcc,
0x57,0x4c,0x89,0xc0,0x48,0x89,0xcf,0x48,0x87,0xca,0xf3,0xaa,0x48,0x89,0xd0,0x5f,
0xc3,0xcc,0xcc,0xcc,0xcc,0xcc,0xcc,0xcc,0xcc,0xcc,0xcc,0xcc,0xcc,0xcc,0xcc,0xcc,
0x57,0x48,0x89,0xcf,0x4c,0x89,0xc0,0x48,0x87,0xca,0xf3,0x48,0xab,0x48,0x89,0xd0,
0x5f,0xc3,0xcc,0xcc,0xcc,0xcc,0xcc,0xcc,0xcc,0xcc,0xcc,0xcc,0xcc,0xcc,0xcc,0xcc,
0x57,0x48,0x89,0xcf,0x4c,0x89,0xc0,0x48,0x87,0xca,0xf3,0xab,0x48,0x89,0xd0,0x5f,
0xc3,0xcc,0xcc,0xcc,0xcc,0xcc,0xcc,0xcc,0xcc,0xcc,0xcc,0xcc,0xcc,0xcc,0xcc,0xcc,
0x53,0x89,0xc8,0x50,0x52,0x0f,0xa2,0x4d,0x85,0xc9,0x74,0x03,0x41,0x89,0x09,0x59,
0xe3,0x02,0x89,0x01,0x4c,0x89,0xc1,0xe3,0x02,0x89,0x19,0x48,0x8b,0x4c,0x24,0x38,
0xe3,0x02,0x89,0x11,0x58,0x5b,0xc3,0xcc,0xcc,0xcc,0xcc,0xcc,0xcc,0xcc,0xcc,0xcc,
0x0f,0xc7,0xf0,0x72,0x04,0x48,0x31,0xc0,0xc3,0x66,0x89,0x01,0xb8,0x01,0x00,0x00,
0x00,0xc3,0x0f,0xc7,0xf0,0x72,0x04,0x48,0x31,0xc0,0xc3,0x89,0x01,0xb8,0x01,0x00,
0x00,0x00,0xc3,0x48,0x0f,0xc7,0xf0,0x72,0x04,0x48,0x31,0xc0,0xc3,0x48,0x89,0x01,
0xb8,0x01,0x00,0x00,0x00,0xc3,0xcc,0xcc,0x48,0x89,0x5c,0x24,0x08,0x55,0x56,0x57,
0x48,0x8b,0xec,0x48,0x83,0xec,0x40,0x48,0x8d,0x45,0x30,0x48,0x8b,0xf1,0x48,0x89,
0x44,0x24,0x20,0x4c,0x8d,0x4d,0x38,0x48,0x8b,0x05,0x72,0xce,0x00,0x00,0x45,0x33,
0xc0,0x33,0xd2,0x33,0xc9,0xff,0x90,0x38,0x01,0x00,0x00,0x48,0x8b,0xd8,0x48,0x85,
0xc0,0x0f,0x88,0x3b,0x01,0x00,0x00,0x33,0xdb,0x48,0x39,0x5d,0x38,0x0f,0x86,0x1a,
0x01,0x00,0x00,0x48,0x8b,0x4d,0x30,0x4c,0x8d,0x45,0x28,0x48,0x8b,0x05,0x3e,0xce,
0x00,0x00,0x48,0x8d,0x15,0x3f,0xb8,0x00,0x00,0x48,0x8b,0x0c,0xd9,0xff,0x90,0x98,
0x00,0x00,0x00,0x48,0x85,0xc0,0x0f,0x88,0xe4,0x00,0x00,0x00,0x48,0x8b,0x4d,0x28,
0x48,0x39,0x71,0x20,0x0f,0x85,0xd6,0x00,0x00,0x00,0x33,0xff,0x48,0x39,0x7d,0x38,
0x76,0x29,0x48,0x8b,0x51,0x28,0x45,0x33,0xc0,0x48,0x8b,0x4d,0x30,0x48,0x8b,0x05,
0xfc,0xcd,0x00,0x00,0x48,0x8b,0x0c,0xf9,0xff,0x90,0x10,0x01,0x00,0x00,0x48,0x8b,
0x4d,0x28,0x48,0xff,0xc7,0x48,0x3b,0x7d,0x38,0x72,0xd7,0x48,0x8b,0x05,0xde,0xcd,
0x00,0x00,0x48,0x8d,0x15,0xdf,0xb7,0x00,0x00,0x4c,0x8b,0xc1,0x48,0x8b,0x49,0x28,
0xff,0x90,0x90,0x00,0x00,0x00,0x48,0x8b,0x4d,0x30,0x4c,0x8d,0x45,0xf0,0x48,0x8b,
0x05,0xbb,0xcd,0x00,0x00,0x48,0x8d,0x15,0xfc,0xb7,0x00,0x00,0x48,0x8b,0x0c,0xd9,
0xff,0x90,0x98,0x00,0x00,0x00,0x48,0x85,0xc0,0x78,0x20,0x48,0x8b,0x4d,0x28,0x48,
0x8d,0x15,0xe2,0xb7,0x00,0x00,0x48,0x8b,0x05,0x93,0xcd,0x00,0x00,0x4c,0x8b,0x45,
0xf0,0x48,0x8b,0x49,0x28,0xff,0x90,0x90,0x00,0x00,0x00,0x48,0x8b,0x4d,0x30,0x4c,
0x8d,0x45,0xf8,0x48,0x8b,0x05,0x76,0xcd,0x00,0x00,0x48,0x8d,0x15,0x97,0xb3,0x00,
0x00,0x48,0x8b,0x0c,0xd9,0xff,0x90,0x98,0x00,0x00,0x00,0x48,0x85,0xc0,0x78,0x20,
0x48,0x8b,0x4d,0x28,0x48,0x8d,0x15,0x7d,0xb3,0x00,0x00,0x48,0x8b,0x05,0x4e,0xcd,
0x00,0x00,0x4c,0x8b,0x45,0xf8,0x48,0x8b,0x49,0x28,0xff,0x90,0x90,0x00,0x00,0x00,
0x48,0xff,0xc3,0x48,0x3b,0x5d,0x38,0x0f,0x82,0xe6,0xfe,0xff,0xff,0x48,0x8b,0x4d,
0x30,0x48,0x85,0xc9,0x74,0x0a,0x48,0x8b,0x05,0x23,0xcd,0x00,0x00,0xff,0x50,0x48,
0x33,0xdb,0x48,0x85,0xdb,0x78,0x0f,0x48,0x8b,0x15,0x0a,0xcd,0x00,0x00,0x48,0x8b,
0xce,0xe8,0x72,0xfa,0xff,0xff,0x48,0x8b,0xc3,0x48,0x8b,0x5c,0x24,0x60,0x48,0x83,
0xc4,0x40,0x5f,0x5e,0x5d,0xc3,0xcc,0xcc,0x48,0x89,0x5c,0x24,0x08,0x48,0x89,0x74,
0x24,0x10,0x57,0x48,0x83,0xec,0x40,0x48,0x8b,0xf2,0x48,0x8b,0xf9,0xe8,0xd2,0x00,
0x00,0x00,0x48,0x8b,0x05,0xd7,0xcc,0x00,0x00,0x4c,0x8d,0x44,0x24,0x60,0x48,0x8d,
0x15,0x83,0xb2,0x00,0x00,0x48,0x8b,0xcf,0xff,0x90,0x98,0x00,0x00,0x00,0x48,0x8b,
0x44,0x24,0x60,0x48,0x8d,0x0d,0x1e,0xfe,0xff,0xff,0x4c,0x8b,0xcf,0x4c,0x8d,0x05,
0x94,0xb7,0x00,0x00,0x48,0x89,0x48,0x58,0x48,0x8b,0xcf,0xe8,0x00,0x85,0x00,0x00,
0x48,0x8b,0xd8,0x48,0x85,0xc0,0x78,0x6d,0x45,0x33,0xc9,0x4c,0x8d,0x05,0x46,0xb7,
0x00,0x00,0x48,0x8b,0xcf,0xe8,0xe6,0x84,0x00,0x00,0x48,0x8b,0xd8,0x48,0x85,0xc0,
0x79,0x5e,0x48,0x83,0x64,0x24,0x38,0x00,0x48,0x8d,0x05,0x99,0xb7,0x00,0x00,0x48,
0x8b,0x0d,0x7a,0xb7,0x00,0x00,0x4c,0x8d,0x0d,0xab,0xb6,0x00,0x00,0x48,0x89,0x44,
0x24,0x30,0x4c,0x8d,0x05,0x3f,0xb7,0x00,0x00,0x48,0x8d,0x05,0x78,0xb2,0x00,0x00,
0x48,0x89,0x44,0x24,0x28,0x48,0x8d,0x15,0x4c,0xb6,0x00,0x00,0x48,0x8d,0x05,0x7d,
0xb7,0x00,0x00,0x48,0x89,0x44,0x24,0x20,0x48,0x8b,0x05,0x31,0xcc,0x00,0x00,0xff,
0x90,0x50,0x01,0x00,0x00,0x48,0x8b,0xd6,0x48,0x8b,0xcf,0xe8,0x88,0xf9,0xff,0xff,
0x48,0x8b,0x74,0x24,0x58,0x48,0x8b,0xc3,0x48,0x8b,0x5c,0x24,0x50,0x48,0x83,0xc4,
0x40,0x5f,0xc3,0xcc,0x48,0x89,0x5c,0x24,0x10,0x57,0x48,0x83,0xec,0x50,0x48,0x83,
0x64,0x24,0x20,0x00,0x4c,0x8d,0x4c,0x24,0x60,0x48,0x89,0x0d,0xf8,0xcb,0x00,0x00,
0x48,0x8b,0xda,0x48,0x8b,0x42,0x60,0x48,0x8b,0xf9,0x48,0x89,0x05,0xdf,0xcb,0x00,
0x00,0x45,0x33,0xc0,0x48,0x8b,0x42,0x58,0x48,0x89,0x15,0xc9,0xcb,0x00,0x00,0x33,
0xd2,0x48,0x89,0x05,0xd8,0xcb,0x00,0x00,0x8d,0x4a,0x01,0xe8,0xc0,0xfc,0xff,0xff,
0x48,0x8b,0xd3,0x48,0x8b,0xcf,0xe8,0xd1,0xf8,0xff,0xff,0xe8,0x10,0x8a,0x00,0x00,
0x48,0x8b,0x05,0xa9,0xcb,0x00,0x00,0x4c,0x8d,0x05,0xca,0xcb,0x00,0x00,0x33,0xd2,
0x48,0x8d,0x0d,0x09,0xb3,0x00,0x00,0xff,0x90,0x40,0x01,0x00,0x00,0x48,0x8b,0x05,
0x8c,0xcb,0x00,0x00,0x4c,0x8d,0x05,0xc5,0xcb,0x00,0x00,0x33,0xd2,0x48,0x8d,0x0d,
0xcc,0xb2,0x00,0x00,0xff,0x90,0x40,0x01,0x00,0x00,0x48,0x8b,0x05,0x6f,0xcb,0x00,
0x00,0x4c,0x8d,0x05,0x88,0xcb,0x00,0x00,0x33,0xd2,0x48,0x8d,0x0d,0x5f,0xb2,0x00,
0x00,0xff,0x90,0x40,0x01,0x00,0x00,0x48,0x8b,0x05,0x52,0xcb,0x00,0x00,0x4c,0x8d,
0x05,0x7b,0xcb,0x00,0x00,0x33,0xd2,0x48,0x8d,0x0d,0xea,0xb5,0x00,0x00,0xff,0x90,
0x40,0x01,0x00,0x00,0x48,0x8b,0x05,0x35,0xcb,0x00,0x00,0x4c,0x8d,0x05,0x66,0xcb,
0x00,0x00,0x33,0xd2,0x48,0x8d,0x0d,0x65,0xb2,0x00,0x00,0xff,0x90,0x40,0x01,0x00,
0x00,0x83,0x64,0x24,0x30,0x00,0x48,0x8d,0x05,0xdb,0xb7,0x00,0x00,0x48,0x8d,0x4c,
0x24,0x30,0x48,0x89,0x44,0x24,0x38,0x48,0xc7,0x44,0x24,0x40,0x04,0x00,0x00,0x00,
0xe8,0x5b,0xaf,0x00,0x00,0x48,0x8d,0x05,0x44,0xcb,0x00,0x00,0xc7,0x44,0x24,0x30,
0x01,0x00,0x00,0x00,0x48,0x8d,0x4c,0x24,0x30,0x48,0x89,0x44,0x24,0x38,0x48,0xc7,
0x44,0x24,0x40,0x02,0x00,0x00,0x00,0xe8,0x34,0xaf,0x00,0x00,0x48,0x8b,0xd3,0x48,
0x8b,0xcf,0xe8,0x29,0xfb,0xff,0xff,0x48,0x8d,0x15,0x22,0xcb,0x00,0x00,0x48,0x8d,
0x0d,0x23,0xb5,0x00,0x00,0xe8,0x42,0x7f,0x00,0x00,0x48,0x8b,0x05,0xaf,0xca,0x00,
0x00,0x4c,0x8d,0x05,0x18,0xcb,0x00,0x00,0x33,0xd2,0x48,0x8d,0x0d,0xf7,0xb4,0x00,
0x00,0x48,0x8b,0x5c,0x24,0x68,0x48,0x83,0xc4,0x50,0x5f,0x48,0xff,0xa0,0x40,0x01,
0x00,0x00,0xcc,0xcc,0x40,0x55,0x53,0x57,0x48,0x8b,0xec,0x48,0x83,0xec,0x30,0x48,
0x8b,0x49,0x08,0x48,0x8b,0xfa,0x33,0xd2,0xe8,0x9b,0x89,0x00,0x00,0x48,0x85,0xc0,
0x0f,0x84,0xf7,0x00,0x00,0x00,0x48,0x83,0x65,0x20,0x00,0x4c,0x8d,0x45,0x20,0x48,
0x8b,0xc8,0x48,0x8d,0x15,0xaf,0xb0,0x00,0x00,0x48,0x8b,0x05,0x50,0xca,0x00,0x00,
0xff,0x90,0x98,0x00,0x00,0x00,0x48,0x85,0xc0,0x0f,0x88,0xce,0x00,0x00,0x00,0x48,
0x8b,0x45,0x20,0x48,0x85,0xc0,0x0f,0x84,0xc1,0x00,0x00,0x00,0x48,0x83,0x65,0x30,
0x00,0x4c,0x8d,0x45,0x38,0x48,0x83,0x65,0x38,0x00,0x48,0x8d,0x55,0x30,0x48,0x8b,
0xc8,0xff,0x50,0x10,0x48,0x8b,0x4d,0x30,0x48,0x85,0xc0,0x0f,0x88,0x92,0x00,0x00,
0x00,0x48,0x85,0xc9,0x0f,0x84,0x89,0x00,0x00,0x00,0x4c,0x8b,0x45,0x38,0x32,0xdb,
0x33,0xd2,0x4d,0x85,0xc0,0x74,0x2c,0x4c,0x8b,0x0d,0xc2,0xaf,0x00,0x00,0x48,0x8b,
0xc1,0x4c,0x8b,0x15,0xb0,0xaf,0x00,0x00,0x4c,0x39,0x10,0x75,0x06,0x4c,0x39,0x48,
0x08,0x74,0x0e,0x48,0xff,0xc2,0x48,0x83,0xc0,0x10,0x49,0x3b,0xd0,0x73,0x04,0xeb,
0xe7,0xb3,0x01,0x48,0x8b,0x05,0xc6,0xc9,0x00,0x00,0xff,0x50,0x48,0x84,0xdb,0x74,
0x4c,0x48,0x8b,0x45,0x20,0x4c,0x8d,0x4d,0xf8,0x48,0x83,0x65,0xf0,0x00,0x4c,0x8d,
0x45,0xf0,0x48,0x83,0x65,0xf8,0x00,0x48,0x8d,0x15,0x6a,0xaf,0x00,0x00,0x48,0x8b,
0xc8,0xff,0x10,0x48,0x8b,0x4d,0xf0,0x48,0x85,0xc0,0x78,0x17,0x48,0x85,0xc9,0x74,
0x12,0x8a,0x01,0x88,0x07,0x48,0x8b,0x05,0x84,0xc9,0x00,0x00,0xff,0x50,0x48,0x33,
0xc0,0xeb,0x14,0x48,0x8b,0x05,0x76,0xc9,0x00,0x00,0xff,0x50,0x48,0x48,0xb8,0x0e,
0x00,0x00,0x00,0x00,0x00,0x00,0x80,0x48,0x83,0xc4,0x30,0x5f,0x5b,0x5d,0xc3,0xcc,
0x48,0x89,0x5c,0x24,0x08,0x57,0x48,0x83,0xec,0x30,0x48,0x8b,0xf9,0x48,0x8b,0xda,
0x48,0x8b,0x4a,0x28,0x48,0x85,0xc9,0x74,0x34,0x4c,0x8b,0x4a,0x08,0x48,0x8d,0x15,
0xc4,0xb3,0x00,0x00,0x48,0x8b,0x05,0x35,0xc9,0x00,0x00,0x4c,0x8b,0x47,0x28,0xff,
0x90,0x20,0x01,0x00,0x00,0x4c,0x8b,0x4b,0x28,0x4c,0x8d,0x05,0xd0,0xaf,0x00,0x00,
0x48,0x8b,0x57,0x28,0x48,0x8b,0x4b,0x08,0xe8,0xef,0x87,0x00,0x00,0x48,0x83,0x7b,
0x18,0x00,0x75,0x19,0x80,0xbb,0x00,0x01,0x00,0x00,0x00,0x74,0x10,0x48,0x8d,0x4b,
0x38,0xe8,0xda,0x23,0x00,0x00,0xc6,0x83,0x00,0x01,0x00,0x00,0x00,0x4c,0x8b,0x4b,
0x10,0x4d,0x85,0xc9,0x74,0x69,0x48,0x8b,0x05,0xe3,0xc8,0x00,0x00,0x48,0x8d,0x15,
0x54,0xb3,0x00,0x00,0x4d,0x8b,0x49,0x08,0x4c,0x8b,0x47,0x28,0x48,0x8b,0x4b,0x08,
0xff,0x90,0x20,0x01,0x00,0x00,0x48,0x8b,0x4b,0x10,0x4c,0x8d,0x0d,0x7f,0xaf,0x00,
0x00,0x48,0x83,0x64,0x24,0x28,0x00,0x48,0x8d,0x15,0x1a,0xaf,0x00,0x00,0x48,0x8b,
0x41,0x20,0x4c,0x8d,0x41,0x18,0x48,0x8b,0x49,0x08,0x48,0x89,0x44,0x24,0x20,0x48,
0x8b,0x05,0x9a,0xc8,0x00,0x00,0xff,0x90,0x50,0x01,0x00,0x00,0x48,0x8b,0x05,0x8d,
0xc8,0x00,0x00,0x48,0x8b,0x4b,0x10,0xff,0x50,0x48,0x48,0x83,0x63,0x10,0x00,0x48,
0x8b,0x5c,0x24,0x40,0x48,0x83,0xc4,0x30,0x5f,0xc3,0xcc,0xcc,0x48,0x89,0x5c,0x24,
0x08,0x57,0x48,0x83,0xec,0x30,0x48,0x8b,0xf9,0x48,0x8b,0xda,0x48,0x8b,0x4a,0x20,
0x48,0x85,0xc9,0x74,0x34,0x4c,0x8b,0x4a,0x08,0x48,0x8d,0x15,0x68,0xb2,0x00,0x00,
0x48,0x8b,0x05,0x49,0xc8,0x00,0x00,0x4c,0x8b,0x47,0x28,0xff,0x90,0x20,0x01,0x00,
0x00,0x4c,0x8b,0x4b,0x20,0x4c,0x8d,0x05,0xb4,0xaf,0x00,0x00,0x48,0x8b,0x57,0x28,
0x48,0x8b,0x4b,0x08,0xe8,0x03,0x87,0x00,0x00,0x48,0x8b,0x4b,0x30,0x48,0x85,0xc9,
0x74,0x34,0x48,0x8b,0x05,0x17,0xc8,0x00,0x00,0x48,0x8d,0x15,0x88,0xae,0x00,0x00,
0x4c,0x8b,0x4b,0x08,0x4c,0x8b,0x47,0x28,0xff,0x90,0x20,0x01,0x00,0x00,0x4c,0x8b,
0x4b,0x30,0x4c,0x8d,0x05,0xdf,0xad,0x00,0x00,0x48,0x8b,0x57,0x28,0x48,0x8b,0x4b,
0x08,0xe8,0xc6,0x86,0x00,0x00,0x48,0x83,0x7b,0x10,0x00,0x75,0x19,0x80,0xbb,0x00,
0x01,0x00,0x00,0x00,0x74,0x10,0x48,0x8d,0x4b,0x38,0xe8,0xb1,0x22,0x00,0x00,0xc6,
0x83,0x00,0x01,0x00,0x00,0x00,0x4c,0x8b,0x4b,0x18,0x4d,0x85,0xc9,0x74,0x69,0x48,
0x8b,0x05,0xba,0xc7,0x00,0x00,0x48,0x8d,0x15,0x2b,0xb2,0x00,0x00,0x4d,0x8b,0x49,
0x08,0x4c,0x8b,0x47,0x28,0x48,0x8b,0x4b,0x08,0xff,0x90,0x20,0x01,0x00,0x00,0x48,
0x8b,0x4b,0x18,0x4c,0x8d,0x0d,0x56,0xae,0x00,0x00,0x48,0x83,0x64,0x24,0x28,0x00,
0x48,0x8d,0x15,0xf1,0xad,0x00,0x00,0x48,0x8b,0x41,0x20,0x4c,0x8d,0x41,0x18,0x48,
0x8b,0x49,0x08,0x48,0x89,0x44,0x24,0x20,0x48,0x8b,0x05,0x71,0xc7,0x00,0x00,0xff,
0x90,0x50,0x01,0x00,0x00,0x48,0x8b,0x05,0x64,0xc7,0x00,0x00,0x48,0x8b,0x4b,0x18,
0xff,0x50,0x48,0x48,0x83,0x63,0x18,0x00,0x48,0x8b,0x5c,0x24,0x40,0x48,0x83,0xc4,
0x30,0x5f,0xc3,0xcc,0x48,0x89,0x5c,0x24,0x08,0x57,0x48,0x83,0xec,0x30,0x4c,0x8b,
0x49,0x28,0x48,0x8b,0xda,0x48,0x8b,0x05,0x34,0xc7,0x00,0x00,0x48,0x8b,0xf9,0xc7,
0x44,0x24,0x28,0x04,0x00,0x00,0x00,0x45,0x33,0xc0,0x48,0x89,0x54,0x24,0x20,0x48,
0x8b,0xcb,0x48,0x8d,0x15,0xc7,0xad,0x00,0x00,0xff,0x90,0x18,0x01,0x00,0x00,0x48,
0x85,0xc0,0x78,0x5b,0x48,0x8b,0x05,0x05,0xc7,0x00,0x00,0x48,0x8d,0x15,0xc6,0xb0,
0x00,0x00,0x4c,0x8b,0x4f,0x28,0x45,0x33,0xc0,0xc7,0x44,0x24,0x28,0x04,0x00,0x00,
0x00,0x48,0x8b,0xcb,0x48,0x89,0x5c,0x24,0x20,0xff,0x90,0x18,0x01,0x00,0x00,0x48,
0x85,0xc0,0x78,0x2b,0x48,0x8b,0x05,0xd5,0xc6,0x00,0x00,0x48,0x8d,0x15,0x8e,0xad,
0x00,0x00,0x4c,0x8b,0x4f,0x28,0x45,0x33,0xc0,0xc7,0x44,0x24,0x28,0x04,0x00,0x00,
0x00,0x48,0x8b,0xcb,0x48,0x89,0x5c,0x24,0x20,0xff,0x90,0x18,0x01,0x00,0x00,0x48,
0x8b,0x5c,0x24,0x40,0x48,0x83,0xc4,0x30,0x5f,0xc3,0xcc,0xcc,0x4c,0x8b,0xdc,0x49,
0x89,0x5b,0x18,0x49,0x89,0x73,0x20,0x49,0x89,0x53,0x10,0x55,0x57,0x41,0x55,0x41,
0x56,0x41,0x57,0x48,0x8b,0xec,0x48,0x83,0xec,0x30,0x4c,0x8b,0x49,0x28,0x4c,0x8d,
0x45,0x30,0x48,0x8b,0xc2,0x48,0x8b,0xf1,0x48,0x8b,0xc8,0x41,0xbd,0x02,0x00,0x00,
0x00,0x48,0x8b,0x05,0x68,0xc6,0x00,0x00,0x45,0x32,0xf6,0x45,0x89,0x6b,0xd0,0x49,
0x89,0x53,0xc8,0x48,0x8d,0x15,0xce,0xb0,0x00,0x00,0xff,0x90,0x18,0x01,0x00,0x00,
0x48,0x85,0xc0,0x78,0x10,0x48,0x8b,0x7d,0x30,0x48,0x81,0xc7,0xb0,0xfe,0xff,0xff,
0xe9,0xf4,0x00,0x00,0x00,0xb9,0x18,0x68,0x00,0x00,0x41,0xb6,0x01,0xe8,0xa2,0x77,
0x00,0x00,0x48,0x8b,0xf8,0x48,0x85,0xc0,0x75,0x0f,0x48,0xb8,0x09,0x00,0x00,0x00,
0x00,0x00,0x00,0x80,0xe9,0x3d,0x03,0x00,0x00,0xc7,0x00,0x48,0x42,0x50,0x44,0x48,
0x8d,0x9f,0x08,0x01,0x00,0x00,0x48,0x8b,0x45,0x38,0x48,0x8d,0x15,0x9f,0xac,0x00,
0x00,0x48,0x89,0x47,0x08,0x4c,0x8b,0xc3,0x48,0x8d,0x87,0xd8,0x04,0x00,0x00,0x44,
0x89,0x6c,0x24,0x28,0x48,0x89,0x00,0x48,0x89,0x40,0x08,0x48,0x8b,0x4d,0x38,0x48,
0x8b,0x05,0xda,0xc5,0x00,0x00,0x4c,0x8b,0x4e,0x28,0x48,0x89,0x4c,0x24,0x20,0xff,
0x90,0x18,0x01,0x00,0x00,0x48,0x85,0xc0,0x79,0x04,0x48,0x83,0x23,0x00,0x48,0x8b,
0x4d,0x38,0x4c,0x8d,0x87,0x38,0x01,0x00,0x00,0x48,0x8b,0x05,0xb0,0xc5,0x00,0x00,
0x48,0x8d,0x15,0x69,0xac,0x00,0x00,0x4c,0x8b,0x4e,0x28,0x44,0x89,0x6c,0x24,0x28,
0x48,0x89,0x4c,0x24,0x20,0xff,0x90,0x18,0x01,0x00,0x00,0x48,0x8b,0xd8,0x48,0x85,
0xc0,0x0f,0x88,0x68,0x02,0x00,0x00,0x48,0x8b,0xcf,0xe8,0xc9,0x2d,0x00,0x00,0x48,
0x8b,0xd8,0x48,0x85,0xc0,0x0f,0x88,0x54,0x02,0x00,0x00,0x48,0x8b,0x05,0x6e,0xc5,
0x00,0x00,0x4c,0x8d,0x8f,0x50,0x01,0x00,0x00,0x45,0x33,0xc0,0x48,0x8d,0x15,0xd5,
0xaf,0x00,0x00,0x48,0x8d,0x4d,0x38,0xff,0x90,0x80,0x00,0x00,0x00,0x48,0x8b,0xd8,
0x48,0x85,0xc0,0x0f,0x88,0x26,0x02,0x00,0x00,0x48,0x83,0x7f,0x10,0x00,0x74,0x07,
0x33,0xc0,0xe9,0x5f,0x02,0x00,0x00,0xb9,0x30,0x00,0x00,0x00,0xe8,0xa3,0x76,0x00,
0x00,0x48,0x89,0x47,0x10,0x48,0x85,0xc0,0x75,0x0f,0x48,0xbb,0x09,0x00,0x00,0x00,
0x00,0x00,0x00,0x80,0xe9,0xf1,0x01,0x00,0x00,0x48,0x89,0x78,0x28,0x4c,0x8d,0x4f,
0x28,0x48,0x8b,0x4f,0x10,0x4c,0x8d,0x05,0xb4,0xab,0x00,0x00,0x48,0x8b,0x46,0x28,
0x48,0x89,0x41,0x10,0x48,0x8b,0x47,0x10,0xc7,0x00,0x48,0x42,0x56,0x4e,0x48,0x8b,
0x56,0x28,0x48,0x8b,0x4d,0x38,0xe8,0x75,0x83,0x00,0x00,0x48,0x8b,0xd8,0x48,0x85,
0xc0,0x0f,0x88,0xb3,0x01,0x00,0x00,0x48,0x8b,0x45,0x38,0x4c,0x8d,0x87,0x28,0x01,
0x00,0x00,0x4c,0x8b,0x4e,0x28,0x48,0x8d,0x15,0x4b,0xaf,0x00,0x00,0x48,0x8b,0x4f,
0x28,0xc7,0x44,0x24,0x28,0x10,0x00,0x00,0x00,0x48,0x89,0x44,0x24,0x20,0x48,0x8b,
0x05,0xab,0xc4,0x00,0x00,0xff,0x90,0x18,0x01,0x00,0x00,0x48,0x8b,0xd8,0x48,0x85,
0xc0,0x0f,0x88,0x73,0x01,0x00,0x00,0x48,0x8b,0x4d,0x38,0x4c,0x8d,0x87,0x18,0x01,
0x00,0x00,0x48,0x8b,0x05,0x87,0xc4,0x00,0x00,0x48,0x8d,0x15,0xb0,0xab,0x00,0x00,
0x4c,0x8b,0x4e,0x28,0x44,0x89,0x6c,0x24,0x28,0x48,0x89,0x4c,0x24,0x20,0xff,0x90,
0x18,0x01,0x00,0x00,0x48,0x8b,0xd8,0x48,0x85,0xc0,0x0f,0x88,0x3a,0x01,0x00,0x00,
0xb9,0x1b,0x00,0x00,0x00,0xe8,0xca,0x75,0x00,0x00,0x48,0x8b,0xd8,0x48,0x85,0xc0,
0x0f,0x84,0x24,0xff,0xff,0xff,0xc7,0x00,0x03,0x0c,0x1b,0x00,0x48,0x8b,0xd0,0xc6,
0x40,0x12,0x00,0x48,0x8b,0x8f,0x38,0x01,0x00,0x00,0xe8,0xf5,0x77,0x00,0x00,0x48,
0x8b,0x15,0x2a,0xc4,0x00,0x00,0x48,0x8b,0xcb,0x4c,0x8b,0xf8,0xff,0x52,0x48,0x4d,
0x85,0xff,0x0f,0x84,0xf2,0xfe,0xff,0xff,0xb9,0x04,0x00,0x00,0x00,0xe8,0x82,0x75,
0x00,0x00,0x48,0x8b,0xd8,0x48,0x85,0xc0,0x0f,0x84,0xdc,0xfe,0xff,0xff,0x48,0x8b,
0xd0,0xc7,0x00,0x03,0x18,0x04,0x00,0x49,0x8b,0xcf,0xe8,0xb5,0x77,0x00,0x00,0x48,
0x8b,0x4f,0x10,0x48,0x89,0x41,0x20,0x48,0x8b,0xcb,0x48,0x8b,0x05,0xdf,0xc3,0x00,
0x00,0xff,0x50,0x48,0x48,0x8b,0x05,0xd5,0xc3,0x00,0x00,0x49,0x8b,0xcf,0xff,0x50,
0x48,0x48,0x8b,0x4f,0x10,0x48,0x83,0x79,0x20,0x00,0x0f,0x84,0x9a,0xfe,0xff,0xff,
0x48,0x83,0xc1,0x18,0x48,0x8d,0x15,0xcd,0xae,0x00,0x00,0x41,0xbf,0x08,0x00,0x00,
0x00,0x48,0x3b,0xca,0x74,0x08,0x45,0x8b,0xc7,0xe8,0xa2,0xef,0xff,0xff,0x48,0x8b,
0x47,0x10,0x4c,0x8d,0x0d,0x57,0xaa,0x00,0x00,0x48,0x83,0x64,0x24,0x28,0x00,0x48,
0x8d,0x15,0xf2,0xa9,0x00,0x00,0x4c,0x8d,0x40,0x18,0x48,0x8d,0x48,0x08,0x48,0x8b,
0x40,0x20,0x48,0x89,0x44,0x24,0x20,0x48,0x8b,0x05,0x72,0xc3,0x00,0x00,0xff,0x90,
0x48,0x01,0x00,0x00,0x48,0x8b,0xd8,0x48,0x85,0xc0,0x78,0x3e,0x48,0x8b,0x47,0x10,
0x4c,0x8d,0x45,0x30,0x4c,0x8b,0x4e,0x28,0x48,0x8d,0x15,0xc9,0xad,0x00,0x00,0x48,
0x8b,0x4d,0x38,0x44,0x89,0x7c,0x24,0x28,0x48,0x8b,0x40,0x08,0x48,0x89,0x44,0x24,
0x20,0x48,0x8b,0x05,0x38,0xc3,0x00,0x00,0xff,0x90,0x18,0x01,0x00,0x00,0x48,0x8b,
0xd8,0x48,0x85,0xc0,0x0f,0x89,0xe6,0xfd,0xff,0xff,0x45,0x84,0xf6,0x74,0x1f,0x48,
0x8b,0x05,0x1a,0xc3,0x00,0x00,0x4c,0x8d,0x87,0x50,0x01,0x00,0x00,0x48,0x8b,0x4d,
0x38,0x48,0x8d,0x15,0x80,0xad,0x00,0x00,0xff,0x90,0x90,0x00,0x00,0x00,0x48,0x8b,
0xd7,0x48,0x8b,0xce,0xe8,0x97,0xf9,0xff,0xff,0x48,0x8b,0xcf,0xe8,0x07,0x2d,0x00,
0x00,0x45,0x84,0xf6,0x74,0x0d,0x48,0x8b,0x05,0xe3,0xc2,0x00,0x00,0x48,0x8b,0xcf,
0xff,0x50,0x48,0x48,0x8b,0xc3,0x48,0x8b,0x5c,0x24,0x70,0x48,0x8b,0x74,0x24,0x78,
0x48,0x83,0xc4,0x30,0x41,0x5f,0x41,0x5e,0x41,0x5d,0x5f,0x5d,0xc3,0xcc,0xcc,0xcc,
0x48,0x8b,0xc4,0x48,0x89,0x58,0x10,0x48,0x89,0x70,0x18,0x57,0x48,0x83,0xec,0x40,
0x4c,0x8b,0x49,0x28,0x4c,0x8d,0x40,0xe8,0xc7,0x40,0xe0,0x02,0x00,0x00,0x00,0x48,
0x8b,0xda,0x48,0x89,0x50,0xd8,0x48,0x8b,0xf1,0x48,0x8b,0x05,0x90,0xc2,0x00,0x00,
0x48,0x8d,0x15,0xf1,0xa8,0x00,0x00,0x48,0x8b,0xcb,0xff,0x90,0x18,0x01,0x00,0x00,
0x48,0x85,0xc0,0x79,0x58,0x48,0x8b,0xcb,0xe8,0x47,0x12,0x00,0x00,0x48,0x8b,0xf8,
0x48,0x85,0xc0,0x0f,0x84,0xc4,0x00,0x00,0x00,0x4c,0x8b,0x4e,0x28,0x4c,0x8d,0x44,
0x24,0x50,0x48,0x8b,0xc8,0xc7,0x44,0x24,0x28,0x02,0x00,0x00,0x00,0x48,0x8b,0x05,
0x4c,0xc2,0x00,0x00,0x48,0x8d,0x15,0xbd,0xac,0x00,0x00,0x48,0x89,0x5c,0x24,0x20,
0xff,0x90,0x18,0x01,0x00,0x00,0x48,0x85,0xc0,0x0f,0x88,0x90,0x00,0x00,0x00,0x48,
0x8b,0x5c,0x24,0x50,0x48,0x81,0xc3,0xb0,0xfe,0xff,0xff,0xeb,0x10,0x48,0x8b,0x5c,
0x24,0x30,0x48,0x81,0xc3,0xc0,0xfe,0xff,0xff,0x48,0x8b,0x7b,0x08,0x48,0x8b,0xcb,
0xe8,0x93,0x0c,0x00,0x00,0x48,0x85,0xc0,0x74,0x0f,0x48,0xb9,0x13,0x00,0x00,0x00,
0x00,0x00,0x00,0x80,0x48,0x3b,0xc1,0x75,0x56,0x48,0x8b,0xd3,0x48,0x8b,0xce,0xe8,
0x8c,0xf8,0xff,0xff,0x48,0x83,0x7b,0x10,0x00,0x75,0x42,0x48,0x83,0x7b,0x18,0x00,
0x75,0x3b,0x48,0x8b,0xcb,0xe8,0x02,0x38,0x00,0x00,0x48,0x8b,0xcb,0xe8,0xe6,0x2b,
0x00,0x00,0x48,0x8b,0x05,0xc7,0xc1,0x00,0x00,0x4c,0x8d,0x83,0x50,0x01,0x00,0x00,
0x48,0x8d,0x15,0x31,0xac,0x00,0x00,0x48,0x8b,0xcf,0xff,0x90,0x90,0x00,0x00,0x00,
0x48,0x8b,0x05,0xa9,0xc1,0x00,0x00,0x48,0x8b,0xcb,0xff,0x50,0x48,0x33,0xc0,0x48,
0x8b,0x5c,0x24,0x58,0x48,0x8b,0x74,0x24,0x60,0x48,0x83,0xc4,0x40,0x5f,0xc3,0xcc,
0x48,0x89,0x5c,0x24,0x08,0x57,0x48,0x83,0xec,0x30,0x4c,0x8b,0x49,0x28,0x48,0x8b,
0xda,0x48,0x8b,0x05,0x78,0xc1,0x00,0x00,0x48,0x8b,0xf9,0xc7,0x44,0x24,0x28,0x04,
0x00,0x00,0x00,0x45,0x33,0xc0,0x48,0x89,0x54,0x24,0x20,0x48,0x8b,0xcb,0x48,0x8d,
0x15,0x43,0xa7,0x00,0x00,0xff,0x90,0x18,0x01,0x00,0x00,0x48,0x85,0xc0,0x78,0x5b,
0x48,0x8b,0x05,0x49,0xc1,0x00,0x00,0x48,0x8d,0x15,0x0a,0xab,0x00,0x00,0x4c,0x8b,
0x4f,0x28,0x45,0x33,0xc0,0xc7,0x44,0x24,0x28,0x04,0x00,0x00,0x00,0x48,0x8b,0xcb,
0x48,0x89,0x5c,0x24,0x20,0xff,0x90,0x18,0x01,0x00,0x00,0x48,0x85,0xc0,0x78,0x2b,
0x48,0x8b,0x05,0x19,0xc1,0x00,0x00,0x48,0x8d,0x15,0xd2,0xa7,0x00,0x00,0x4c,0x8b,
0x4f,0x28,0x45,0x33,0xc0,0xc7,0x44,0x24,0x28,0x04,0x00,0x00,0x00,0x48,0x8b,0xcb,
0x48,0x89,0x5c,0x24,0x20,0xff,0x90,0x18,0x01,0x00,0x00,0x48,0x8b,0x5c,0x24,0x40,
0x48,0x83,0xc4,0x30,0x5f,0xc3,0xcc,0xcc,0x48,0x89,0x54,0x24,0x10,0x55,0x53,0x56,
0x57,0x41,0x55,0x41,0x56,0x41,0x57,0x48,0x8b,0xec,0x48,0x83,0xec,0x30,0x4c,0x8b,
0x49,0x28,0x4c,0x8d,0x45,0x58,0x48,0x8b,0xc2,0x48,0x8b,0xf1,0x48,0x8b,0xc8,0x41,
0xbd,0x02,0x00,0x00,0x00,0x48,0x8b,0x05,0xb4,0xc0,0x00,0x00,0x45,0x32,0xff,0x44,
0x89,0x6c,0x24,0x28,0x48,0x89,0x54,0x24,0x20,0x48,0x8d,0x15,0x18,0xab,0x00,0x00,
0xff,0x90,0x18,0x01,0x00,0x00,0x45,0x8d,0x75,0xff,0x48,0x85,0xc0,0x78,0x10,0x48,
0x8b,0x7d,0x58,0x48,0x81,0xc7,0xb0,0xfe,0xff,0xff,0xe9,0xf4,0x00,0x00,0x00,0xb9,
0x18,0x68,0x00,0x00,0x45,0x8a,0xfe,0xe8,0xe8,0x71,0x00,0x00,0x48,0x8b,0xf8,0x48,
0x85,0xc0,0x75,0x0f,0x48,0xb8,0x09,0x00,0x00,0x00,0x00,0x00,0x00,0x80,0xe9,0xdb,
0x03,0x00,0x00,0xc7,0x00,0x48,0x42,0x50,0x44,0x48,0x8d,0x9f,0x08,0x01,0x00,0x00,
0x48,0x8b,0x45,0x48,0x48,0x8d,0x15,0xe5,0xa6,0x00,0x00,0x48,0x89,0x47,0x08,0x4c,
0x8b,0xc3,0x48,0x8d,0x87,0xd8,0x04,0x00,0x00,0x44,0x89,0x6c,0x24,0x28,0x48,0x89,
0x00,0x48,0x89,0x40,0x08,0x48,0x8b,0x4d,0x48,0x48,0x8b,0x05,0x20,0xc0,0x00,0x00,
0x4c,0x8b,0x4e,0x28,0x48,0x89,0x4c,0x24,0x20,0xff,0x90,0x18,0x01,0x00,0x00,0x48,
0x85,0xc0,0x79,0x04,0x48,0x83,0x23,0x00,0x48,0x8b,0x4d,0x48,0x4c,0x8d,0x87,0x38,
0x01,0x00,0x00,0x48,0x8b,0x05,0xf6,0xbf,0x00,0x00,0x48,0x8d,0x15,0xaf,0xa6,0x00,
0x00,0x4c,0x8b,0x4e,0x28,0x44,0x89,0x6c,0x24,0x28,0x48,0x89,0x4c,0x24,0x20,0xff,
0x90,0x18,0x01,0x00,0x00,0x48,0x8b,0xd8,0x48,0x85,0xc0,0x0f,0x88,0x06,0x03,0x00,
0x00,0x48,0x8b,0xcf,0xe8,0x0f,0x28,0x00,0x00,0x48,0x8b,0xd8,0x48,0x85,0xc0,0x0f,
0x88,0xf2,0x02,0x00,0x00,0x48,0x8b,0x05,0xb4,0xbf,0x00,0x00,0x4c,0x8d,0x8f,0x50,
0x01,0x00,0x00,0x45,0x33,0xc0,0x48,0x8d,0x15,0x1b,0xaa,0x00,0x00,0x48,0x8d,0x4d,
0x48,0xff,0x90,0x80,0x00,0x00,0x00,0x48,0x8b,0xd8,0x48,0x85,0xc0,0x0f,0x88,0xc4,
0x02,0x00,0x00,0x48,0x8b,0x87,0x08,0x01,0x00,0x00,0x48,0x85,0xc0,0x74,0x05,0x8a,
0x48,0x23,0xeb,0x17,0x48,0x8d,0x55,0x40,0x48,0x8b,0xcf,0xe8,0xe4,0xf4,0xff,0xff,
0x0f,0xb6,0x4d,0x40,0x48,0x85,0xc0,0x41,0x0f,0x48,0xce,0x84,0xc9,0x75,0x0f,0x48,
0xbb,0x03,0x00,0x00,0x00,0x00,0x00,0x00,0x80,0xe9,0x84,0x02,0x00,0x00,0x48,0x83,
0x7f,0x18,0x00,0x74,0x07,0x33,0xc0,0xe9,0xc2,0x02,0x00,0x00,0xb9,0x30,0x00,0x00,
0x00,0xe8,0xae,0x70,0x00,0x00,0x48,0x89,0x47,0x18,0x48,0x85,0xc0,0x75,0x0f,0x48,
0xbb,0x09,0x00,0x00,0x00,0x00,0x00,0x00,0x80,0xe9,0x54,0x02,0x00,0x00,0x48,0x89,
0x78,0x28,0x4c,0x8d,0x4f,0x30,0x48,0x8b,0x4f,0x18,0x4c,0x8d,0x05,0xf7,0xa4,0x00,
0x00,0x48,0x8b,0x46,0x28,0x48,0x89,0x41,0x10,0x48,0x8b,0x47,0x18,0xc7,0x00,0x48,
0x42,0x56,0x4e,0x48,0x8b,0x56,0x28,0x48,0x8b,0x4d,0x48,0xe8,0x80,0x7d,0x00,0x00,
0x48,0x8b,0xd8,0x48,0x85,0xc0,0x0f,0x88,0x16,0x02,0x00,0x00,0x48,0x8b,0x45,0x48,
0x4c,0x8d,0x87,0x30,0x01,0x00,0x00,0x4c,0x8b,0x4e,0x28,0x48,0x8d,0x15,0x46,0xa5,
0x00,0x00,0x48,0x8b,0x4f,0x30,0x41,0xbd,0x10,0x00,0x00,0x00,0x44,0x89,0x6c,0x24,
0x28,0x48,0x89,0x44,0x24,0x20,0x48,0x8b,0x05,0xb3,0xbe,0x00,0x00,0xff,0x90,0x18,
0x01,0x00,0x00,0x48,0x8b,0xd8,0x48,0x85,0xc0,0x0f,0x88,0xd3,0x01,0x00,0x00,0x48,
0x8b,0x56,0x28,0x4c,0x8d,0x4f,0x20,0x48,0x8b,0x4d,0x48,0x4c,0x8d,0x05,0x0e,0xa6,
0x00,0x00,0xe8,0x19,0x7d,0x00,0x00,0x48,0x8b,0xd8,0x48,0x85,0xc0,0x0f,0x88,0xaf,
0x01,0x00,0x00,0x48,0x8b,0x45,0x48,0x4c,0x8d,0x87,0x10,0x01,0x00,0x00,0x4c,0x8b,
0x4e,0x28,0x48,0x8d,0x15,0x7f,0xa8,0x00,0x00,0x48,0x8b,0x4f,0x20,0x44,0x89,0x6c,
0x24,0x28,0x48,0x89,0x44,0x24,0x20,0x48,0x8b,0x05,0x52,0xbe,0x00,0x00,0xff,0x90,
0x18,0x01,0x00,0x00,0x48,0x8b,0xd8,0x48,0x85,0xc0,0x0f,0x88,0x72,0x01,0x00,0x00,
0x48,0x8b,0x4d,0x48,0x4c,0x8d,0x87,0x20,0x01,0x00,0x00,0x48,0x8b,0x05,0x2e,0xbe,
0x00,0x00,0x48,0x8d,0x15,0x07,0xa5,0x00,0x00,0x4c,0x8b,0x4e,0x28,0xc7,0x44,0x24,
0x28,0x02,0x00,0x00,0x00,0x48,0x89,0x4c,0x24,0x20,0xff,0x90,0x18,0x01,0x00,0x00,
0x48,0x8b,0xd8,0x48,0x85,0xc0,0x0f,0x88,0x36,0x01,0x00,0x00,0x41,0x8d,0x4d,0x2c,
0xe8,0x6f,0x6f,0x00,0x00,0x48,0x8b,0xd8,0x48,0x85,0xc0,0x0f,0x84,0xbe,0xfe,0xff,
0xff,0xc7,0x00,0x03,0x0d,0x3c,0x00,0x48,0x8b,0xd0,0xc6,0x40,0x2b,0x40,0x48,0x8b,
0x8f,0x38,0x01,0x00,0x00,0xe8,0x9a,0x71,0x00,0x00,0x48,0x8b,0x15,0xcf,0xbd,0x00,
0x00,0x48,0x8b,0xcb,0x4c,0x8b,0xf0,0xff,0x52,0x48,0x4d,0x85,0xf6,0x0f,0x84,0x8c,
0xfe,0xff,0xff,0x41,0x8d,0x4d,0xf4,0xe8,0x28,0x6f,0x00,0x00,0x48,0x8b,0xd8,0x48,
0x85,0xc0,0x0f,0x84,0x77,0xfe,0xff,0xff,0x48,0x8b,0xd0,0xc7,0x00,0x03,0x18,0x04,
0x00,0x49,0x8b,0xce,0xe8,0x5b,0x71,0x00,0x00,0x48,0x8b,0x4f,0x18,0x48,0x89,0x41,
0x20,0x48,0x8b,0xcb,0x48,0x8b,0x05,0x85,0xbd,0x00,0x00,0xff,0x50,0x48,0x48,0x8b,
0x05,0x7b,0xbd,0x00,0x00,0x49,0x8b,0xce,0xff,0x50,0x48,0x48,0x8b,0x4f,0x18,0x48,
0x83,0x79,0x20,0x00,0x0f,0x84,0x35,0xfe,0xff,0xff,0x48,0x83,0xc1,0x18,0x48,0x8d,
0x15,0x73,0xa8,0x00,0x00,0x45,0x8d,0x75,0xf8,0x48,0x3b,0xca,0x74,0x08,0x45,0x8b,
0xc6,0xe8,0x4a,0xe9,0xff,0xff,0x48,0x8b,0x47,0x18,0x4c,0x8d,0x0d,0xff,0xa3,0x00,
0x00,0x48,0x83,0x64,0x24,0x28,0x00,0x48,0x8d,0x15,0x9a,0xa3,0x00,0x00,0x4c,0x8d,
0x40,0x18,0x48,0x8d,0x48,0x08,0x48,0x8b,0x40,0x20,0x48,0x89,0x44,0x24,0x20,0x48,
0x8b,0x05,0x1a,0xbd,0x00,0x00,0xff,0x90,0x48,0x01,0x00,0x00,0x48,0x8b,0xd8,0x48,
0x85,0xc0,0x78,0x3e,0x48,0x8b,0x47,0x18,0x4c,0x8d,0x45,0x58,0x4c,0x8b,0x4e,0x28,
0x48,0x8d,0x15,0x71,0xa7,0x00,0x00,0x48,0x8b,0x4d,0x48,0x44,0x89,0x74,0x24,0x28,
0x48,0x8b,0x40,0x08,0x48,0x89,0x44,0x24,0x20,0x48,0x8b,0x05,0xe0,0xbc,0x00,0x00,
0xff,0x90,0x18,0x01,0x00,0x00,0x48,0x8b,0xd8,0x48,0x85,0xc0,0x0f,0x89,0x83,0xfd,
0xff,0xff,0x45,0x84,0xff,0x74,0x1f,0x48,0x8b,0x05,0xc2,0xbc,0x00,0x00,0x4c,0x8d,
0x87,0x50,0x01,0x00,0x00,0x48,0x8b,0x4d,0x48,0x48,0x8d,0x15,0x28,0xa7,0x00,0x00,
0xff,0x90,0x90,0x00,0x00,0x00,0x48,0x8b,0xd7,0x48,0x8b,0xce,0xe8,0x2b,0xf4,0xff,
0xff,0x48,0x8b,0xcf,0xe8,0xaf,0x26,0x00,0x00,0x45,0x84,0xff,0x74,0x0d,0x48,0x8b,
0x05,0x8b,0xbc,0x00,0x00,0x48,0x8b,0xcf,0xff,0x50,0x48,0x48,0x8b,0xc3,0x48,0x83,
0xc4,0x30,0x41,0x5f,0x41,0x5e,0x41,0x5d,0x5f,0x5e,0x5b,0x5d,0xc3,0xcc,0xcc,0xcc,
0x48,0x8b,0xc4,0x48,0x89,0x58,0x10,0x48,0x89,0x70,0x18,0x57,0x48,0x83,0xec,0x40,
0x4c,0x8b,0x49,0x28,0x4c,0x8d,0x40,0xe8,0xc7,0x40,0xe0,0x02,0x00,0x00,0x00,0x48,
0x8b,0xda,0x48,0x89,0x50,0xd8,0x48,0x8b,0xf1,0x48,0x8b,0x05,0x40,0xbc,0x00,0x00,
0x48,0x8d,0x15,0xa1,0xa2,0x00,0x00,0x48,0x8b,0xcb,0xff,0x90,0x18,0x01,0x00,0x00,
0x48,0x85,0xc0,0x79,0x58,0x48,0x8b,0xcb,0xe8,0x7b,0x0c,0x00,0x00,0x48,0x8b,0xf8,
0x48,0x85,0xc0,0x0f,0x84,0xc4,0x00,0x00,0x00,0x4c,0x8b,0x4e,0x28,0x4c,0x8d,0x44,
0x24,0x50,0x48,0x8b,0xc8,0xc7,0x44,0x24,0x28,0x02,0x00,0x00,0x00,0x48,0x8b,0x05,
0xfc,0xbb,0x00,0x00,0x48,0x8d,0x15,0x6d,0xa6,0x00,0x00,0x48,0x89,0x5c,0x24,0x20,
0xff,0x90,0x18,0x01,0x00,0x00,0x48,0x85,0xc0,0x0f,0x88,0x90,0x00,0x00,0x00,0x48,
0x8b,0x5c,0x24,0x50,0x48,0x81,0xc3,0xb0,0xfe,0xff,0xff,0xeb,0x10,0x48,0x8b,0x5c,
0x24,0x30,0x48,0x81,0xc3,0xc0,0xfe,0xff,0xff,0x48,0x8b,0x7b,0x08,0x48,0x8b,0xcb,
0xe8,0x43,0x06,0x00,0x00,0x48,0x85,0xc0,0x74,0x0f,0x48,0xb9,0x13,0x00,0x00,0x00,
0x00,0x00,0x00,0x80,0x48,0x3b,0xc1,0x75,0x56,0x48,0x8b,0xd3,0x48,0x8b,0xce,0xe8,
0x28,0xf3,0xff,0xff,0x48,0x83,0x7b,0x10,0x00,0x75,0x42,0x48,0x83,0x7b,0x18,0x00,
0x75,0x3b,0x48,0x8b,0xcb,0xe8,0xb2,0x31,0x00,0x00,0x48,0x8b,0xcb,0xe8,0x96,0x25,
0x00,0x00,0x48,0x8b,0x05,0x77,0xbb,0x00,0x00,0x4c,0x8d,0x83,0x50,0x01,0x00,0x00,
0x48,0x8d,0x15,0xe1,0xa5,0x00,0x00,0x48,0x8b,0xcf,0xff,0x90,0x90,0x00,0x00,0x00,
0x48,0x8b,0x05,0x59,0xbb,0x00,0x00,0x48,0x8b,0xcb,0xff,0x50,0x48,0x33,0xc0,0x48,
0x8b,0x5c,0x24,0x58,0x48,0x8b,0x74,0x24,0x60,0x48,0x83,0xc4,0x40,0x5f,0xc3,0xcc,
0x48,0x89,0x5c,0x24,0x10,0x57,0x48,0x83,0xec,0x20,0x80,0xb9,0x50,0x04,0x00,0x00,
0x00,0x48,0x8b,0xd9,0x75,0x06,0x48,0x8b,0x41,0x10,0xeb,0x04,0x48,0x8b,0x41,0x18,
0x48,0x8b,0x48,0x08,0x48,0x8d,0xbb,0x58,0x01,0x00,0x00,0x48,0x8b,0x05,0x0e,0xbb,
0x00,0x00,0x48,0x8d,0x15,0x2f,0xa5,0x00,0x00,0x4c,0x8b,0xc7,0x48,0x89,0x4c,0x24,
0x30,0xff,0x90,0x98,0x00,0x00,0x00,0x48,0xb9,0x03,0x00,0x00,0x00,0x00,0x00,0x00,
0x80,0x48,0x3b,0xc1,0x75,0x48,0x48,0x81,0xc3,0x60,0x01,0x00,0x00,0x48,0x8d,0x15,
0xfc,0xa5,0x00,0x00,0x48,0x3b,0xda,0x74,0x0e,0x41,0xb8,0x08,0x00,0x00,0x00,0x48,
0x8b,0xcb,0xe8,0xc9,0xe6,0xff,0xff,0x48,0x8b,0x05,0xc2,0xba,0x00,0x00,0x48,0x8d,
0x15,0xe3,0xa4,0x00,0x00,0x4c,0x8b,0xcb,0x48,0x8d,0x4c,0x24,0x30,0x45,0x33,0xc0,
0xff,0x90,0x80,0x00,0x00,0x00,0x48,0x85,0xc0,0x78,0x05,0x48,0x89,0x1f,0x33,0xc0,
0x48,0x8b,0x5c,0x24,0x38,0x48,0x83,0xc4,0x20,0x5f,0xc3,0xcc,0x48,0x89,0x5c,0x24,
0x10,0x55,0x56,0x57,0x48,0x83,0xec,0x20,0x49,0x8b,0xf0,0x40,0x8a,0xea,0x48,0x8b,
0xf9,0x48,0x85,0xc9,0x0f,0x84,0x56,0x02,0x00,0x00,0x4d,0x85,0xc0,0x0f,0x84,0x4d,
0x02,0x00,0x00,0x33,0xdb,0x80,0x3e,0x7f,0x75,0x06,0x80,0x7e,0x01,0xff,0x74,0x57,
0x80,0x3e,0x03,0x75,0x49,0x80,0x7e,0x01,0x18,0x75,0x43,0x0f,0xb7,0x56,0x02,0x48,
0x83,0xea,0x04,0x74,0x42,0x48,0xff,0xc2,0xe8,0x7f,0x6b,0x00,0x00,0x48,0x8b,0xd8,
0x48,0x85,0xc0,0x0f,0x84,0x17,0x02,0x00,0x00,0x44,0x0f,0xb7,0x46,0x02,0x48,0x8d,
0x56,0x04,0x49,0x83,0xe8,0x04,0x74,0x0d,0x48,0x3b,0xc2,0x74,0x08,0x48,0x8b,0xc8,
0xe8,0x1b,0xe6,0xff,0xff,0x0f,0xb7,0x46,0x02,0xc6,0x44,0x18,0xfc,0x00,0x0f,0xb7,
0x46,0x02,0x48,0x03,0xf0,0xeb,0x9e,0x80,0xbf,0x51,0x04,0x00,0x00,0x00,0x74,0x7a,
0x40,0x3a,0xaf,0x50,0x04,0x00,0x00,0x75,0x47,0x48,0x85,0xdb,0x74,0x33,0x48,0x8b,
0x87,0xa8,0x04,0x00,0x00,0x48,0x8b,0xd3,0xeb,0x0a,0x3a,0x0a,0x75,0x0c,0x48,0xff,
0xc0,0x48,0xff,0xc2,0x8a,0x08,0x84,0xc9,0x75,0xf0,0x0f,0xbe,0x12,0x0f,0xbe,0x00,
0x3b,0xc2,0x75,0x1c,0x48,0x8b,0x05,0xc5,0xb9,0x00,0x00,0x48,0x8b,0xcb,0xff,0x50,
0x48,0x48,0xb8,0x14,0x00,0x00,0x00,0x00,0x00,0x00,0x80,0xe9,0x9a,0x01,0x00,0x00,
0x48,0x8b,0xcf,0xe8,0x30,0x04,0x00,0x00,0x48,0x8b,0xf0,0x48,0x85,0xc0,0x79,0x1a,
0x48,0x85,0xdb,0x74,0x0d,0x48,0x8b,0x15,0x94,0xb9,0x00,0x00,0x48,0x8b,0xcb,0xff,
0x52,0x48,0x48,0x8b,0xc6,0xe9,0x70,0x01,0x00,0x00,0x40,0x84,0xed,0x74,0x14,0x48,
0x83,0x7f,0x18,0x00,0x0f,0x84,0x38,0x01,0x00,0x00,0xc6,0x87,0x50,0x04,0x00,0x00,
0x01,0xeb,0x12,0x48,0x83,0x7f,0x10,0x00,0x0f,0x84,0x24,0x01,0x00,0x00,0xc6,0x87,
0x50,0x04,0x00,0x00,0x00,0x48,0x89,0x9f,0xc8,0x04,0x00,0x00,0x48,0x85,0xdb,0x74,
0x41,0x33,0xc0,0x38,0x03,0x74,0x09,0x48,0xff,0xc0,0x80,0x3c,0x18,0x00,0x75,0xf7,
0x4c,0x8d,0x8f,0xd0,0x04,0x00,0x00,0x8b,0xd0,0x48,0x8b,0xcb,0xe8,0x5b,0x8c,0x00,
0x00,0x48,0x8b,0xd8,0x48,0x85,0xc0,0x79,0x19,0x48,0x8b,0x15,0x20,0xb9,0x00,0x00,
0x48,0x8b,0x8f,0xc8,0x04,0x00,0x00,0xff,0x52,0x48,0x48,0x8b,0xc3,0xe9,0xf8,0x00,
0x00,0x00,0x48,0x8d,0x9f,0xf0,0x04,0x00,0x00,0xba,0x00,0x61,0x00,0x00,0x48,0x8b,
0xcb,0xe8,0x3a,0xe5,0xff,0xff,0x80,0xbf,0x50,0x04,0x00,0x00,0x00,0xb8,0x10,0x00,
0x00,0x00,0x75,0x15,0xc7,0x03,0xc8,0x05,0x00,0x00,0x48,0x8d,0x9b,0x10,0x06,0x00,
0x00,0x48,0x83,0xe8,0x01,0x75,0xed,0xeb,0x13,0xc7,0x03,0xc8,0x05,0x00,0x00,0x48,
0x8d,0x9b,0x10,0x06,0x00,0x00,0x48,0x83,0xe8,0x01,0x75,0xed,0x80,0xbf,0x50,0x04,
0x00,0x00,0x00,0xbe,0x02,0x00,0x00,0x00,0x74,0x52,0x48,0x8b,0x9f,0x20,0x01,0x00,
0x00,0x4c,0x8d,0x4c,0x24,0x40,0x4c,0x8d,0x44,0x24,0x58,0x48,0xc7,0x44,0x24,0x58,
0x04,0x00,0x00,0x00,0x8b,0xd6,0x48,0x8b,0xcb,0xff,0x53,0x08,0x48,0x85,0xc0,0x78,
0x79,0x83,0x7c,0x24,0x40,0x00,0x75,0x1d,0x4c,0x8d,0x4c,0x24,0x40,0xc7,0x44,0x24,
0x40,0x01,0x00,0x00,0x00,0x44,0x8d,0x46,0x02,0x8b,0xd6,0x48,0x8b,0xcb,0xff,0x13,
0x48,0x85,0xc0,0x78,0x55,0x33,0xc0,0x48,0x85,0xc0,0x78,0x4e,0x8a,0x87,0x50,0x04,
0x00,0x00,0x48,0x8d,0x0d,0x57,0xa5,0x00,0x00,0xf6,0xd8,0xc6,0x87,0x51,0x04,0x00,
0x00,0x01,0x1b,0xd2,0x23,0xd6,0x83,0xc2,0x04,0xe8,0x82,0x71,0x00,0x00,0x33,0xc0,
0xeb,0x28,0x48,0x85,0xdb,0x74,0x0d,0x48,0x8b,0x05,0x32,0xb8,0x00,0x00,0x48,0x8b,
0xcb,0xff,0x50,0x48,0x48,0xb8,0x03,0x00,0x00,0x00,0x00,0x00,0x00,0x80,0xeb,0x0a,
0x48,0xb8,0x02,0x00,0x00,0x00,0x00,0x00,0x00,0x80,0x48,0x8b,0x5c,0x24,0x48,0x48,
0x83,0xc4,0x20,0x5f,0x5e,0x5d,0xc3,0xcc,0x48,0x8b,0xc4,0x48,0x89,0x58,0x08,0x48,
0x89,0x68,0x10,0x48,0x89,0x70,0x18,0x48,0x89,0x78,0x20,0x41,0x55,0x41,0x56,0x41,
0x57,0x48,0x83,0xec,0x30,0x4d,0x8b,0xf9,0x49,0x8b,0xe8,0x4c,0x8b,0xf2,0x48,0x8b,
0xf9,0x4d,0x85,0xc9,0x0f,0x84,0x34,0x02,0x00,0x00,0x48,0x85,0xd2,0x0f,0x84,0x2b,
0x02,0x00,0x00,0x48,0x83,0x3a,0x00,0x74,0x09,0x4d,0x85,0xc0,0x0f,0x84,0x1c,0x02,
0x00,0x00,0x80,0xb9,0x51,0x04,0x00,0x00,0x00,0x75,0x0f,0x48,0xb8,0x13,0x00,0x00,
0x00,0x00,0x00,0x00,0x80,0xe9,0x0e,0x02,0x00,0x00,0xe8,0x61,0xfc,0xff,0xff,0x48,
0x8b,0xd8,0x49,0xbd,0x05,0x00,0x00,0x00,0x00,0x00,0x00,0x80,0x48,0x85,0xc0,0x0f,
0x88,0x14,0x01,0x00,0x00,0x48,0x83,0xbf,0xa8,0x04,0x00,0x00,0x00,0x75,0x63,0x80,
0xbf,0x51,0x04,0x00,0x00,0x00,0x75,0x0c,0x48,0xb8,0x13,0x00,0x00,0x00,0x00,0x00,
0x00,0x80,0xeb,0x35,0x80,0xbf,0x50,0x04,0x00,0x00,0x00,0x48,0x8b,0xcf,0x75,0x07,
0xe8,0x57,0x3f,0x00,0x00,0xeb,0x05,0xe8,0x24,0x4d,0x00,0x00,0x48,0x85,0xc0,0x78,
0x18,0x80,0xbf,0x50,0x04,0x00,0x00,0x00,0x48,0x8b,0xcf,0x75,0x07,0xe8,0x6e,0x25,
0x00,0x00,0xeb,0x05,0xe8,0x7b,0x27,0x00,0x00,0x48,0x8b,0xd8,0x48,0x85,0xc0,0x79,
0x11,0x48,0x8d,0x0d,0x68,0xa4,0x00,0x00,0xe8,0x17,0x71,0x00,0x00,0xe9,0xa7,0x00,
0x00,0x00,0x80,0xbf,0x00,0x01,0x00,0x00,0x00,0x75,0x14,0x48,0x8b,0xcf,0xe8,0x25,
0x2b,0x00,0x00,0x48,0x8b,0xd8,0x48,0x85,0xc0,0x0f,0x88,0x8a,0x00,0x00,0x00,0x48,
0x8d,0xb7,0xb8,0x04,0x00,0x00,0x48,0x83,0x3e,0x00,0x75,0x4c,0x48,0x8d,0x9f,0xc4,
0x04,0x00,0x00,0x45,0x33,0xc9,0x4c,0x8b,0xc6,0x48,0x89,0x5c,0x24,0x20,0xb2,0x01,
0x48,0x8b,0xcf,0xe8,0x9c,0x2f,0x00,0x00,0x48,0x85,0xc0,0x79,0x2b,0x49,0x3b,0xc5,
0x74,0x26,0x45,0x33,0xc9,0x48,0x89,0x5c,0x24,0x20,0x4c,0x8b,0xc6,0x33,0xd2,0x48,
0x8b,0xcf,0xe8,0x7d,0x2f,0x00,0x00,0x48,0x8b,0xd8,0x48,0x85,0xc0,0x79,0x09,0x49,
0x3b,0xc5,0x0f,0x85,0x79,0xff,0xff,0xff,0x48,0x8b,0x06,0x49,0x39,0x06,0x73,0x11,
0x49,0x89,0x06,0x49,0x8b,0xdd,0x8b,0x87,0xc4,0x04,0x00,0x00,0x41,0x89,0x07,0xeb,
0x18,0x4c,0x8b,0xcd,0x4c,0x89,0x7c,0x24,0x20,0x4d,0x8b,0xc6,0x33,0xd2,0x48,0x8b,
0xcf,0xe8,0x3e,0x2f,0x00,0x00,0x48,0x8b,0xd8,0x48,0x8d,0xb7,0x58,0x01,0x00,0x00,
0x48,0x8d,0x87,0x60,0x01,0x00,0x00,0x48,0x39,0x06,0x75,0x1f,0x48,0x8b,0x05,0x5d,
0xb6,0x00,0x00,0x48,0x8d,0x15,0x7e,0xa0,0x00,0x00,0x48,0x8b,0x4f,0x08,0x4c,0x8b,
0xc6,0xff,0x90,0x90,0x00,0x00,0x00,0x48,0x83,0x26,0x00,0x48,0x85,0xdb,0x0f,0x89,
0x95,0x00,0x00,0x00,0x48,0xb8,0x0f,0x00,0x00,0x00,0x00,0x00,0x00,0x80,0x48,0x3b,
0xd8,0x75,0x09,0x48,0x8d,0x0d,0xa6,0xa3,0x00,0x00,0xeb,0x78,0x49,0x3b,0xdd,0x75,
0x0e,0x48,0x85,0xed,0x74,0x73,0x48,0x8d,0x0d,0xd3,0xa3,0x00,0x00,0xeb,0x65,0x48,
0xb8,0x09,0x00,0x00,0x00,0x00,0x00,0x00,0x80,0x48,0x3b,0xd8,0x75,0x09,0x48,0x8d,
0x0d,0xfb,0xa3,0x00,0x00,0xeb,0x4d,0x48,0xb8,0x07,0x00,0x00,0x00,0x00,0x00,0x00,
0x80,0x48,0x3b,0xd8,0x75,0x09,0x48,0x8d,0x0d,0x13,0xa4,0x00,0x00,0xeb,0x35,0x48,
0xb8,0x12,0x00,0x00,0x00,0x00,0x00,0x00,0x80,0x48,0x3b,0xd8,0x75,0x09,0x48,0x8d,
0x0d,0x23,0xa4,0x00,0x00,0xeb,0x1d,0x48,0xb8,0x15,0x00,0x00,0x00,0x00,0x00,0x00,
0x80,0x48,0x8d,0x0d,0x38,0xa4,0x00,0x00,0x48,0x3b,0xd8,0x74,0x07,0x48,0x8d,0x0d,
0x54,0xa4,0x00,0x00,0xe8,0x9b,0x6f,0x00,0x00,0x48,0x8b,0xc3,0xeb,0x0a,0x48,0xb8,
0x02,0x00,0x00,0x00,0x00,0x00,0x00,0x80,0x48,0x8b,0x5c,0x24,0x50,0x48,0x8b,0x6c,
0x24,0x58,0x48,0x8b,0x74,0x24,0x60,0x48,0x8b,0x7c,0x24,0x68,0x48,0x83,0xc4,0x30,
0x41,0x5f,0x41,0x5e,0x41,0x5d,0xc3,0xcc,0x48,0x89,0x5c,0x24,0x08,0x48,0x89,0x6c,
0x24,0x10,0x48,0x89,0x74,0x24,0x18,0x57,0x48,0x83,0xec,0x20,0x33,0xed,0x48,0x8b,
0xd9,0x48,0x85,0xc9,0x75,0x0f,0x48,0xb8,0x02,0x00,0x00,0x00,0x00,0x00,0x00,0x80,
0xe9,0xb7,0x01,0x00,0x00,0x40,0x38,0xa9,0x51,0x04,0x00,0x00,0x75,0x0f,0x48,0xb8,
0x13,0x00,0x00,0x00,0x00,0x00,0x00,0x80,0xe9,0x9f,0x01,0x00,0x00,0x40,0x38,0xa9,
0x00,0x01,0x00,0x00,0x74,0x10,0x48,0x83,0xc1,0x38,0xe8,0x01,0x10,0x00,0x00,0x40,
0x88,0xab,0x00,0x01,0x00,0x00,0xbf,0x10,0x00,0x00,0x00,0x40,0x88,0xab,0x51,0x04,
0x00,0x00,0x8b,0xd7,0x48,0x8d,0x8b,0x54,0x04,0x00,0x00,0xe8,0x40,0xe1,0xff,0xff,
0x48,0x8d,0x8b,0x64,0x04,0x00,0x00,0x8b,0xd7,0xe8,0x32,0xe1,0xff,0xff,0x48,0x8d,
0x8b,0x74,0x04,0x00,0x00,0x8b,0xd7,0xe8,0x24,0xe1,0xff,0xff,0x66,0x89,0xab,0x94,
0x04,0x00,0x00,0x48,0x89,0xab,0xa8,0x04,0x00,0x00,0x48,0x89,0xab,0xb0,0x04,0x00,
0x00,0x48,0x89,0xab,0xb8,0x04,0x00,0x00,0x89,0xab,0xe8,0x04,0x00,0x00,0xc7,0x83,
0xec,0x04,0x00,0x00,0x08,0x00,0x00,0x00,0x40,0x38,0xab,0x50,0x04,0x00,0x00,0x75,
0x44,0x48,0x8b,0x83,0x28,0x01,0x00,0x00,0x48,0x8b,0xc8,0xff,0x50,0x28,0x48,0x8b,
0x83,0x28,0x01,0x00,0x00,0x33,0xd2,0x48,0x8b,0xc8,0xff,0x50,0x08,0x48,0x8d,0xb3,
0xc0,0x0a,0x00,0x00,0x48,0x8b,0x0e,0x48,0x85,0xc9,0x74,0x0a,0x48,0x8b,0x05,0x7d,
0xb4,0x00,0x00,0xff,0x50,0x48,0x48,0x81,0xc6,0x10,0x06,0x00,0x00,0x48,0x83,0xef,
0x01,0x75,0xe1,0xeb,0x42,0x48,0x8b,0x83,0x30,0x01,0x00,0x00,0x48,0x8b,0xc8,0xff,
0x50,0x38,0x48,0x8b,0x83,0x30,0x01,0x00,0x00,0x33,0xd2,0x48,0x8b,0xc8,0xff,0x50,
0x08,0x48,0x8d,0xb3,0xe8,0x0a,0x00,0x00,0x48,0x8b,0x0e,0x48,0x85,0xc9,0x74,0x0a,
0x48,0x8b,0x05,0x39,0xb4,0x00,0x00,0xff,0x50,0x48,0x48,0x81,0xc6,0x10,0x06,0x00,
0x00,0x48,0x83,0xef,0x01,0x75,0xe1,0x48,0x8b,0x8b,0xa0,0x04,0x00,0x00,0x48,0x85,
0xc9,0x74,0x11,0x48,0x8b,0x05,0x16,0xb4,0x00,0x00,0xff,0x50,0x48,0x48,0x89,0xab,
0xa0,0x04,0x00,0x00,0x48,0x8b,0x8b,0xc8,0x04,0x00,0x00,0x48,0x85,0xc9,0x74,0x29,
0x48,0x8b,0x05,0xf9,0xb3,0x00,0x00,0xff,0x50,0x48,0x48,0x8b,0x05,0xef,0xb3,0x00,
0x00,0x48,0x8b,0x8b,0xd0,0x04,0x00,0x00,0xff,0x50,0x48,0x48,0x89,0xab,0xc8,0x04,
0x00,0x00,0x48,0x89,0xab,0xd0,0x04,0x00,0x00,0x48,0x8d,0x8b,0xf0,0x04,0x00,0x00,
0xba,0x00,0x61,0x00,0x00,0xe8,0x06,0xe0,0xff,0xff,0x48,0x8d,0x8b,0xf4,0x65,0x00,
0x00,0x89,0xab,0xf0,0x65,0x00,0x00,0xba,0x20,0x00,0x00,0x00,0xe8,0xef,0xdf,0xff,
0xff,0x48,0x8d,0x8b,0x14,0x66,0x00,0x00,0xba,0x00,0x02,0x00,0x00,0xe8,0xde,0xdf,
0xff,0xff,0x48,0x8b,0xcb,0xe8,0xc2,0x29,0x00,0x00,0x33,0xc0,0x48,0x8b,0x5c,0x24,
0x30,0x48,0x8b,0x6c,0x24,0x38,0x48,0x8b,0x74,0x24,0x40,0x48,0x83,0xc4,0x20,0x5f,
0xc3,0xcc,0xcc,0xcc,0x48,0x89,0x5c,0x24,0x10,0x48,0x89,0x6c,0x24,0x18,0x56,0x57,
0x41,0x56,0x48,0x83,0xec,0x40,0x4d,0x8b,0xf1,0x48,0x8b,0xda,0x48,0x85,0xc9,0x0f,
0x84,0x9b,0x01,0x00,0x00,0x4d,0x85,0xc9,0x0f,0x84,0x92,0x01,0x00,0x00,0x48,0x85,
0xd2,0x0f,0x84,0x89,0x01,0x00,0x00,0x45,0x84,0xc0,0x75,0x0f,0x48,0xb8,0x03,0x00,
0x00,0x00,0x00,0x00,0x00,0x80,0xe9,0x7f,0x01,0x00,0x00,0x48,0x83,0x64,0x24,0x60,
0x00,0x48,0x8d,0x71,0xe8,0x48,0x8b,0x7e,0x28,0x4c,0x8d,0x44,0x24,0x60,0xba,0x00,
0xc2,0xeb,0x0b,0x48,0x8b,0x4f,0x08,0xe8,0x78,0x77,0x00,0x00,0x48,0x83,0x7c,0x24,
0x60,0x00,0x74,0x1b,0x48,0x8d,0x0d,0xd5,0xa1,0x00,0x00,0xe8,0xf4,0x6c,0x00,0x00,
0x48,0xb8,0x0c,0x00,0x00,0x00,0x00,0x00,0x00,0x80,0xe9,0x3b,0x01,0x00,0x00,0x48,
0x3b,0x77,0x18,0x4c,0x8b,0xc3,0x48,0x8b,0xcf,0x0f,0x94,0xc2,0xe8,0x4b,0xf8,0xff,
0xff,0x48,0x85,0xc0,0x74,0x13,0x48,0xb9,0x14,0x00,0x00,0x00,0x00,0x00,0x00,0x80,
0x48,0x3b,0xc1,0x0f,0x85,0x11,0x01,0x00,0x00,0x4c,0x8b,0x84,0x24,0x80,0x00,0x00,
0x00,0x4c,0x8d,0x4c,0x24,0x60,0x49,0x8b,0xd6,0xc7,0x44,0x24,0x60,0x03,0x00,0x00,
0x00,0x48,0x8b,0xcf,0xe8,0x9f,0xfa,0xff,0xff,0x48,0x8b,0xd8,0x48,0x85,0xc0,0x79,
0x31,0x48,0xb8,0x05,0x00,0x00,0x00,0x00,0x00,0x00,0x80,0x48,0x3b,0xd8,0x75,0x12,
0x8b,0x4c,0x24,0x60,0xff,0xc9,0x83,0xf9,0x01,0x77,0x0f,0xbb,0x06,0x00,0x00,0x00,
0xeb,0x08,0x48,0x8b,0xcf,0xe8,0xfe,0xfc,0xff,0xff,0x48,0x8b,0xc3,0xe9,0xb8,0x00,
0x00,0x00,0x8b,0x74,0x24,0x60,0x8d,0x46,0xff,0x83,0xf8,0x01,0x77,0xe4,0x48,0x8b,
0x05,0x5b,0xb2,0x00,0x00,0x4c,0x8d,0x44,0x24,0x60,0x49,0x8b,0x2e,0x48,0x8d,0x0d,
0x64,0x98,0x00,0x00,0x33,0xd2,0xff,0x90,0x40,0x01,0x00,0x00,0x48,0x8b,0xd8,0x48,
0x85,0xc0,0x78,0x5c,0x83,0xfe,0x01,0x75,0x09,0x4c,0x8d,0x05,0x38,0x98,0x00,0x00,
0xeb,0x0c,0x83,0xfe,0x02,0x75,0x3f,0x4c,0x8d,0x05,0x5a,0x9c,0x00,0x00,0x80,0xbf,
0x50,0x04,0x00,0x00,0x00,0x74,0x06,0x48,0x8b,0x47,0x18,0xeb,0x04,0x48,0x8b,0x47,
0x10,0x4c,0x8b,0x48,0x20,0x48,0x8b,0xd5,0x48,0x8b,0x8c,0x24,0x80,0x00,0x00,0x00,
0x48,0x8d,0x44,0x24,0x30,0x48,0x89,0x44,0x24,0x20,0x48,0x8b,0x44,0x24,0x60,0xff,
0x10,0x48,0x8b,0xd8,0xeb,0x0a,0x48,0xbb,0x03,0x00,0x00,0x00,0x00,0x00,0x00,0x80,
0x48,0x85,0xdb,0x78,0x0a,0xbb,0x06,0x00,0x00,0x00,0xe9,0x53,0xff,0xff,0xff,0x48,
0x8d,0x0d,0xca,0xa0,0x00,0x00,0xe8,0xb9,0x6b,0x00,0x00,0xe9,0x42,0xff,0xff,0xff,
0x48,0xb8,0x02,0x00,0x00,0x00,0x00,0x00,0x00,0x80,0x48,0x8b,0x5c,0x24,0x68,0x48,
0x8b,0x6c,0x24,0x70,0x48,0x83,0xc4,0x40,0x41,0x5e,0x5f,0x5e,0xc3,0xcc,0xcc,0xcc,
0x48,0x89,0x5c,0x24,0x10,0x57,0x48,0x83,0xec,0x20,0x41,0x8b,0xf9,0x48,0x8b,0xd9,
0x85,0xd2,0x0f,0x88,0x4d,0x01,0x00,0x00,0x83,0xfa,0x01,0x0f,0x8e,0x38,0x01,0x00,
0x00,0x83,0xfa,0x02,0x0f,0x84,0x06,0x01,0x00,0x00,0x83,0xfa,0x03,0x74,0x70,0x83,
0xfa,0x04,0x0f,0x85,0x2d,0x01,0x00,0x00,0x45,0x85,0xc9,0x0f,0x84,0x24,0x01,0x00,
0x00,0x48,0x8b,0x51,0x08,0x48,0x85,0xd2,0x74,0x41,0x48,0x83,0x79,0x10,0x00,0x75,
0x0c,0x48,0x8d,0x0d,0x38,0xa1,0x00,0x00,0xe8,0x83,0x6a,0x00,0x00,0x48,0x01,0x7b,
0x10,0x33,0xd2,0x48,0x6b,0x43,0x10,0x64,0x48,0xf7,0x73,0x08,0x39,0x43,0x18,0x0f,
0x84,0xf0,0x00,0x00,0x00,0x8b,0xd0,0x89,0x43,0x18,0x48,0x8d,0x0d,0x3f,0xa1,0x00,
0x00,0xe8,0x5a,0x6a,0x00,0x00,0xe9,0xda,0x00,0x00,0x00,0x48,0x01,0x79,0x10,0x48,
0x8b,0x51,0x10,0x48,0x8d,0x0d,0x56,0xa1,0x00,0x00,0xe9,0xb3,0x00,0x00,0x00,0x48,
0x8b,0x4c,0x24,0x50,0x48,0x85,0xc9,0x0f,0x84,0xb8,0x00,0x00,0x00,0x48,0x8b,0x01,
0x48,0x85,0xc0,0x74,0x3e,0x83,0x38,0x29,0x77,0x39,0x48,0x63,0x00,0x48,0xba,0x00,
0x18,0x01,0x00,0x00,0x02,0x00,0x00,0x48,0x0f,0xa3,0xc2,0x73,0x26,0x48,0x8b,0x51,
0x10,0x4c,0x8d,0x05,0x20,0xa0,0x00,0x00,0x48,0x8b,0x49,0x08,0xe8,0x4f,0x89,0x00,
0x00,0x48,0x85,0xc0,0x74,0x7f,0x48,0x8b,0x50,0x08,0x48,0x8d,0x0d,0x1f,0xa0,0x00,
0x00,0xeb,0x5f,0x48,0x8b,0x51,0x10,0x4c,0x8d,0x05,0x82,0xa0,0x00,0x00,0x48,0x8b,
0x49,0x08,0xe8,0x29,0x89,0x00,0x00,0x48,0x85,0xc0,0x74,0x59,0x48,0x8b,0x48,0x08,
0x4c,0x8d,0x44,0x24,0x30,0x33,0xd2,0xe8,0x78,0x4d,0x00,0x00,0x48,0x8b,0x44,0x24,
0x30,0x48,0x83,0x63,0x10,0x00,0x83,0x63,0x18,0x00,0x48,0x89,0x43,0x08,0xeb,0x35,
0x48,0x8b,0x44,0x24,0x50,0x48,0x85,0xc0,0x74,0x2b,0x48,0x8b,0x08,0x83,0x39,0x00,
0x75,0x23,0x48,0x8b,0x51,0x08,0x48,0x85,0xd2,0x74,0x1a,0x48,0x8d,0x0d,0x8e,0x9f,
0x00,0x00,0xe8,0x89,0x69,0x00,0x00,0xeb,0x0c,0x48,0x8d,0x0d,0x78,0x9f,0x00,0x00,
0xe8,0x7b,0x69,0x00,0x00,0x33,0xc0,0x48,0x8b,0x5c,0x24,0x38,0x48,0x83,0xc4,0x20,
0x5f,0xc3,0xcc,0xcc,0x40,0x53,0x48,0x83,0xec,0x20,0x48,0x8b,0x05,0x1f,0xb0,0x00,
0x00,0x4c,0x8d,0x4c,0x24,0x38,0x4c,0x8d,0x44,0x24,0x40,0x48,0x8b,0xd9,0x48,0x8d,
0x15,0x53,0x96,0x00,0x00,0xff,0x90,0x28,0x01,0x00,0x00,0x48,0x85,0xc0,0x78,0x14,
0x48,0x8d,0x54,0x24,0x38,0x48,0x8d,0x4c,0x24,0x40,0xe8,0x99,0x76,0x00,0x00,0x48,
0x85,0xc0,0x75,0x3c,0x48,0x8b,0x05,0xe5,0xaf,0x00,0x00,0x4c,0x8d,0x4c,0x24,0x38,
0x4c,0x8d,0x44,0x24,0x40,0x48,0x8b,0xcb,0x48,0x8d,0x15,0x59,0x9a,0x00,0x00,0xff,
0x90,0x28,0x01,0x00,0x00,0x48,0x85,0xc0,0x78,0x14,0x48,0x8d,0x54,0x24,0x38,0x48,
0x8d,0x4c,0x24,0x40,0xe8,0x5f,0x76,0x00,0x00,0x48,0x85,0xc0,0x75,0x02,0x33,0xc0,
0x48,0x83,0xc4,0x20,0x5b,0xc3,0xcc,0xcc,0x40,0x53,0x48,0x83,0xec,0x20,0x48,0x8b,
0x05,0x9b,0xaf,0x00,0x00,0x4c,0x8d,0x4c,0x24,0x38,0x4c,0x8d,0x44,0x24,0x40,0x48,
0x8b,0xd9,0x48,0x8d,0x15,0xcf,0x95,0x00,0x00,0xff,0x90,0x28,0x01,0x00,0x00,0x48,
0x85,0xc0,0x78,0x14,0x48,0x8d,0x54,0x24,0x38,0x48,0x8d,0x4c,0x24,0x40,0xe8,0x15,
0x76,0x00,0x00,0x48,0x85,0xc0,0x75,0x3c,0x48,0x8b,0x05,0x61,0xaf,0x00,0x00,0x4c,
0x8d,0x4c,0x24,0x38,0x4c,0x8d,0x44,0x24,0x40,0x48,0x8b,0xcb,0x48,0x8d,0x15,0xc5,
0x95,0x00,0x00,0xff,0x90,0x28,0x01,0x00,0x00,0x48,0x85,0xc0,0x78,0x14,0x48,0x8d,
0x54,0x24,0x38,0x48,0x8d,0x4c,0x24,0x40,0xe8,0xdb,0x75,0x00,0x00,0x48,0x85,0xc0,
0x75,0x02,0x33,0xc0,0x48,0x83,0xc4,0x20,0x5b,0xc3,0xcc,0xcc,0x4c,0x8b,0xca,0xeb,
0x2b,0x48,0xb8,0xcd,0xcc,0xcc,0xcc,0xcc,0xcc,0xcc,0xcc,0x48,0xf7,0xe1,0x48,0xc1,
0xea,0x03,0x48,0x8d,0x04,0x92,0x48,0x03,0xc0,0x48,0x2b,0xc8,0x48,0x8b,0xc1,0x48,
0x8b,0xca,0x04,0x30,0x43,0x88,0x44,0x01,0xff,0x49,0xff,0xc8,0x4d,0x85,0xc0,0x7f,
0xd0,0xc3,0xcc,0xcc,0x40,0x53,0x48,0x83,0xec,0x20,0x8b,0xd9,0x48,0x8d,0x0d,0x79,
0x9f,0x00,0x00,0xe8,0xcc,0x68,0x00,0x00,0x83,0xfb,0x1a,0x0f,0x8f,0x34,0x01,0x00,
0x00,0x0f,0x84,0x22,0x01,0x00,0x00,0x83,0xfb,0x12,0x0f,0x8f,0x9e,0x00,0x00,0x00,
0x0f,0x84,0x8c,0x00,0x00,0x00,0x83,0xeb,0x0a,0x74,0x7b,0x83,0xeb,0x01,0x74,0x6a,
0x83,0xeb,0x01,0x74,0x59,0x83,0xeb,0x01,0x74,0x48,0x83,0xeb,0x01,0x74,0x37,0x83,
0xeb,0x01,0x74,0x26,0x83,0xeb,0x01,0x74,0x15,0x83,0xfb,0x01,0x0f,0x85,0xda,0x01,
0x00,0x00,0x48,0x8d,0x0d,0x4f,0xa0,0x00,0x00,0xe9,0xc9,0x01,0x00,0x00,0x48,0x8d,
0x0d,0xf3,0x9f,0x00,0x00,0xe9,0xbd,0x01,0x00,0x00,0x48,0x8d,0x0d,0xc7,0x9f,0x00,
0x00,0xe9,0xb1,0x01,0x00,0x00,0x48,0x8d,0x0d,0x93,0x9f,0x00,0x00,0xe9,0xa5,0x01,
0x00,0x00,0x48,0x8d,0x0d,0x67,0x9f,0x00,0x00,0xe9,0x99,0x01,0x00,0x00,0x48,0x8d,
0x0d,0x3b,0x9f,0x00,0x00,0xe9,0x8d,0x01,0x00,0x00,0x48,0x8d,0x0d,0x07,0x9f,0x00,
0x00,0xe9,0x81,0x01,0x00,0x00,0x48,0x8d,0x0d,0xd3,0x9e,0x00,0x00,0xe9,0x75,0x01,
0x00,0x00,0x48,0x8d,0x0d,0x17,0xa0,0x00,0x00,0xe9,0x69,0x01,0x00,0x00,0x83,0xeb,
0x13,0x74,0x6a,0x83,0xeb,0x01,0x74,0x59,0x83,0xeb,0x01,0x74,0x48,0x83,0xeb,0x01,
0x74,0x37,0x83,0xeb,0x01,0x74,0x26,0x83,0xeb,0x01,0x74,0x15,0x83,0xfb,0x01,0x0f,
0x85,0x47,0x01,0x00,0x00,0x48,0x8d,0x0d,0xfc,0xa0,0x00,0x00,0xe9,0x36,0x01,0x00,
0x00,0x48,0x8d,0x0d,0xb8,0xa0,0x00,0x00,0xe9,0x2a,0x01,0x00,0x00,0x48,0x8d,0x0d,
0x84,0xa0,0x00,0x00,0xe9,0x1e,0x01,0x00,0x00,0x48,0x8d,0x0d,0x50,0xa0,0x00,0x00,
0xe9,0x12,0x01,0x00,0x00,0x48,0x8d,0x0d,0x24,0xa0,0x00,0x00,0xe9,0x06,0x01,0x00,
0x00,0x48,0x8d,0x0d,0xf8,0x9f,0x00,0x00,0xe9,0xfa,0x00,0x00,0x00,0x48,0x8d,0x0d,
0xc4,0x9f,0x00,0x00,0xe9,0xee,0x00,0x00,0x00,0x48,0x8d,0x0d,0xd0,0xa0,0x00,0x00,
0xe9,0xe2,0x00,0x00,0x00,0x83,0xfb,0x22,0x7f,0x7d,0x74,0x72,0x83,0xeb,0x1b,0x74,
0x64,0x83,0xeb,0x01,0x74,0x56,0x83,0xeb,0x01,0x74,0x48,0x83,0xeb,0x01,0x74,0x37,
0x83,0xeb,0x01,0x74,0x26,0x83,0xeb,0x01,0x74,0x15,0x83,0xfb,0x01,0x0f,0x85,0xb9,
0x00,0x00,0x00,0x48,0x8d,0x0d,0xbe,0xa1,0x00,0x00,0xe9,0xa8,0x00,0x00,0x00,0x48,
0x8d,0x0d,0x82,0xa1,0x00,0x00,0xe9,0x9c,0x00,0x00,0x00,0x48,0x8d,0x0d,0x46,0xa1,
0x00,0x00,0xe9,0x90,0x00,0x00,0x00,0x48,0x8d,0x0d,0x0a,0xa1,0x00,0x00,0xe9,0x84,
0x00,0x00,0x00,0x48,0x8d,0x0d,0xce,0xa0,0x00,0x00,0xeb,0x7b,0x48,0x8d,0x0d,0x9d,
0xa0,0x00,0x00,0xeb,0x72,0x48,0x8d,0x0d,0x74,0xa0,0x00,0x00,0xeb,0x69,0x48,0x8d,
0x0d,0xab,0xa1,0x00,0x00,0xeb,0x60,0x83,0xeb,0x23,0x74,0x54,0x83,0xeb,0x01,0x74,
0x46,0x83,0xeb,0x01,0x74,0x38,0x83,0xeb,0x01,0x74,0x2a,0x83,0xeb,0x01,0x74,0x1c,
0x83,0xeb,0x01,0x74,0x0e,0x83,0xfb,0x01,0x75,0x42,0x48,0x8d,0x0d,0x8f,0x9e,0x00,
0x00,0xeb,0x34,0x48,0x8d,0x0d,0x76,0xa2,0x00,0x00,0xeb,0x2b,0x48,0x8d,0x0d,0x45,
0xa2,0x00,0x00,0xeb,0x22,0x48,0x8d,0x0d,0x0c,0xa2,0x00,0x00,0xeb,0x19,0x48,0x8d,
0x0d,0xdb,0xa1,0x00,0x00,0xeb,0x10,0x48,0x8d,0x0d,0xaa,0xa1,0x00,0x00,0xeb,0x07,
0x48,0x8d,0x0d,0x71,0xa1,0x00,0x00,0xe8,0xa8,0x66,0x00,0x00,0x48,0x83,0xc4,0x20,
0x5b,0xc3,0xcc,0xcc,0xc6,0x02,0x01,0xc3,0x48,0x89,0x5c,0x24,0x10,0x48,0x89,0x74,
0x24,0x18,0x55,0x57,0x41,0x54,0x41,0x56,0x41,0x57,0x48,0x8d,0x6c,0x24,0xc9,0x48,
0x81,0xec,0x90,0x00,0x00,0x00,0x4c,0x8b,0xe2,0x4c,0x8b,0xf1,0x33,0xf6,0x48,0x8d,
0x4d,0xef,0x48,0x21,0x75,0x7f,0x33,0xff,0x48,0x21,0x75,0xdf,0x4d,0x8b,0xf8,0x8d,
0x57,0x20,0xe8,0xa9,0xd8,0xff,0xff,0x48,0x8b,0x05,0x62,0xac,0x00,0x00,0x4c,0x8d,
0x45,0xe7,0x49,0x8b,0x4e,0x08,0x48,0x8d,0x15,0x33,0x93,0x00,0x00,0xff,0x90,0x98,
0x00,0x00,0x00,0x48,0x85,0xc0,0x78,0x7a,0x48,0x8b,0x45,0xe7,0x8d,0x5f,0x06,0x48,
0x21,0x75,0xd7,0x4c,0x8d,0x45,0xd7,0x45,0x33,0xc9,0x8b,0xd3,0x48,0x8b,0xc8,0xff,
0x50,0x08,0x48,0xb9,0x05,0x00,0x00,0x00,0x00,0x00,0x00,0x80,0x48,0x3b,0xc1,0x75,
0x51,0x48,0x8b,0x55,0xd7,0xe8,0x52,0x5d,0x00,0x00,0x48,0x8b,0xf8,0x48,0x85,0xc0,
0x75,0x0f,0x48,0xb8,0x09,0x00,0x00,0x00,0x00,0x00,0x00,0x80,0xe9,0xfb,0x01,0x00,
0x00,0x48,0x8b,0x45,0xe7,0x4c,0x8d,0x45,0xd7,0x4c,0x8b,0xcf,0x8b,0xd3,0x48,0x8b,
0xc8,0xff,0x50,0x08,0x48,0x85,0xc0,0x79,0x11,0x48,0x8b,0x05,0xe0,0xab,0x00,0x00,
0x48,0x8b,0xcf,0xff,0x50,0x48,0x33,0xff,0xeb,0x08,0x48,0x8b,0x75,0xd7,0x48,0xc1,
0xee,0x04,0x49,0x8b,0x56,0x18,0x4c,0x8d,0x4d,0xdf,0x49,0x8b,0x4e,0x08,0x4c,0x8d,
0x05,0xdb,0x92,0x00,0x00,0x48,0x8b,0x52,0x10,0xe8,0x42,0x6a,0x00,0x00,0x48,0x8b,
0xd8,0x48,0x85,0xc0,0x0f,0x88,0xf0,0x00,0x00,0x00,0x49,0x8b,0x46,0x08,0x4c,0x8d,
0x45,0x7f,0x4d,0x8b,0x4e,0x18,0x48,0x8d,0x15,0x3b,0x95,0x00,0x00,0x48,0x8b,0x4d,
0xdf,0xc7,0x44,0x24,0x28,0x10,0x00,0x00,0x00,0x48,0x89,0x44,0x24,0x20,0x48,0x8b,
0x05,0x7b,0xab,0x00,0x00,0x4d,0x8b,0x49,0x10,0xff,0x90,0x18,0x01,0x00,0x00,0x48,
0x8b,0xd8,0x48,0x85,0xc0,0x0f,0x88,0xaf,0x00,0x00,0x00,0xba,0x28,0x00,0x00,0x00,
0x48,0x8d,0x4d,0x0f,0xe8,0x97,0xd7,0xff,0xff,0x49,0x8d,0x96,0x54,0x04,0x00,0x00,
0x89,0x75,0x23,0x48,0x8d,0x45,0x11,0x48,0x89,0x7d,0x27,0x66,0xc7,0x45,0x0f,0x01,
0x11,0xbe,0x10,0x00,0x00,0x00,0x48,0x3b,0xc2,0x74,0x0c,0x44,0x8b,0xc6,0x48,0x8d,
0x4d,0x11,0xe8,0x29,0xd7,0xff,0xff,0x48,0x8b,0x45,0x7f,0x48,0x8d,0x55,0x0f,0x48,
0x8b,0xc8,0xff,0x50,0x08,0x48,0x8b,0xd8,0x48,0x85,0xc0,0x78,0x5d,0x48,0xb8,0x06,
0x00,0x00,0x00,0x00,0x00,0x00,0x80,0xc6,0x45,0x67,0x00,0x48,0x89,0x45,0xf7,0x4c,
0x8d,0x4d,0x67,0x48,0x8d,0x45,0xef,0x48,0x8b,0xd6,0x48,0x89,0x44,0x24,0x20,0x4c,
0x8d,0x05,0x3e,0xfe,0xff,0xff,0x48,0x8b,0x05,0xe3,0xaa,0x00,0x00,0xb9,0x00,0x02,
0x00,0x00,0xff,0x50,0x50,0x48,0x8b,0xd8,0x48,0x85,0xc0,0x78,0x1d,0x48,0x8b,0x45,
0x7f,0x4c,0x8d,0x45,0xef,0x49,0x8b,0xd4,0x48,0x8b,0xc8,0xff,0x50,0x10,0x48,0x8b,
0xd8,0x48,0x85,0xc0,0x0f,0x89,0xd8,0x00,0x00,0x00,0x48,0x8b,0x4d,0x07,0x48,0x8b,
0x45,0xef,0x48,0x85,0xc0,0x74,0x11,0x48,0x8b,0xc8,0x48,0x8b,0x05,0x9f,0xaa,0x00,
0x00,0xff,0x50,0x70,0x48,0x8b,0x4d,0x07,0x48,0x85,0xc9,0x74,0x24,0x48,0x8b,0x41,
0x08,0x48,0x85,0xc0,0x74,0x11,0x48,0x8b,0xc8,0x48,0x8b,0x05,0x80,0xaa,0x00,0x00,
0xff,0x50,0x48,0x48,0x8b,0x4d,0x07,0x48,0x8b,0x05,0x72,0xaa,0x00,0x00,0xff,0x50,
0x48,0x48,0x8b,0x45,0x7f,0x48,0x85,0xc0,0x74,0x2c,0x33,0xd2,0x48,0x8b,0xc8,0xff,
0x50,0x08,0x4d,0x8b,0x46,0x18,0x48,0x8d,0x15,0xfb,0x93,0x00,0x00,0x48,0x8b,0x05,
0x4c,0xaa,0x00,0x00,0x4d,0x8b,0x4e,0x08,0x48,0x8b,0x4d,0xdf,0x4d,0x8b,0x40,0x10,
0xff,0x90,0x20,0x01,0x00,0x00,0x4c,0x8b,0x4d,0xdf,0x4d,0x85,0xc9,0x74,0x18,0x49,
0x8b,0x56,0x18,0x4c,0x8d,0x05,0x46,0x91,0x00,0x00,0x49,0x8b,0x4e,0x08,0x48,0x8b,
0x52,0x10,0xe8,0xf5,0x68,0x00,0x00,0x48,0x85,0xff,0x74,0x0d,0x48,0x8b,0x05,0x0d,
0xaa,0x00,0x00,0x48,0x8b,0xcf,0xff,0x50,0x48,0x48,0x8b,0xc3,0x4c,0x8d,0x9c,0x24,
0x90,0x00,0x00,0x00,0x49,0x8b,0x5b,0x38,0x49,0x8b,0x73,0x40,0x49,0x8b,0xe3,0x41,
0x5f,0x41,0x5e,0x41,0x5c,0x5f,0x5d,0xc3,0x48,0x8b,0x45,0x7f,0x48,0x8b,0xc8,0xff,
0x50,0x30,0x80,0x7d,0x67,0x00,0x74,0xf0,0x48,0x8b,0x5d,0xf7,0x48,0x85,0xdb,0x0f,
0x88,0x15,0xff,0xff,0xff,0x48,0x8b,0x4d,0x07,0x48,0x85,0xc9,0x75,0x0f,0x48,0xbb,
0x07,0x00,0x00,0x00,0x00,0x00,0x00,0x80,0xe9,0x01,0xff,0xff,0xff,0x83,0x39,0x00,
0x74,0xec,0x48,0x8b,0x51,0x08,0x48,0x85,0xd2,0x74,0xe3,0x4c,0x3b,0xfa,0x74,0x0f,
0x4c,0x8b,0xc6,0x49,0x8b,0xcf,0xe8,0x95,0xd5,0xff,0xff,0x48,0x8b,0x4d,0x07,0x33,
0xdb,0xe9,0xd8,0xfe,0xff,0xff,0xcc,0xcc,0x48,0x8b,0xc4,0x48,0x89,0x58,0x08,0x48,
0x89,0x68,0x10,0x48,0x89,0x70,0x18,0x48,0x89,0x78,0x20,0x41,0x56,0x48,0x83,0xec,
0x20,0x49,0x8b,0xd8,0x48,0x8b,0xf2,0x48,0x8b,0xe9,0x48,0x85,0xc9,0x0f,0x84,0x4e,
0x01,0x00,0x00,0x48,0x85,0xd2,0x0f,0x84,0x45,0x01,0x00,0x00,0x48,0x85,0xdb,0x0f,
0x84,0x3c,0x01,0x00,0x00,0x48,0x8b,0x79,0x08,0x4c,0x8b,0xc2,0x48,0x8b,0x51,0x10,
0x48,0x8b,0xcf,0xe8,0xc8,0x81,0x00,0x00,0x4c,0x8b,0xf0,0x48,0x85,0xc0,0x0f,0x85,
0xbe,0x00,0x00,0x00,0x48,0x3b,0x7d,0x00,0x72,0x0f,0x48,0xb8,0x09,0x00,0x00,0x00,
0x00,0x00,0x00,0x80,0xe9,0x12,0x01,0x00,0x00,0x48,0xc1,0xe7,0x04,0x33,0xc0,0x48,
0x03,0x7d,0x10,0x38,0x06,0x74,0x09,0x48,0xff,0xc0,0x80,0x3c,0x30,0x00,0x75,0xf7,
0x4c,0x8d,0x70,0x01,0x49,0x8b,0xd6,0xe8,0x30,0x5a,0x00,0x00,0x48,0x89,0x07,0x48,
0x85,0xc0,0x74,0xc6,0x4d,0x85,0xf6,0x74,0x13,0x48,0x3b,0xc6,0x74,0x0e,0x4d,0x8b,
0xc6,0x48,0x8b,0xd6,0x48,0x8b,0xc8,0xe8,0xd4,0xd4,0xff,0xff,0x48,0x8b,0x07,0x42,
0xc6,0x44,0x30,0xff,0x00,0x33,0xc0,0x38,0x03,0x74,0x09,0x48,0xff,0xc0,0x80,0x3c,
0x18,0x00,0x75,0xf7,0x48,0x8d,0x70,0x01,0x48,0x8b,0xd6,0xe8,0xec,0x59,0x00,0x00,
0x48,0x89,0x47,0x08,0x48,0x85,0xc0,0x75,0x12,0x48,0x8b,0x05,0xa0,0xa8,0x00,0x00,
0x48,0x8b,0x0f,0xff,0x50,0x48,0xe9,0x6f,0xff,0xff,0xff,0x48,0x85,0xf6,0x74,0x13,
0x48,0x3b,0xc3,0x74,0x0e,0x4c,0x8b,0xc6,0x48,0x8b,0xd3,0x48,0x8b,0xc8,0xe8,0x7d,
0xd4,0xff,0xff,0x48,0x8b,0x47,0x08,0xc6,0x44,0x30,0xff,0x00,0x48,0xff,0x45,0x08,
0xeb,0x5b,0x33,0xc0,0x38,0x03,0x74,0x09,0x48,0xff,0xc0,0x80,0x3c,0x18,0x00,0x75,
0xf7,0x48,0x8d,0x70,0x01,0x48,0x8b,0xd6,0xe8,0x8f,0x59,0x00,0x00,0x48,0x8b,0xf8,
0x48,0x85,0xc0,0x0f,0x84,0x21,0xff,0xff,0xff,0x48,0x85,0xf6,0x74,0x13,0x48,0x3b,
0xc3,0x74,0x0e,0x4c,0x8b,0xc6,0x48,0x8b,0xd3,0x48,0x8b,0xc8,0xe8,0x2f,0xd4,0xff,
0xff,0xc6,0x44,0x37,0xff,0x00,0x49,0x8b,0x4e,0x08,0x48,0x85,0xc9,0x74,0x0a,0x48,
0x8b,0x05,0x1a,0xa8,0x00,0x00,0xff,0x50,0x48,0x49,0x89,0x7e,0x08,0x33,0xc0,0xeb,
0x0a,0x48,0xb8,0x02,0x00,0x00,0x00,0x00,0x00,0x00,0x80,0x48,0x8b,0x5c,0x24,0x30,
0x48,0x8b,0x6c,0x24,0x38,0x48,0x8b,0x74,0x24,0x40,0x48,0x8b,0x7c,0x24,0x48,0x48,
0x83,0xc4,0x20,0x41,0x5e,0xc3,0xcc,0xcc,0xc6,0x01,0x01,0xc3,0x48,0x8b,0x05,0x4d,
0xa8,0x00,0x00,0x4c,0x8d,0x05,0xee,0xff,0xff,0xff,0x4c,0x8b,0xca,0x48,0x8b,0xc8,
0xba,0x08,0x00,0x00,0x00,0x48,0xff,0x20,0x48,0x89,0x5c,0x24,0x08,0x48,0x89,0x74,
0x24,0x18,0x55,0x57,0x41,0x54,0x41,0x56,0x41,0x57,0x48,0x8b,0xec,0x48,0x81,0xec,
0x80,0x00,0x00,0x00,0x49,0x8b,0xf9,0x45,0x8a,0xf8,0x4c,0x8b,0xf2,0x4c,0x8b,0xe1,
0x48,0x85,0xd2,0x0f,0x84,0x4f,0x02,0x00,0x00,0x4d,0x85,0xc9,0x0f,0x84,0x46,0x02,
0x00,0x00,0x48,0x8b,0x5d,0x58,0x48,0x85,0xdb,0x0f,0x84,0x39,0x02,0x00,0x00,0x41,
0x8d,0x47,0xfc,0xa8,0xfd,0x74,0x0f,0x48,0xb8,0x03,0x00,0x00,0x00,0x00,0x00,0x00,
0x80,0xe9,0x2c,0x02,0x00,0x00,0xba,0xc8,0x00,0x00,0x00,0x48,0x8b,0xcb,0xe8,0x9d,
0xd3,0xff,0xff,0x4c,0x8d,0x4b,0x18,0x49,0x8b,0xd4,0x4c,0x8d,0x05,0x17,0x91,0x00,
0x00,0x49,0x8b,0xce,0xe8,0xd7,0x65,0x00,0x00,0x48,0x85,0xc0,0x0f,0x88,0x00,0x02,
0x00,0x00,0x48,0x8b,0x05,0x37,0xa7,0x00,0x00,0x4c,0x8d,0x45,0xb0,0x48,0x8b,0x4b,
0x18,0x48,0x8d,0x15,0x70,0x8d,0x00,0x00,0xc7,0x44,0x24,0x28,0x10,0x00,0x00,0x00,
0x4d,0x8b,0xcc,0x4c,0x89,0x74,0x24,0x20,0xff,0x90,0x18,0x01,0x00,0x00,0x48,0x8b,
0xf0,0x48,0x85,0xc0,0x0f,0x88,0xb1,0x01,0x00,0x00,0x48,0x8b,0x45,0xb0,0x48,0x85,
0xc0,0x0f,0x84,0xa4,0x01,0x00,0x00,0x48,0x89,0x43,0x20,0x48,0x8d,0x4d,0xe0,0x48,
0x8d,0x05,0xca,0x1a,0x00,0x00,0x4c,0x89,0x63,0x08,0x48,0x89,0x43,0x28,0xba,0x18,
0x00,0x00,0x00,0x48,0x8b,0x45,0x50,0x48,0x89,0x43,0x30,0x4c,0x89,0x73,0x10,0x44,
0x88,0x3b,0xe8,0x09,0xd3,0xff,0xff,0x80,0x3b,0x04,0x8b,0x47,0x04,0x89,0x45,0xe4,
0xc7,0x45,0xe0,0x01,0x00,0x00,0x00,0x75,0x50,0x8a,0x47,0x0c,0x48,0x8d,0x57,0x0d,
0x88,0x45,0xb8,0x0f,0xb7,0x47,0x16,0x66,0x89,0x45,0xc6,0x48,0x8d,0x45,0xb9,0xc6,
0x45,0xe8,0x00,0x48,0x3b,0xc2,0x74,0x0f,0x41,0xb8,0x04,0x00,0x00,0x00,0x48,0x8d,
0x4d,0xb9,0xe8,0x89,0xd2,0xff,0xff,0x48,0x8d,0x57,0x11,0x48,0x8d,0x45,0xc1,0x48,
0x3b,0xc2,0x74,0x0f,0x41,0xb8,0x04,0x00,0x00,0x00,0x48,0x8d,0x4d,0xc1,0xe8,0x6d,
0xd2,0xff,0xff,0x48,0x8d,0x45,0xb8,0xeb,0x2c,0x0f,0xb7,0x47,0x1a,0x48,0x8d,0x57,
0x09,0x66,0x89,0x45,0xd8,0x48,0x8d,0x45,0xc8,0xc6,0x45,0xe8,0x01,0x48,0x3b,0xc2,
0x74,0x0f,0x41,0xb8,0x10,0x00,0x00,0x00,0x48,0x8d,0x4d,0xc8,0xe8,0x3f,0xd2,0xff,
0xff,0x48,0x8d,0x45,0xc8,0x48,0x89,0x45,0xf0,0x48,0x8d,0x55,0xe0,0x48,0x8b,0x45,
0xb0,0x48,0x8b,0xc8,0xff,0x50,0x08,0x48,0x8b,0xf0,0x48,0x85,0xc0,0x0f,0x88,0xc8,
0x00,0x00,0x00,0x48,0x8d,0x45,0x38,0xbf,0x00,0x02,0x00,0x00,0x48,0x89,0x44,0x24,
0x20,0x4c,0x8d,0x8b,0xb8,0x00,0x00,0x00,0x48,0x8b,0x05,0x01,0xa6,0x00,0x00,0x4c,
0x8d,0x05,0x16,0xfe,0xff,0xff,0xba,0x10,0x00,0x00,0x00,0x8b,0xcf,0xff,0x50,0x50,
0x48,0x8b,0xf0,0x48,0x85,0xc0,0x0f,0x88,0x8f,0x00,0x00,0x00,0x48,0x8b,0x45,0x38,
0x4c,0x8d,0x8b,0xb9,0x00,0x00,0x00,0x48,0x89,0x43,0x38,0x4c,0x8d,0x05,0xea,0xfd,
0xff,0xff,0x48,0x8d,0x43,0x50,0xba,0x10,0x00,0x00,0x00,0x48,0x89,0x43,0x48,0x8b,
0xcf,0x48,0x8d,0x45,0x38,0x48,0x89,0x44,0x24,0x20,0x48,0x8b,0x05,0xaf,0xa5,0x00,
0x00,0xff,0x50,0x50,0x48,0x8b,0xf0,0x48,0x85,0xc0,0x78,0x4f,0x48,0x8b,0x45,0x38,
0x45,0x33,0xc9,0x48,0x89,0x43,0x78,0x45,0x33,0xc0,0x48,0x8d,0x83,0x90,0x00,0x00,
0x00,0xb9,0x00,0x00,0x00,0x80,0x48,0x89,0x83,0x88,0x00,0x00,0x00,0x48,0x8d,0x45,
0x38,0x48,0x89,0x44,0x24,0x20,0x41,0x8d,0x51,0x08,0x48,0x8b,0x05,0x6f,0xa5,0x00,
0x00,0xff,0x50,0x50,0x48,0x8b,0xf0,0x48,0x85,0xc0,0x78,0x0f,0x48,0x8b,0x45,0x38,
0x48,0x89,0x83,0xc0,0x00,0x00,0x00,0x33,0xc0,0xeb,0x17,0x48,0x8b,0xcb,0xe8,0x2d,
0x00,0x00,0x00,0x48,0x8b,0xc6,0xeb,0x0a,0x48,0xb8,0x02,0x00,0x00,0x00,0x00,0x00,
0x00,0x80,0x4c,0x8d,0x9c,0x24,0x80,0x00,0x00,0x00,0x49,0x8b,0x5b,0x30,0x49,0x8b,
0x73,0x40,0x49,0x8b,0xe3,0x41,0x5f,0x41,0x5e,0x41,0x5c,0x5f,0x5d,0xc3,0xcc,0xcc,
0x48,0x85,0xc9,0x0f,0x84,0x92,0x00,0x00,0x00,0x53,0x48,0x83,0xec,0x20,0x48,0x8b,
0xd9,0x48,0x8b,0x49,0x38,0x48,0x85,0xc9,0x74,0x0a,0x48,0x8b,0x05,0xff,0xa4,0x00,
0x00,0xff,0x50,0x70,0x48,0x8b,0x4b,0x78,0x48,0x85,0xc9,0x74,0x0a,0x48,0x8b,0x05,
0xec,0xa4,0x00,0x00,0xff,0x50,0x70,0x48,0x8b,0x8b,0xc0,0x00,0x00,0x00,0x48,0x85,
0xc9,0x74,0x0a,0x48,0x8b,0x05,0xd6,0xa4,0x00,0x00,0xff,0x50,0x70,0x48,0x8b,0x43,
0x20,0x48,0x85,0xc0,0x74,0x28,0x33,0xd2,0x48,0x8b,0xc8,0xff,0x50,0x08,0x48,0x8b,
0x05,0xbb,0xa4,0x00,0x00,0x48,0x8d,0x15,0xfc,0x8a,0x00,0x00,0x4c,0x8b,0x4b,0x10,
0x4c,0x8b,0x43,0x08,0x48,0x8b,0x4b,0x18,0xff,0x90,0x20,0x01,0x00,0x00,0x4c,0x8b,
0x4b,0x18,0x4c,0x8d,0x05,0x5f,0x8e,0x00,0x00,0x48,0x8b,0x53,0x08,0x48,0x8b,0x4b,
0x10,0xe8,0x66,0x63,0x00,0x00,0x48,0x83,0xc4,0x20,0x5b,0xc3,0x48,0x89,0x5c,0x24,
0x08,0x57,0x48,0x83,0xec,0x20,0x48,0x8b,0xd9,0x48,0x85,0xc9,0x0f,0x84,0x8d,0x00,
0x00,0x00,0x48,0x83,0x79,0x20,0x00,0x0f,0x84,0x82,0x00,0x00,0x00,0x48,0xb8,0x06,
0x00,0x00,0x00,0x00,0x00,0x00,0x80,0x48,0x89,0x41,0x40,0x48,0x8b,0x41,0x48,0x48,
0x89,0x10,0x48,0x8b,0x41,0x48,0x4c,0x89,0x40,0x08,0x48,0x8b,0x41,0x48,0x4c,0x89,
0x48,0x10,0x48,0x8b,0x41,0x48,0x48,0x83,0x60,0x18,0x00,0x48,0x8b,0x41,0x48,0x48,
0x83,0x60,0x20,0x00,0x48,0x8b,0x41,0x28,0x48,0x85,0xc0,0x74,0x11,0x4c,0x8b,0x41,
0x30,0x48,0x8b,0x51,0x48,0x33,0xc9,0xff,0xd0,0x48,0x85,0xc0,0x78,0x3b,0x48,0x8b,
0x7b,0x20,0x48,0x8d,0x53,0x38,0x48,0x8b,0xcf,0xc6,0x83,0xb8,0x00,0x00,0x00,0x00,
0xff,0x57,0x10,0x48,0x85,0xc0,0x78,0x21,0xeb,0x06,0x48,0x8b,0xcf,0xff,0x57,0x28,
0x80,0xbb,0xb8,0x00,0x00,0x00,0x00,0x74,0xf1,0x48,0x8b,0x43,0x40,0xeb,0x0a,0x48,
0xb8,0x02,0x00,0x00,0x00,0x00,0x00,0x00,0x80,0x48,0x8b,0x5c,0x24,0x30,0x48,0x83,
0xc4,0x20,0x5f,0xc3,0x48,0x8b,0xc4,0x48,0x89,0x58,0x08,0x48,0x89,0x68,0x10,0x48,
0x89,0x70,0x18,0x48,0x89,0x78,0x20,0x41,0x56,0x48,0x83,0xec,0x20,0x49,0x8b,0xf8,
0x40,0x8a,0xf2,0x48,0x8b,0xd9,0x48,0x85,0xc9,0x0f,0x84,0xb6,0x01,0x00,0x00,0x48,
0x83,0x79,0x20,0x00,0x0f,0x84,0xab,0x01,0x00,0x00,0x4d,0x85,0xc0,0x0f,0x84,0xa2,
0x01,0x00,0x00,0x48,0x8b,0x05,0x86,0xa3,0x00,0x00,0xba,0x02,0x00,0x00,0x00,0x48,
0x8b,0x89,0xc0,0x00,0x00,0x00,0x41,0xb8,0x80,0xf0,0xfa,0x02,0xff,0x50,0x58,0x48,
0x85,0xc0,0x0f,0x88,0x87,0x01,0x00,0x00,0x48,0xb8,0x06,0x00,0x00,0x00,0x00,0x00,
0x00,0x80,0x48,0x89,0x83,0x80,0x00,0x00,0x00,0x48,0x8b,0x83,0x88,0x00,0x00,0x00,
0x40,0x84,0xf6,0x74,0x05,0x48,0x89,0x38,0xeb,0x04,0x48,0x83,0x20,0x00,0x48,0x8b,
0x83,0x88,0x00,0x00,0x00,0x48,0x8d,0x53,0x78,0x48,0x83,0x60,0x08,0x00,0x48,0x8b,
0x83,0x88,0x00,0x00,0x00,0x48,0x83,0x60,0x10,0x00,0x48,0x8b,0x47,0x18,0x48,0x8b,
0x8b,0x88,0x00,0x00,0x00,0x48,0x89,0x41,0x18,0x48,0x8b,0x8b,0x88,0x00,0x00,0x00,
0x48,0x8b,0x47,0x20,0x48,0x89,0x41,0x20,0x48,0x8b,0x6b,0x20,0x48,0x8b,0xcd,0xc6,
0x83,0xb9,0x00,0x00,0x00,0x00,0xff,0x55,0x20,0x48,0x8b,0xf0,0x48,0x85,0xc0,0x79,
0x40,0x4c,0x8b,0x0d,0xe8,0xa2,0x00,0x00,0x45,0x33,0xc0,0x48,0x8b,0x8b,0xc0,0x00,
0x00,0x00,0x33,0xd2,0x41,0xff,0x51,0x58,0x48,0x8b,0xc6,0xe9,0xef,0x00,0x00,0x00,
0x48,0x8b,0x8b,0xc0,0x00,0x00,0x00,0x48,0x85,0xc9,0x74,0x0f,0x48,0x8b,0x05,0xbd,
0xa2,0x00,0x00,0xff,0x50,0x78,0x48,0x85,0xc0,0x79,0x0f,0x48,0x8b,0xcd,0xff,0x55,
0x28,0x80,0xbb,0xb9,0x00,0x00,0x00,0x00,0x74,0xd6,0x48,0x8b,0x05,0x9f,0xa2,0x00,
0x00,0x45,0x33,0xc0,0x48,0x8b,0x8b,0xc0,0x00,0x00,0x00,0x33,0xd2,0xff,0x50,0x58,
0x80,0xbb,0xb9,0x00,0x00,0x00,0x00,0x75,0x19,0x48,0x8d,0x53,0x78,0x48,0x8b,0xcd,
0xff,0x55,0x18,0x48,0xb8,0x12,0x00,0x00,0x00,0x00,0x00,0x00,0x80,0xe9,0x8d,0x00,
0x00,0x00,0x4c,0x8b,0x4b,0x28,0xc6,0x83,0xb9,0x00,0x00,0x00,0x00,0x4d,0x85,0xc9,
0x74,0x36,0x48,0x8b,0x83,0x80,0x00,0x00,0x00,0x48,0x85,0xc0,0x74,0x0f,0x48,0xb9,
0x23,0x00,0x00,0x00,0x00,0x00,0x00,0x80,0x48,0x3b,0xc1,0x75,0x1b,0x4c,0x8b,0x43,
0x30,0xb9,0x01,0x00,0x00,0x00,0x48,0x8b,0x93,0x88,0x00,0x00,0x00,0x41,0xff,0xd1,
0x48,0x8b,0xf0,0x48,0x85,0xc0,0x78,0x47,0x48,0x8b,0x83,0x80,0x00,0x00,0x00,0x48,
0x89,0x47,0x28,0x48,0x8b,0x83,0x88,0x00,0x00,0x00,0x48,0x8b,0x48,0x08,0x48,0x89,
0x4f,0x08,0x48,0x8b,0x83,0x88,0x00,0x00,0x00,0x48,0x8b,0x48,0x10,0x48,0x89,0x4f,
0x10,0x48,0x8b,0x83,0x88,0x00,0x00,0x00,0x48,0x8b,0x48,0x18,0x48,0x89,0x4f,0x18,
0xe9,0x13,0xff,0xff,0xff,0x48,0xb8,0x02,0x00,0x00,0x00,0x00,0x00,0x00,0x80,0x48,
0x8b,0x5c,0x24,0x30,0x48,0x8b,0x6c,0x24,0x38,0x48,0x8b,0x74,0x24,0x40,0x48,0x8b,
0x7c,0x24,0x48,0x48,0x83,0xc4,0x20,0x41,0x5e,0xc3,0xcc,0xcc,0x4c,0x8b,0xc9,0x48,
0x8b,0xd1,0x49,0xf7,0xd9,0x4c,0x8b,0xc1,0x45,0x33,0xd2,0x45,0x8d,0x5a,0x01,0x49,
0x8b,0xca,0x44,0x38,0x12,0x74,0x2c,0x49,0x03,0xcb,0x44,0x38,0x14,0x11,0x75,0xf7,
0x4b,0x8d,0x04,0x08,0x48,0x3b,0xc1,0x73,0x1a,0x41,0x8a,0x08,0x80,0xf9,0x3a,0x74,
0x12,0x8d,0x41,0xbf,0x3c,0x19,0x77,0x06,0x80,0xc1,0x20,0x41,0x88,0x08,0x4d,0x03,
0xc3,0xeb,0xcc,0x48,0x8d,0x05,0x36,0x97,0x00,0x00,0x41,0xb8,0x07,0x00,0x00,0x00,
0x48,0x8b,0xca,0x44,0x38,0x12,0x74,0x20,0x44,0x8a,0x08,0x45,0x84,0xc9,0x74,0x18,
0x44,0x38,0x09,0x75,0x13,0x4d,0x3b,0xc3,0x76,0x0e,0x49,0x03,0xcb,0x49,0x03,0xc3,
0x4d,0x2b,0xc3,0x44,0x38,0x11,0x75,0xe0,0x0f,0xbe,0x00,0x0f,0xbe,0x09,0x3b,0xc8,
0x74,0x43,0xb9,0x08,0x00,0x00,0x00,0x48,0x8d,0x05,0xfa,0x96,0x00,0x00,0xeb,0x1b,
0x44,0x8a,0x00,0x45,0x84,0xc0,0x74,0x18,0x44,0x38,0x02,0x75,0x13,0x49,0x3b,0xcb,
0x76,0x0e,0x49,0x03,0xd3,0x49,0x03,0xc3,0x49,0x2b,0xcb,0x44,0x38,0x12,0x75,0xe0,
0x0f,0xbe,0x0a,0x0f,0xbe,0x00,0x3b,0xc8,0x74,0x0b,0x48,0xb8,0x02,0x00,0x00,0x00,
0x00,0x00,0x00,0x80,0xc3,0x33,0xc0,0xc3,0x48,0x89,0x5c,0x24,0x10,0x48,0x89,0x6c,
0x24,0x18,0x56,0x57,0x41,0x56,0x48,0x83,0xec,0x20,0x45,0x33,0xf6,0x49,0x8b,0xc0,
0x48,0x8b,0xfa,0x48,0x8b,0xe9,0x48,0x85,0xc9,0x0f,0x84,0x86,0x01,0x00,0x00,0x48,
0x85,0xd2,0x0f,0x84,0x7d,0x01,0x00,0x00,0x48,0x8b,0x5c,0x24,0x60,0x48,0x85,0xdb,
0x0f,0x84,0x6f,0x01,0x00,0x00,0x48,0x85,0xc0,0x74,0x09,0x4d,0x85,0xc9,0x0f,0x84,
0x61,0x01,0x00,0x00,0x4c,0x8d,0x05,0x7d,0x96,0x00,0x00,0x49,0x8b,0xd1,0x48,0x8b,
0xc8,0xe8,0x2a,0x79,0x00,0x00,0x48,0x8b,0xf0,0x48,0x85,0xc0,0x74,0x59,0x48,0x8b,
0x48,0x08,0x48,0x8d,0x15,0x77,0x96,0x00,0x00,0xe8,0x1a,0x3a,0x00,0x00,0x48,0x85,
0xc0,0x75,0x0a,0x44,0x89,0x33,0x33,0xc0,0xe9,0x32,0x01,0x00,0x00,0x48,0x8b,0x4e,
0x08,0x48,0x8d,0x15,0x68,0x96,0x00,0x00,0xe8,0xfb,0x39,0x00,0x00,0x48,0x85,0xc0,
0x75,0x08,0xc7,0x03,0x01,0x00,0x00,0x00,0xeb,0xdc,0x48,0x8b,0x4e,0x08,0x48,0x8d,
0x15,0x6b,0x96,0x00,0x00,0xe8,0xde,0x39,0x00,0x00,0x48,0x85,0xc0,0x75,0x08,0xc7,
0x03,0x02,0x00,0x00,0x00,0xeb,0xbf,0x4c,0x8d,0x44,0x24,0x40,0x48,0x8b,0xd7,0x48,
0x8b,0xcd,0xe8,0xf1,0x77,0x00,0x00,0x48,0x85,0xc0,0x0f,0x88,0xdf,0x00,0x00,0x00,
0x4c,0x8b,0x54,0x24,0x40,0x49,0x8b,0xc6,0x45,0x38,0x32,0x74,0x09,0x48,0xff,0xc0,
0x46,0x38,0x34,0x10,0x75,0xf7,0x4d,0x8d,0x42,0xfc,0x4c,0x03,0xc0,0x48,0x8d,0x05,
0x34,0x96,0x00,0x00,0x4d,0x8b,0xc8,0x41,0x8a,0x10,0x84,0xd2,0x74,0x13,0x8a,0xca,
0x3a,0x08,0x75,0x0d,0x49,0xff,0xc1,0x48,0xff,0xc0,0x41,0x8a,0x09,0x84,0xc9,0x75,
0xef,0x0f,0xbe,0x08,0x41,0x0f,0xbe,0x01,0x3b,0xc1,0x75,0x05,0x44,0x89,0x33,0xeb,
0x64,0x48,0x8d,0x05,0x08,0x96,0x00,0x00,0x49,0x8b,0xc8,0x84,0xd2,0x74,0x16,0x44,
0x8a,0xca,0x44,0x3a,0x08,0x75,0x0e,0x48,0xff,0xc1,0x48,0xff,0xc0,0x44,0x8a,0x09,
0x45,0x84,0xc9,0x75,0xed,0x0f,0xbe,0x09,0x0f,0xbe,0x00,0x3b,0xc8,0x75,0x08,0xc7,
0x03,0x01,0x00,0x00,0x00,0xeb,0x2e,0x48,0x8d,0x05,0xda,0x95,0x00,0x00,0xeb,0x0d,
0x3a,0x10,0x75,0x0d,0x49,0xff,0xc0,0x48,0xff,0xc0,0x41,0x8a,0x10,0x84,0xd2,0x75,
0xef,0x0f,0xbe,0x00,0x41,0x0f,0xbe,0x10,0x2b,0xd0,0xf7,0xda,0x1b,0xc0,0xf7,0xd8,
0x83,0xc0,0x02,0x89,0x03,0x48,0x8b,0x05,0x64,0x9f,0x00,0x00,0x49,0x8b,0xca,0xff,
0x50,0x48,0x83,0x3b,0x03,0x48,0xb8,0x0e,0x00,0x00,0x00,0x00,0x00,0x00,0x80,0x49,
0x0f,0x4c,0xc6,0xeb,0x0a,0x48,0xb8,0x02,0x00,0x00,0x00,0x00,0x00,0x00,0x80,0x48,
0x8b,0x5c,0x24,0x48,0x48,0x8b,0x6c,0x24,0x50,0x48,0x83,0xc4,0x20,0x41,0x5e,0x5f,
0x5e,0xc3,0xcc,0xcc,0x48,0x83,0xec,0x38,0x48,0x8d,0x05,0x49,0x8a,0x00,0x00,0x4c,
0x8b,0xd2,0x48,0x8b,0x51,0x10,0x48,0x3b,0xc8,0x4d,0x8b,0xc8,0x49,0x8b,0xca,0x0f,
0x95,0xc0,0x4c,0x8d,0x05,0x87,0x8a,0x00,0x00,0x88,0x44,0x24,0x20,0xe8,0x5a,0x54,
0x00,0x00,0x48,0x83,0xc4,0x38,0xc3,0xcc,0x48,0x89,0x5c,0x24,0x08,0x48,0x89,0x74,
0x24,0x18,0x57,0x48,0x83,0xec,0x30,0x49,0x8b,0xf1,0x48,0x8b,0xda,0x48,0x8b,0xf9,
0x48,0x85,0xd2,0x74,0x7c,0x4d,0x85,0xc0,0x75,0x77,0x48,0x8b,0xca,0xe8,0xa2,0xee,
0xff,0xff,0x48,0x85,0xc0,0x75,0x0d,0x48,0x8b,0xcb,0xe8,0x19,0xef,0xff,0xff,0x48,
0x85,0xc0,0x74,0x5d,0x48,0x8b,0xc8,0xc7,0x44,0x24,0x28,0x02,0x00,0x00,0x00,0x48,
0x8b,0x05,0xaa,0x9e,0x00,0x00,0x4c,0x8d,0x44,0x24,0x48,0x48,0x83,0x64,0x24,0x20,
0x00,0x48,0x8d,0x15,0x10,0x89,0x00,0x00,0x45,0x33,0xc9,0xff,0x90,0x18,0x01,0x00,
0x00,0x48,0x85,0xc0,0x78,0x35,0x4c,0x8b,0x4c,0x24,0x60,0x48,0x8d,0x05,0xa6,0x89,
0x00,0x00,0x48,0x8b,0x57,0x10,0x4c,0x8d,0x05,0xd3,0x89,0x00,0x00,0x48,0x3b,0xf8,
0x48,0x8b,0xce,0x0f,0x95,0xc0,0x88,0x44,0x24,0x20,0xe8,0xbd,0x53,0x00,0x00,0xeb,
0x0a,0x48,0xb8,0x03,0x00,0x00,0x00,0x00,0x00,0x00,0x80,0x48,0x8b,0x5c,0x24,0x40,
0x48,0x8b,0x74,0x24,0x50,0x48,0x83,0xc4,0x30,0x5f,0xc3,0xcc,0x48,0x89,0x5c,0x24,
0x08,0x48,0x89,0x6c,0x24,0x10,0x48,0x89,0x74,0x24,0x18,0x57,0x41,0x56,0x41,0x57,
0x48,0x81,0xec,0x80,0x01,0x00,0x00,0x45,0x33,0xf6,0x49,0x8b,0xf9,0x49,0x8b,0xe8,
0x44,0x8a,0xd2,0x48,0x8b,0xf1,0x49,0x8b,0xc0,0x45,0x8b,0xce,0x66,0x45,0x39,0x30,
0x0f,0x84,0x38,0x02,0x00,0x00,0x48,0x8d,0x40,0x02,0x49,0xff,0xc1,0x66,0x44,0x39,
0x30,0x75,0xf3,0x4d,0x85,0xc9,0x0f,0x84,0x22,0x02,0x00,0x00,0x49,0x8b,0xce,0x48,
0x8b,0xc7,0x49,0x8b,0xd6,0x66,0x44,0x39,0x37,0x74,0x32,0x48,0x8d,0x40,0x02,0x48,
0xff,0xc2,0x66,0x44,0x39,0x30,0x75,0xf3,0x48,0x3b,0xca,0x73,0x20,0x0f,0xb7,0x14,
0x4f,0x66,0x83,0xfa,0x3a,0x74,0x16,0x8d,0x42,0xbf,0x66,0x83,0xf8,0x19,0x77,0x08,
0x66,0x83,0xc2,0x20,0x66,0x89,0x14,0x4f,0x48,0xff,0xc1,0xeb,0xc2,0x48,0x8b,0xcf,
0x49,0x8b,0xc6,0x66,0x44,0x39,0x37,0x74,0x4a,0x48,0x8d,0x49,0x02,0x48,0xff,0xc0,
0x66,0x44,0x39,0x31,0x75,0xf3,0x48,0x85,0xc0,0x74,0x38,0x41,0xb8,0x07,0x00,0x00,
0x00,0x48,0x8d,0x15,0x58,0x94,0x00,0x00,0x48,0x8b,0xcf,0xe8,0x64,0x36,0x00,0x00,
0x48,0x85,0xc0,0x74,0x1e,0x41,0xb8,0x08,0x00,0x00,0x00,0x48,0x8d,0x15,0x4e,0x94,
0x00,0x00,0x48,0x8b,0xcf,0xe8,0x4a,0x36,0x00,0x00,0x48,0x85,0xc0,0x0f,0x85,0x8b,
0x01,0x00,0x00,0x45,0x84,0xd2,0x75,0x29,0xb9,0x1b,0x00,0x00,0x00,0xe8,0xc2,0x4e,
0x00,0x00,0x48,0x8b,0xd8,0x48,0x85,0xc0,0x75,0x0f,0x48,0xbb,0x09,0x00,0x00,0x00,
0x00,0x00,0x00,0x80,0xe9,0x60,0x01,0x00,0x00,0xc7,0x00,0x03,0x0c,0x1b,0x00,0xeb,
0x18,0xb9,0x3c,0x00,0x00,0x00,0xe8,0x99,0x4e,0x00,0x00,0x48,0x8b,0xd8,0x48,0x85,
0xc0,0x74,0xd7,0xc7,0x00,0x03,0x0d,0x3c,0x00,0x48,0x8b,0x8e,0x38,0x01,0x00,0x00,
0x48,0x8b,0xd3,0xe8,0xcc,0x50,0x00,0x00,0x48,0x8b,0x15,0x01,0x9d,0x00,0x00,0x48,
0x8b,0xcb,0x48,0x8b,0xf0,0xff,0x52,0x48,0x48,0x85,0xf6,0x75,0x0f,0x48,0xb8,0x09,
0x00,0x00,0x00,0x00,0x00,0x00,0x80,0xe9,0x1c,0x01,0x00,0x00,0x41,0xb8,0xff,0x00,
0x00,0x00,0x48,0x8d,0x94,0x24,0x80,0x00,0x00,0x00,0x48,0x8b,0xcf,0xe8,0x82,0x3b,
0x00,0x00,0x49,0x8b,0xc6,0x44,0x38,0xb4,0x24,0x80,0x00,0x00,0x00,0x74,0x0d,0x48,
0xff,0xc0,0x44,0x38,0xb4,0x04,0x80,0x00,0x00,0x00,0x75,0xf3,0x48,0x8d,0x78,0x05,
0x48,0x8b,0xd7,0xe8,0xe4,0x4d,0x00,0x00,0x48,0x8b,0xd8,0x48,0x85,0xc0,0x75,0x12,
0x48,0xbb,0x09,0x00,0x00,0x00,0x00,0x00,0x00,0x80,0x48,0x8b,0xce,0xe9,0xad,0x00,
0x00,0x00,0x66,0xc7,0x00,0x03,0x18,0x66,0x89,0x78,0x02,0x49,0x8b,0xc6,0x44,0x38,
0xb4,0x24,0x80,0x00,0x00,0x00,0x74,0x0d,0x48,0xff,0xc0,0x44,0x38,0xb4,0x04,0x80,
0x00,0x00,0x00,0x75,0xf3,0x4c,0x8d,0x40,0x01,0x48,0x8d,0x4b,0x04,0x4d,0x85,0xc0,
0x74,0x1a,0x48,0x8d,0x84,0x24,0x80,0x00,0x00,0x00,0x48,0x3b,0xc8,0x74,0x0d,0x48,
0x8d,0x94,0x24,0x80,0x00,0x00,0x00,0xe8,0x44,0xc8,0xff,0xff,0x48,0x8b,0xd3,0x48,
0x8b,0xce,0xe8,0xfd,0x4f,0x00,0x00,0x48,0x8b,0x15,0x32,0x9c,0x00,0x00,0x48,0x8b,
0xcb,0x48,0x8b,0xf8,0xff,0x52,0x48,0x48,0x8b,0x15,0x22,0x9c,0x00,0x00,0x48,0x8b,
0xce,0xff,0x52,0x48,0x48,0x85,0xff,0x0f,0x84,0xcd,0xfe,0xff,0xff,0x4c,0x8b,0xc7,
0x48,0x8d,0x4c,0x24,0x20,0x48,0x8b,0xd5,0xe8,0x33,0x7e,0x00,0x00,0x48,0x8b,0xd8,
0x48,0x85,0xc0,0x78,0x17,0x48,0x8d,0x4c,0x24,0x20,0xe8,0x91,0x7d,0x00,0x00,0x48,
0x8d,0x4c,0x24,0x20,0x48,0x8b,0xd8,0xe8,0xf4,0x7f,0x00,0x00,0x48,0x8b,0xcf,0x48,
0x8b,0x05,0xda,0x9b,0x00,0x00,0xff,0x50,0x48,0x48,0x8b,0xc3,0xeb,0x0a,0x48,0xb8,
0x02,0x00,0x00,0x00,0x00,0x00,0x00,0x80,0x4c,0x8d,0x9c,0x24,0x80,0x01,0x00,0x00,
0x49,0x8b,0x5b,0x20,0x49,0x8b,0x6b,0x28,0x49,0x8b,0x73,0x30,0x49,0x8b,0xe3,0x41,
0x5f,0x41,0x5e,0x5f,0xc3,0xcc,0xcc,0xcc,0x48,0x89,0x5c,0x24,0x08,0x48,0x89,0x6c,
0x24,0x10,0x48,0x89,0x74,0x24,0x18,0x57,0x41,0x54,0x41,0x55,0x41,0x56,0x41,0x57,
0x48,0x83,0xec,0x30,0x45,0x33,0xff,0x4d,0x8b,0xf1,0x49,0x8b,0xf8,0x48,0x8b,0xda,
0x48,0x8b,0xe9,0x4d,0x85,0xc0,0x0f,0x84,0x69,0x01,0x00,0x00,0x4d,0x85,0xc9,0x0f,
0x84,0x60,0x01,0x00,0x00,0x49,0x89,0x10,0x48,0x85,0xd2,0x74,0x1b,0x48,0x8b,0xca,
0xe8,0xff,0x69,0x00,0x00,0x84,0xc0,0x75,0x0f,0x48,0xb8,0x0e,0x00,0x00,0x00,0x00,
0x00,0x00,0x80,0xe9,0x47,0x01,0x00,0x00,0x4c,0x8d,0x6d,0x18,0xba,0x96,0x02,0x00,
0x00,0x49,0x8b,0xcd,0x45,0x8a,0xe7,0xe8,0x74,0xc7,0xff,0xff,0x48,0x8d,0x4d,0x1a,
0xba,0x25,0x00,0x00,0x00,0x4c,0x8d,0x05,0x24,0x92,0x00,0x00,0xe8,0x97,0x35,0x00,
0x00,0x48,0x8b,0xf3,0x48,0x85,0xdb,0x74,0x14,0x48,0x8d,0x15,0x28,0x92,0x00,0x00,
0x48,0x8b,0xcb,0xe8,0x20,0x34,0x00,0x00,0x48,0x85,0xc0,0x75,0x7d,0x4c,0x8b,0x45,
0xe8,0xe8,0x8e,0x66,0x00,0x00,0x48,0x8b,0xe8,0x48,0x8b,0xc8,0x49,0x8b,0xd7,0x66,
0x44,0x39,0x38,0x74,0x0d,0x48,0x8d,0x49,0x02,0x48,0xff,0xc2,0x66,0x44,0x39,0x39,
0x75,0xf3,0x4c,0x8d,0x3c,0x55,0x42,0x00,0x00,0x00,0x49,0x8b,0xcf,0xe8,0x42,0x4c,
0x00,0x00,0x48,0x8b,0xf0,0x48,0x85,0xc0,0x75,0x0f,0x48,0xb8,0x09,0x00,0x00,0x00,
0x00,0x00,0x00,0x80,0xe9,0xb6,0x00,0x00,0x00,0x4c,0x8b,0xcd,0x48,0xc7,0x44,0x24,
0x20,0x96,0x02,0x00,0x00,0x4c,0x8d,0x05,0xcc,0x91,0x00,0x00,0x49,0x8b,0xd7,0x48,
0x8b,0xc8,0x41,0xb4,0x01,0xe8,0x52,0x3c,0x00,0x00,0x48,0x8b,0x05,0x8f,0x9a,0x00,
0x00,0x48,0x8b,0xcd,0xff,0x50,0x48,0x45,0x33,0xff,0x48,0x8b,0x05,0x9f,0x9a,0x00,
0x00,0x41,0xb9,0x96,0x02,0x00,0x00,0x48,0x89,0x7c,0x24,0x28,0x4d,0x8b,0xc5,0x48,
0x8b,0xd6,0x4c,0x89,0x74,0x24,0x20,0x48,0x8b,0xc8,0xff,0x50,0x18,0x48,0x8b,0xe8,
0x45,0x84,0xe4,0x74,0x0d,0x48,0x8b,0x15,0x54,0x9a,0x00,0x00,0x48,0x8b,0xce,0xff,
0x52,0x48,0x48,0x85,0xdb,0x75,0x05,0x4c,0x89,0x3f,0xeb,0x34,0x48,0x8d,0x15,0x55,
0x91,0x00,0x00,0x48,0x8b,0xcb,0xe8,0x4d,0x33,0x00,0x00,0x48,0x85,0xc0,0x75,0x20,
0x48,0x8b,0xcb,0x49,0x8b,0xc7,0x66,0x44,0x39,0x3b,0x74,0x0d,0x48,0x8d,0x49,0x02,
0x48,0xff,0xc0,0x66,0x44,0x39,0x39,0x75,0xf3,0x48,0x8d,0x04,0x43,0x48,0x89,0x07,
0x48,0x8b,0xc5,0xeb,0x0a,0x48,0xb8,0x02,0x00,0x00,0x00,0x00,0x00,0x00,0x80,0x48,
0x8b,0x5c,0x24,0x60,0x48,0x8b,0x6c,0x24,0x68,0x48,0x8b,0x74,0x24,0x70,0x48,0x83,
0xc4,0x30,0x41,0x5f,0x41,0x5e,0x41,0x5d,0x41,0x5c,0x5f,0xc3,0x48,0x89,0x5c,0x24,
0x08,0x48,0x89,0x6c,0x24,0x10,0x56,0x57,0x41,0x56,0x48,0x83,0xec,0x30,0x49,0x8b,
0xf0,0x48,0x8b,0xda,0x48,0x8b,0xf9,0x4d,0x85,0xc0,0x75,0x0c,0x48,0xb8,0x02,0x00,
0x00,0x00,0x00,0x00,0x00,0x80,0xeb,0x78,0x49,0x89,0x18,0x48,0x85,0xdb,0x74,0xec,
0x48,0x8b,0xcb,0xe8,0x4c,0x68,0x00,0x00,0x84,0xc0,0x75,0x0c,0x48,0xb8,0x0e,0x00,
0x00,0x00,0x00,0x00,0x00,0x80,0xeb,0x58,0xba,0x96,0x02,0x00,0x00,0x48,0x8d,0x6f,
0x18,0x48,0x8b,0xcd,0x48,0x89,0x54,0x24,0x60,0xe8,0xc2,0xc5,0xff,0xff,0x48,0x8b,
0x05,0x9b,0x99,0x00,0x00,0x4c,0x8d,0x4c,0x24,0x60,0x4c,0x8b,0xc5,0x48,0x89,0x74,
0x24,0x20,0x48,0x8b,0xd3,0x48,0x8b,0xc8,0xff,0x50,0x20,0x48,0x85,0xc0,0x78,0x20,
0x80,0x7d,0x00,0x01,0x4c,0x8d,0x8f,0xb0,0x00,0x00,0x00,0x4c,0x8d,0x47,0x1a,0x0f,
0x94,0xc2,0x48,0x8d,0x8f,0x60,0xfe,0xff,0xff,0xe8,0xfe,0xfa,0xff,0xff,0x33,0xc0,
0x48,0x8b,0x5c,0x24,0x50,0x48,0x8b,0x6c,0x24,0x58,0x48,0x83,0xc4,0x30,0x41,0x5e,
0x5f,0x5e,0xc3,0xcc,0x48,0x89,0x5c,0x24,0x10,0x48,0x89,0x6c,0x24,0x18,0x48,0x89,
0x74,0x24,0x20,0x57,0x48,0x83,0xec,0x30,0x33,0xed,0x8b,0xfd,0x8b,0xf5,0x48,0x85,
0xc9,0x0f,0x84,0x32,0x01,0x00,0x00,0x48,0x8b,0x44,0x24,0x60,0x48,0x85,0xc0,0x0f,
0x84,0x24,0x01,0x00,0x00,0x48,0x85,0xd2,0x74,0x0f,0x48,0xb8,0x03,0x00,0x00,0x00,
0x00,0x00,0x00,0x80,0xe9,0x1a,0x01,0x00,0x00,0xba,0x01,0x01,0x00,0x00,0x66,0x44,
0x3b,0xc2,0x0f,0x85,0xfc,0x00,0x00,0x00,0x0f,0xb7,0x10,0x48,0x8b,0x49,0xf8,0xe8,
0xcc,0x61,0x00,0x00,0x48,0x8b,0xd8,0x48,0x85,0xc0,0x0f,0x84,0xe9,0x00,0x00,0x00,
0x48,0x8b,0xc8,0x48,0x8b,0xc5,0x66,0x39,0x29,0x0f,0x84,0xb6,0x00,0x00,0x00,0x48,
0x8d,0x49,0x02,0x48,0xff,0xc0,0x66,0x39,0x29,0x75,0xf4,0x48,0x85,0xc0,0x0f,0x84,
0xa1,0x00,0x00,0x00,0x48,0x8b,0xc3,0x48,0x8b,0xcd,0x48,0x8d,0x40,0x02,0x48,0xff,
0xc1,0x66,0x39,0x28,0x75,0xf4,0x48,0x8d,0x71,0x01,0x48,0x8b,0xce,0xe8,0xf2,0x49,
0x00,0x00,0x48,0x8b,0xf8,0x48,0x8b,0xcb,0x48,0x85,0xc0,0x75,0x19,0x48,0x8b,0x05,
0x6c,0x98,0x00,0x00,0xff,0x50,0x48,0x48,0xb8,0x09,0x00,0x00,0x00,0x00,0x00,0x00,
0x80,0xe9,0x8d,0x00,0x00,0x00,0x4c,0x8b,0xc6,0x48,0x8b,0xd7,0xe8,0x03,0x37,0x00,
0x00,0x48,0x8b,0xcf,0xe8,0x83,0xf6,0xff,0xff,0x48,0x8b,0xf0,0x48,0xb8,0x02,0x00,
0x00,0x00,0x00,0x00,0x00,0x80,0x48,0x3b,0xf0,0x75,0x09,0x4c,0x8d,0x0d,0x8e,0x8f,
0x00,0x00,0xeb,0x16,0x48,0xb8,0x0f,0x00,0x00,0x00,0x00,0x00,0x00,0x80,0x48,0x3b,
0xf0,0x75,0x22,0x4c,0x8d,0x0d,0xe6,0x8f,0x00,0x00,0x4c,0x8d,0x05,0xaf,0x8f,0x00,
0x00,0x48,0x89,0x6c,0x24,0x20,0x48,0x8d,0x54,0x24,0x40,0xb9,0x17,0x00,0x00,0x00,
0xe8,0xc7,0x52,0x00,0x00,0x48,0x8b,0x05,0xf4,0x97,0x00,0x00,0x48,0x8b,0xcb,0xff,
0x50,0x48,0x48,0x85,0xff,0x74,0x0d,0x48,0x8b,0x05,0xe2,0x97,0x00,0x00,0x48,0x8b,
0xcf,0xff,0x50,0x48,0x48,0x8b,0xc6,0xeb,0x0a,0x48,0xb8,0x02,0x00,0x00,0x00,0x00,
0x00,0x00,0x80,0x48,0x8b,0x5c,0x24,0x48,0x48,0x8b,0x6c,0x24,0x50,0x48,0x8b,0x74,
0x24,0x58,0x48,0x83,0xc4,0x30,0x5f,0xc3,0x48,0x89,0x5c,0x24,0x10,0x48,0x89,0x74,
0x24,0x18,0x57,0x48,0x81,0xec,0x50,0x01,0x00,0x00,0x80,0xb9,0x84,0x01,0x00,0x00,
0x00,0x48,0x8b,0xf1,0x74,0x04,0x33,0xc0,0xeb,0x6e,0xc7,0x81,0x80,0x01,0x00,0x00,
0x48,0x42,0x66,0x63,0xba,0x14,0x00,0x00,0x00,0x48,0x8d,0x4c,0x24,0x30,0xe8,0xbd,
0xc3,0xff,0xff,0x48,0x8b,0x05,0xee,0x81,0x00,0x00,0x48,0x8d,0x54,0x24,0x30,0x48,
0x8b,0x8e,0x38,0x01,0x00,0x00,0x48,0x89,0x44,0x24,0x34,0x48,0x8b,0x05,0xde,0x81,
0x00,0x00,0x48,0x89,0x44,0x24,0x3c,0xc7,0x44,0x24,0x30,0x01,0x04,0x14,0x00,0xe8,
0x10,0x4b,0x00,0x00,0x48,0x89,0x86,0x90,0x01,0x00,0x00,0x4c,0x8b,0xc0,0x48,0x85,
0xc0,0x75,0x2a,0x48,0xbb,0x09,0x00,0x00,0x00,0x00,0x00,0x00,0x80,0x48,0x8b,0xce,
0xe8,0x43,0x01,0x00,0x00,0x48,0x8b,0xc3,0x4c,0x8d,0x9c,0x24,0x50,0x01,0x00,0x00,
0x49,0x8b,0x5b,0x18,0x49,0x8b,0x73,0x20,0x49,0x8b,0xe3,0x5f,0xc3,0x48,0x83,0x64,
0x24,0x28,0x00,0x48,0x8d,0x86,0xa0,0x01,0x00,0x00,0x48,0x8d,0x0d,0x57,0xfb,0xff,
0xff,0x48,0x89,0x44,0x24,0x20,0x48,0x89,0x08,0x48,0x8d,0xbe,0x88,0x01,0x00,0x00,
0x48,0x8d,0x0d,0x05,0xfd,0xff,0xff,0x48,0x89,0x8e,0xa8,0x01,0x00,0x00,0x4c,0x8d,
0x0d,0x93,0x80,0x00,0x00,0x48,0x8d,0x0d,0xa8,0xfd,0xff,0xff,0x48,0x89,0x8e,0xb0,
0x01,0x00,0x00,0x48,0x8d,0x15,0x86,0x7d,0x00,0x00,0x48,0x8b,0x05,0xbf,0x96,0x00,
0x00,0x48,0x8b,0xcf,0xff,0x90,0x48,0x01,0x00,0x00,0x48,0x8b,0xd8,0x48,0x85,0xc0,
0x0f,0x88,0x77,0xff,0xff,0xff,0x48,0x8b,0x17,0x4c,0x8d,0x0d,0x90,0x82,0x00,0x00,
0x48,0x83,0x64,0x24,0x20,0x00,0x4c,0x8d,0x05,0x23,0x7e,0x00,0x00,0x48,0x8d,0x0d,
0x1c,0x7d,0x00,0x00,0xe8,0xff,0x60,0x00,0x00,0x48,0x89,0x86,0x98,0x01,0x00,0x00,
0x48,0x85,0xc0,0x0f,0x84,0x3a,0xff,0xff,0xff,0x48,0x8b,0x4e,0x08,0x4c,0x8d,0x84,
0x24,0x60,0x01,0x00,0x00,0xe8,0x56,0x56,0x00,0x00,0x48,0x8b,0xd8,0x48,0x85,0xc0,
0x0f,0x88,0x27,0xff,0xff,0xff,0x48,0x8b,0x8e,0x98,0x01,0x00,0x00,0xba,0x03,0x00,
0x00,0x00,0xe8,0x49,0x5f,0x00,0x00,0x48,0x8b,0x9c,0x24,0x60,0x01,0x00,0x00,0x4c,
0x8d,0x05,0x32,0x8e,0x00,0x00,0x4c,0x8b,0xc8,0x48,0x89,0x5c,0x24,0x20,0xba,0x80,
0x00,0x00,0x00,0x48,0x8d,0x4c,0x24,0x50,0x48,0x8b,0xf8,0xe8,0xdc,0x37,0x00,0x00,
0x48,0x8b,0x8e,0x98,0x01,0x00,0x00,0x4c,0x8d,0x44,0x24,0x50,0xe8,0xe7,0x5d,0x00,
0x00,0x48,0x8b,0x15,0x08,0x96,0x00,0x00,0x48,0x8b,0xcb,0xff,0x52,0x48,0x48,0x8b,
0x05,0xfb,0x95,0x00,0x00,0x48,0x8b,0xcf,0xff,0x50,0x48,0xc6,0x86,0x84,0x01,0x00,
0x00,0x01,0xe9,0x4f,0xfe,0xff,0xff,0xcc,0x40,0x53,0x48,0x83,0xec,0x30,0x48,0x83,
0x79,0x10,0x00,0x48,0x8b,0xd9,0x0f,0x85,0x92,0x00,0x00,0x00,0x48,0x83,0x79,0x18,
0x00,0x0f,0x85,0x87,0x00,0x00,0x00,0x48,0x8b,0x89,0x88,0x01,0x00,0x00,0x48,0x85,
0xc9,0x74,0x3c,0x48,0x83,0x64,0x24,0x28,0x00,0x48,0x8d,0x83,0xa0,0x01,0x00,0x00,
0x4c,0x8b,0x83,0x90,0x01,0x00,0x00,0x4c,0x8d,0x0d,0x5a,0x7f,0x00,0x00,0x48,0x89,
0x44,0x24,0x20,0x48,0x8d,0x15,0x56,0x7c,0x00,0x00,0x48,0x8b,0x05,0x8f,0x95,0x00,
0x00,0xff,0x90,0x50,0x01,0x00,0x00,0x48,0x83,0xa3,0x88,0x01,0x00,0x00,0x00,0x48,
0x8b,0x8b,0x90,0x01,0x00,0x00,0x48,0x85,0xc9,0x74,0x12,0x48,0x8b,0x05,0x6e,0x95,
0x00,0x00,0xff,0x50,0x48,0x48,0x83,0xa3,0x90,0x01,0x00,0x00,0x00,0x48,0x8b,0x93,
0x98,0x01,0x00,0x00,0x48,0x85,0xd2,0x74,0x15,0x48,0x8b,0x05,0x90,0x95,0x00,0x00,
0x48,0x8b,0xc8,0xff,0x50,0x08,0x48,0x83,0xa3,0x98,0x01,0x00,0x00,0x00,0x33,0xc0,
0x48,0x83,0xc4,0x30,0x5b,0xc3,0xcc,0xcc,0x48,0x8b,0xc4,0x48,0x89,0x58,0x08,0x48,
0x89,0x68,0x10,0x48,0x89,0x70,0x18,0x48,0x89,0x78,0x20,0x41,0x56,0x48,0x83,0xec,
0x20,0x33,0xed,0x48,0x8b,0xd9,0x40,0x38,0xa9,0x50,0x04,0x00,0x00,0x75,0x7f,0x8d,
0x4d,0x1b,0xe8,0x7d,0x46,0x00,0x00,0x48,0x8b,0xf8,0x48,0x85,0xc0,0x75,0x0f,0x48,
0xb8,0x09,0x00,0x00,0x00,0x00,0x00,0x00,0x80,0xe9,0x05,0x03,0x00,0x00,0x48,0x8d,
0x93,0x54,0x04,0x00,0x00,0xc7,0x00,0x03,0x0c,0x1b,0x00,0x48,0x8d,0x48,0x04,0xbe,
0x04,0x00,0x00,0x00,0x48,0x3b,0xca,0x74,0x08,0x44,0x8b,0xc6,0xe8,0xcf,0xc0,0xff,
0xff,0x0f,0xb7,0x83,0x94,0x04,0x00,0x00,0x48,0x8d,0x93,0x74,0x04,0x00,0x00,0x66,
0x89,0x47,0x0e,0x48,0x8d,0x4f,0x13,0x40,0x88,0x6f,0x12,0xb8,0x06,0x00,0x00,0x00,
0x66,0x89,0x47,0x10,0x48,0x3b,0xca,0x74,0x08,0x4c,0x8b,0xc6,0xe8,0x9f,0xc0,0xff,
0xff,0x48,0x8d,0x93,0x64,0x04,0x00,0x00,0x48,0x8d,0x4f,0x17,0xeb,0x76,0xb9,0x3c,
0x00,0x00,0x00,0xe8,0xfc,0x45,0x00,0x00,0x48,0x8b,0xf8,0x48,0x85,0xc0,0x0f,0x84,
0x7b,0xff,0xff,0xff,0xc7,0x00,0x03,0x0d,0x3c,0x00,0x48,0x8d,0x93,0x54,0x04,0x00,
0x00,0xc6,0x40,0x2b,0x40,0x48,0x8d,0x4f,0x04,0x0f,0xb7,0x83,0x94,0x04,0x00,0x00,
0x66,0x89,0x47,0x26,0xb8,0x06,0x00,0x00,0x00,0x66,0x89,0x47,0x28,0x40,0x88,0x6f,
0x2a,0x8d,0x70,0x0a,0x48,0x3b,0xca,0x74,0x08,0x44,0x8b,0xc6,0xe8,0x3f,0xc0,0xff,
0xff,0x48,0x8d,0x93,0x84,0x04,0x00,0x00,0x48,0x8d,0x4f,0x14,0x48,0x3b,0xca,0x74,
0x08,0x4c,0x8b,0xc6,0xe8,0x27,0xc0,0xff,0xff,0x48,0x8d,0x93,0x74,0x04,0x00,0x00,
0x48,0x8d,0x4f,0x2c,0x48,0x3b,0xca,0x74,0x08,0x4c,0x8b,0xc6,0xe8,0x0f,0xc0,0xff,
0xff,0x48,0x8b,0x8b,0x38,0x01,0x00,0x00,0x48,0x8b,0xd7,0xe8,0xc4,0x47,0x00,0x00,
0x48,0x8b,0xf0,0x48,0x8b,0xcf,0x48,0x8b,0x05,0xf3,0x93,0x00,0x00,0xff,0x50,0x48,
0x48,0x85,0xf6,0x0f,0x84,0xe6,0xfe,0xff,0xff,0x48,0x39,0xab,0xa0,0x04,0x00,0x00,
0x0f,0x84,0x9e,0x00,0x00,0x00,0x8b,0xab,0x98,0x04,0x00,0x00,0x48,0xc1,0xe5,0x04,
0x48,0x83,0xc5,0x05,0x48,0x8b,0xd5,0xe8,0x00,0x45,0x00,0x00,0x48,0x8b,0xf8,0x48,
0x85,0xc0,0x75,0x12,0x48,0x8b,0xce,0x48,0x8b,0x05,0xb2,0x93,0x00,0x00,0xff,0x50,
0x48,0xe9,0xa9,0xfe,0xff,0xff,0x66,0xc7,0x00,0x03,0x1f,0x48,0x8d,0x4f,0x05,0x66,
0x89,0x68,0x02,0x80,0xbb,0x50,0x04,0x00,0x00,0x00,0x0f,0x95,0xc0,0x88,0x47,0x04,
0x44,0x8b,0x83,0x98,0x04,0x00,0x00,0x48,0x8b,0x93,0xa0,0x04,0x00,0x00,0x49,0xc1,
0xe0,0x04,0x4d,0x85,0xc0,0x74,0x0a,0x48,0x3b,0xca,0x74,0x05,0xe8,0x6f,0xbf,0xff,
0xff,0x48,0x8b,0xd7,0x48,0x8b,0xce,0xe8,0x28,0x47,0x00,0x00,0x48,0x8b,0x15,0x5d,
0x93,0x00,0x00,0x48,0x8b,0xcf,0x48,0x8b,0xe8,0xff,0x52,0x48,0x48,0x8b,0x15,0x4d,
0x93,0x00,0x00,0x48,0x8b,0xce,0xff,0x52,0x48,0x33,0xf6,0x48,0x85,0xed,0x0f,0x84,
0x3b,0xfe,0xff,0xff,0x48,0x8b,0x8b,0xa8,0x04,0x00,0x00,0x33,0xc0,0x38,0x01,0x74,
0x09,0x48,0xff,0xc0,0x80,0x3c,0x01,0x00,0x75,0xf7,0x48,0x8d,0x78,0x05,0x48,0x8b,
0xd7,0xe8,0x56,0x44,0x00,0x00,0x4c,0x8b,0xf0,0x48,0x85,0xc0,0x75,0x23,0x48,0x85,
0xf6,0x74,0x0d,0x48,0x8b,0x05,0x06,0x93,0x00,0x00,0x48,0x8b,0xce,0xff,0x50,0x48,
0x48,0x85,0xed,0x0f,0x84,0xf6,0xfd,0xff,0xff,0x48,0x8b,0xcd,0xe9,0x36,0xff,0xff,
0xff,0x66,0xc7,0x00,0x03,0x18,0x66,0x89,0x78,0x02,0x33,0xc0,0x48,0x8b,0x93,0xa8,
0x04,0x00,0x00,0x38,0x02,0x74,0x09,0x48,0xff,0xc0,0x80,0x3c,0x02,0x00,0x75,0xf7,
0x4c,0x8d,0x40,0x01,0x49,0x8d,0x4e,0x04,0x4d,0x85,0xc0,0x74,0x0a,0x48,0x3b,0xca,
0x74,0x05,0xe8,0xb9,0xbe,0xff,0xff,0x49,0x8b,0xd6,0x48,0x85,0xed,0x74,0x1a,0x48,
0x8b,0xcd,0xe8,0x6d,0x46,0x00,0x00,0x48,0x8b,0x15,0xa2,0x92,0x00,0x00,0x48,0x8b,
0xcd,0x48,0x8b,0xf8,0xff,0x52,0x48,0xeb,0x18,0x48,0x8b,0xce,0xe8,0x53,0x46,0x00,
0x00,0x48,0x8b,0xf8,0x48,0x8b,0xce,0x48,0x8b,0x05,0x82,0x92,0x00,0x00,0xff,0x50,
0x48,0x48,0x8b,0x05,0x78,0x92,0x00,0x00,0x49,0x8b,0xce,0xff,0x50,0x48,0x48,0x85,
0xff,0x0f,0x84,0x68,0xfd,0xff,0xff,0x80,0xbb,0x50,0x04,0x00,0x00,0x00,0x48,0x8d,
0x15,0x1b,0x79,0x00,0x00,0x48,0x8b,0x05,0x54,0x92,0x00,0x00,0x4c,0x8b,0xcf,0x75,
0x2f,0x48,0x8b,0x4b,0x10,0x4c,0x8b,0x41,0x20,0x48,0x8b,0x49,0x08,0xff,0x90,0x88,
0x00,0x00,0x00,0x48,0x85,0xc0,0x78,0x4b,0x48,0x8b,0x4b,0x10,0x48,0x8b,0x05,0x2d,
0x92,0x00,0x00,0x48,0x8b,0x49,0x20,0xff,0x50,0x48,0x48,0x8b,0x43,0x10,0xeb,0x2d,
0x48,0x8b,0x4b,0x18,0x4c,0x8b,0x41,0x20,0x48,0x8b,0x49,0x08,0xff,0x90,0x88,0x00,
0x00,0x00,0x48,0x85,0xc0,0x78,0x1c,0x48,0x8b,0x4b,0x18,0x48,0x8b,0x05,0xfe,0x91,
0x00,0x00,0x48,0x8b,0x49,0x20,0xff,0x50,0x48,0x48,0x8b,0x43,0x18,0x48,0x89,0x78,
0x20,0x33,0xc0,0x48,0x8b,0x5c,0x24,0x30,0x48,0x8b,0x6c,0x24,0x38,0x48,0x8b,0x74,
0x24,0x40,0x48,0x8b,0x7c,0x24,0x48,0x48,0x83,0xc4,0x20,0x41,0x5e,0xc3,0xcc,0xcc,
0x48,0x89,0x5c,0x24,0x08,0x48,0x89,0x6c,0x24,0x10,0x48,0x89,0x74,0x24,0x18,0x57,
0x48,0x83,0xec,0x20,0x8b,0x81,0xe8,0x04,0x00,0x00,0x48,0x8b,0xd9,0xff,0xc8,0x33,
0xed,0x48,0x69,0xf0,0x10,0x06,0x00,0x00,0x48,0x03,0xf1,0x48,0x8b,0x89,0xc8,0x04,
0x00,0x00,0x48,0x85,0xc9,0x75,0x56,0x83,0xbe,0xb8,0x0a,0x00,0x00,0x02,0x76,0x24,
0x8b,0x83,0xec,0x04,0x00,0x00,0x48,0x8d,0x93,0xf0,0x04,0x00,0x00,0x48,0xc1,0xe0,
0x06,0x8b,0x84,0x18,0x14,0x66,0x00,0x00,0x48,0x69,0xc8,0x10,0x06,0x00,0x00,0x48,
0x03,0xd1,0xeb,0x07,0x48,0x8d,0x96,0xf0,0x04,0x00,0x00,0x48,0x8b,0x82,0xd0,0x05,
0x00,0x00,0x48,0x89,0x83,0xb0,0x04,0x00,0x00,0x48,0x8b,0x82,0x00,0x06,0x00,0x00,
0x48,0x83,0xc0,0x02,0x48,0x89,0x83,0xa8,0x04,0x00,0x00,0xeb,0x15,0x48,0x8b,0x83,
0xd0,0x04,0x00,0x00,0x48,0x89,0x83,0xb0,0x04,0x00,0x00,0x48,0x89,0x8b,0xa8,0x04,
0x00,0x00,0x48,0x8b,0x8b,0xa8,0x04,0x00,0x00,0xe8,0x5e,0xef,0xff,0xff,0x48,0x8b,
0xf8,0x48,0x85,0xc0,0x79,0x3c,0x48,0xb8,0x02,0x00,0x00,0x00,0x00,0x00,0x00,0x80,
0x48,0x3b,0xf8,0x75,0x09,0x48,0x8d,0x0d,0x14,0x89,0x00,0x00,0xeb,0x1a,0x48,0xb8,
0x0f,0x00,0x00,0x00,0x00,0x00,0x00,0x80,0x48,0x3b,0xf8,0x0f,0x85,0x1a,0x01,0x00,
0x00,0x48,0x8d,0x0d,0x18,0x89,0x00,0x00,0xe8,0xd7,0x4a,0x00,0x00,0xe9,0x09,0x01,
0x00,0x00,0x8b,0x86,0xb8,0x0a,0x00,0x00,0xff,0xc8,0x83,0xf8,0x02,0x0f,0x87,0x9c,
0x00,0x00,0x00,0x48,0x8b,0xb6,0xf8,0x0a,0x00,0x00,0x0f,0xb6,0x4e,0x01,0xc1,0xe9,
0x02,0x89,0x8b,0x98,0x04,0x00,0x00,0x48,0xc1,0xe1,0x04,0xe8,0x24,0x42,0x00,0x00,
0x48,0x89,0x83,0xa0,0x04,0x00,0x00,0x48,0x85,0xc0,0x75,0x0f,0x48,0xb8,0x09,0x00,
0x00,0x00,0x00,0x00,0x00,0x80,0xe9,0xc3,0x00,0x00,0x00,0x8b,0xfd,0x39,0xab,0x98,
0x04,0x00,0x00,0x76,0x2f,0x8b,0xcf,0x48,0x8d,0x56,0x02,0x48,0x8d,0x14,0x8a,0x48,
0xc1,0xe1,0x04,0x48,0x03,0x8b,0xa0,0x04,0x00,0x00,0x48,0x3b,0xca,0x74,0x0b,0x41,
0xb8,0x04,0x00,0x00,0x00,0xe8,0x66,0xbc,0xff,0xff,0xff,0xc7,0x3b,0xbb,0x98,0x04,
0x00,0x00,0x72,0xd1,0x48,0x8b,0x83,0x18,0x01,0x00,0x00,0x4c,0x8d,0x4e,0x02,0x44,
0x0f,0xb6,0x46,0x01,0xba,0x04,0x00,0x00,0x00,0x48,0x8b,0xc8,0xff,0x10,0x48,0x8b,
0xf8,0x48,0x85,0xc0,0x79,0x09,0x48,0x8b,0x8b,0xa0,0x04,0x00,0x00,0xeb,0x4b,0x48,
0x8b,0x93,0xb0,0x04,0x00,0x00,0x48,0x8d,0xbb,0x94,0x04,0x00,0x00,0x48,0x8b,0x8b,
0xa8,0x04,0x00,0x00,0x4c,0x8b,0xc7,0xe8,0xac,0x66,0x00,0x00,0x48,0x85,0xc0,0x78,
0x05,0x66,0x39,0x2f,0x75,0x08,0xb8,0x50,0x00,0x00,0x00,0x66,0x89,0x07,0x48,0x8b,
0xcb,0xe8,0xc2,0xfa,0xff,0xff,0x48,0x8b,0xf8,0x48,0x85,0xc0,0x79,0x1d,0x48,0x8b,
0x8b,0xa0,0x04,0x00,0x00,0x48,0x85,0xc9,0x74,0x11,0x48,0x8b,0x15,0xdf,0x8f,0x00,
0x00,0xff,0x52,0x48,0x48,0x89,0xab,0xa0,0x04,0x00,0x00,0x48,0x8b,0xc7,0x48,0x8b,
0x5c,0x24,0x30,0x48,0x8b,0x6c,0x24,0x38,0x48,0x8b,0x74,0x24,0x40,0x48,0x83,0xc4,
0x20,0x5f,0xc3,0xcc,0x48,0x8b,0xc4,0x48,0x89,0x58,0x10,0x48,0x89,0x68,0x18,0x48,
0x89,0x70,0x20,0x57,0x41,0x56,0x41,0x57,0x48,0x83,0xec,0x30,0x45,0x33,0xf6,0x48,
0x8b,0xd9,0x4c,0x89,0x70,0x08,0x41,0x8b,0xee,0x8b,0x81,0xe8,0x04,0x00,0x00,0xff,
0xc8,0x48,0x69,0xf8,0x10,0x06,0x00,0x00,0x48,0x03,0xf9,0x48,0x8b,0x89,0xc8,0x04,
0x00,0x00,0x48,0x85,0xc9,0x75,0x56,0x83,0xbf,0xb8,0x0a,0x00,0x00,0x02,0x76,0x24,
0x8b,0x83,0xec,0x04,0x00,0x00,0x48,0x8d,0x93,0xf0,0x04,0x00,0x00,0x48,0xc1,0xe0,
0x06,0x8b,0x84,0x18,0x14,0x66,0x00,0x00,0x48,0x69,0xc8,0x10,0x06,0x00,0x00,0x48,
0x03,0xd1,0xeb,0x07,0x48,0x8d,0x97,0xf0,0x04,0x00,0x00,0x48,0x8b,0x82,0xf8,0x05,
0x00,0x00,0x48,0x89,0x83,0xb0,0x04,0x00,0x00,0x48,0x8b,0x82,0xd8,0x05,0x00,0x00,
0x48,0x83,0xc0,0x04,0x48,0x89,0x83,0xa8,0x04,0x00,0x00,0xeb,0x15,0x48,0x8b,0x83,
0xd0,0x04,0x00,0x00,0x48,0x89,0x83,0xb0,0x04,0x00,0x00,0x48,0x89,0x8b,0xa8,0x04,
0x00,0x00,0x48,0x8b,0x8b,0xa8,0x04,0x00,0x00,0xe8,0x3e,0xed,0xff,0xff,0x48,0x8b,
0xf0,0x48,0x85,0xc0,0x79,0x3b,0x48,0xbf,0x02,0x00,0x00,0x00,0x00,0x00,0x00,0x80,
0x48,0x3b,0xc7,0x75,0x09,0x48,0x8d,0x0d,0xf4,0x86,0x00,0x00,0xeb,0x16,0x48,0xb8,
0x0f,0x00,0x00,0x00,0x00,0x00,0x00,0x80,0x48,0x3b,0xf0,0x75,0x0c,0x48,0x8d,0x0d,
0xfc,0x86,0x00,0x00,0xe8,0xbb,0x48,0x00,0x00,0x48,0x8b,0xc6,0xe9,0x84,0x02,0x00,
0x00,0x48,0x8b,0xcb,0xe8,0xef,0x21,0x00,0x00,0x48,0x85,0xc0,0x0f,0x88,0x73,0x02,
0x00,0x00,0x41,0xbf,0x10,0x00,0x00,0x00,0x4c,0x8b,0x93,0x20,0x01,0x00,0x00,0x44,
0x38,0xb3,0xc0,0x04,0x00,0x00,0x75,0x37,0x41,0x8a,0xce,0x0f,0xb6,0xc1,0x44,0x38,
0xb4,0x18,0x74,0x04,0x00,0x00,0x75,0x09,0xfe,0xc1,0x41,0x3a,0xcf,0x72,0xec,0xeb,
0x1e,0x4c,0x8d,0x8b,0x74,0x04,0x00,0x00,0x4d,0x8b,0xc7,0xba,0x05,0x00,0x00,0x00,
0x49,0x8b,0xca,0x41,0xff,0x12,0x48,0x85,0xc0,0x0f,0x88,0x26,0x02,0x00,0x00,0x49,
0x8b,0xc6,0x48,0x85,0xc0,0x0f,0x88,0x1a,0x02,0x00,0x00,0x8b,0x87,0xb8,0x0a,0x00,
0x00,0xff,0xc8,0x83,0xf8,0x02,0x0f,0x87,0xa4,0x00,0x00,0x00,0x48,0x8b,0xb7,0xe0,
0x0a,0x00,0x00,0x0f,0xb7,0x46,0x02,0x66,0xc1,0xc0,0x08,0x0f,0xb7,0xc8,0xc1,0xe9,
0x04,0x89,0x8b,0x98,0x04,0x00,0x00,0x48,0xc1,0xe1,0x04,0xe8,0x94,0x3f,0x00,0x00,
0x48,0x89,0x83,0xa0,0x04,0x00,0x00,0x48,0x85,0xc0,0x75,0x0f,0x48,0xb8,0x09,0x00,
0x00,0x00,0x00,0x00,0x00,0x80,0xe9,0xca,0x01,0x00,0x00,0x41,0x8b,0xfe,0x44,0x39,
0xb3,0x98,0x04,0x00,0x00,0x76,0x2b,0x8b,0xcf,0x48,0x8d,0x56,0x04,0x48,0xc1,0xe1,
0x04,0x48,0x03,0xd1,0x48,0x03,0x8b,0xa0,0x04,0x00,0x00,0x48,0x3b,0xca,0x74,0x08,
0x4d,0x8b,0xc7,0xe8,0xd8,0xb9,0xff,0xff,0xff,0xc7,0x3b,0xbb,0x98,0x04,0x00,0x00,
0x72,0xd5,0x0f,0xb7,0x46,0x02,0x4c,0x8d,0x4e,0x04,0x4c,0x8b,0x93,0x20,0x01,0x00,
0x00,0xba,0x06,0x00,0x00,0x00,0x66,0xc1,0xc0,0x08,0x49,0x8b,0xca,0x44,0x0f,0xb7,
0xc0,0x41,0xff,0x12,0x48,0x8b,0xf8,0x48,0x85,0xc0,0x0f,0x88,0x45,0x01,0x00,0x00,
0x48,0x8b,0x8b,0xa8,0x04,0x00,0x00,0x48,0xbf,0x02,0x00,0x00,0x00,0x00,0x00,0x00,
0x80,0x48,0x85,0xc9,0x74,0x13,0x48,0x8b,0x93,0xb0,0x04,0x00,0x00,0x4c,0x8d,0x44,
0x24,0x20,0xe8,0xf5,0x62,0x00,0x00,0xeb,0x03,0x48,0x8b,0xc7,0x48,0x85,0xc0,0x0f,
0x89,0xb2,0x00,0x00,0x00,0x48,0x8b,0x8b,0xa8,0x04,0x00,0x00,0x48,0x85,0xc9,0x74,
0x19,0x48,0x8b,0x93,0xb0,0x04,0x00,0x00,0x4c,0x8d,0x44,0x24,0x50,0xe8,0x02,0x62,
0x00,0x00,0x48,0x8b,0x6c,0x24,0x50,0x48,0x8b,0xf8,0x48,0x85,0xff,0x0f,0x88,0xe2,
0x00,0x00,0x00,0x49,0x8b,0xc6,0x44,0x38,0x75,0x00,0x74,0x09,0x48,0xff,0xc0,0x44,
0x38,0x34,0x28,0x75,0xf7,0x48,0x8d,0x78,0x01,0x48,0x8d,0x0c,0x3f,0xe8,0x92,0x3e,
0x00,0x00,0x48,0x8b,0xf0,0x48,0x85,0xc0,0x75,0x0f,0x48,0xbf,0x09,0x00,0x00,0x00,
0x00,0x00,0x00,0x80,0xe9,0xac,0x00,0x00,0x00,0x4c,0x8b,0xc7,0x48,0x8b,0xd6,0x48,
0x8b,0xcd,0xe8,0x41,0x2c,0x00,0x00,0x48,0x8b,0x05,0xf2,0x8c,0x00,0x00,0x48,0x8b,
0xcd,0xff,0x50,0x48,0x4c,0x8d,0x44,0x24,0x20,0x48,0x8b,0xd6,0x48,0x8b,0xcb,0xe8,
0x34,0xe0,0xff,0xff,0x48,0x8b,0xf8,0x48,0x8b,0xce,0x48,0x8b,0x05,0xcf,0x8c,0x00,
0x00,0xff,0x50,0x48,0x48,0x85,0xff,0x79,0x0e,0x48,0x8d,0x0d,0x30,0x85,0x00,0x00,
0xe8,0xaf,0x46,0x00,0x00,0xeb,0x5e,0x48,0x8d,0x8b,0x84,0x04,0x00,0x00,0x48,0x8d,
0x44,0x24,0x20,0x48,0x3b,0xc8,0x74,0x0d,0x4d,0x8b,0xc7,0x48,0x8d,0x54,0x24,0x20,
0xe8,0x9b,0xb8,0xff,0xff,0x48,0x8b,0x93,0xb0,0x04,0x00,0x00,0x48,0x8d,0xbb,0x94,
0x04,0x00,0x00,0x48,0x8b,0x8b,0xa8,0x04,0x00,0x00,0x4c,0x8b,0xc7,0xe8,0x16,0x63,
0x00,0x00,0x48,0x85,0xc0,0x78,0x06,0x66,0x44,0x39,0x37,0x75,0x08,0xb8,0x50,0x00,
0x00,0x00,0x66,0x89,0x07,0x48,0x8b,0xcb,0xe8,0x2b,0xf7,0xff,0xff,0x48,0x8b,0xf8,
0x48,0x85,0xc0,0x79,0x20,0x48,0x8b,0x8b,0xa0,0x04,0x00,0x00,0x48,0x85,0xc9,0x74,
0x11,0x48,0x8b,0x05,0x48,0x8c,0x00,0x00,0xff,0x50,0x48,0x4c,0x89,0xb3,0xa0,0x04,
0x00,0x00,0x48,0x8b,0xc7,0x48,0x8b,0x5c,0x24,0x58,0x48,0x8b,0x6c,0x24,0x60,0x48,
0x8b,0x74,0x24,0x68,0x48,0x83,0xc4,0x30,0x41,0x5f,0x41,0x5e,0x5f,0xc3,0xcc,0xcc,
0x48,0x83,0xec,0x38,0x49,0x8b,0x80,0x58,0x01,0x00,0x00,0x4c,0x8b,0xca,0x48,0x85,
0xc0,0x74,0x1f,0x85,0xc9,0x4c,0x89,0x4c,0x24,0x20,0x41,0xb9,0x28,0x00,0x00,0x00,
0x41,0x0f,0x95,0xc0,0xf7,0xd9,0x48,0x8b,0xc8,0x1b,0xd2,0xf7,0xda,0x83,0xc2,0x02,
0xff,0x10,0x48,0x83,0xc4,0x38,0xc3,0xcc,0x48,0x89,0x5c,0x24,0x08,0x55,0x48,0x8b,
0xec,0x48,0x83,0xec,0x50,0x48,0x8b,0xd9,0xba,0x1c,0x00,0x00,0x00,0x48,0x8d,0x4d,
0xe0,0xe8,0x0a,0xb8,0xff,0xff,0x80,0xbb,0x50,0x04,0x00,0x00,0x00,0x48,0x8d,0x93,
0x54,0x04,0x00,0x00,0xc7,0x45,0xe0,0x01,0x00,0x00,0x00,0xc7,0x45,0xe4,0x88,0x13,
0x00,0x00,0x75,0x3d,0x48,0x8d,0x45,0xed,0x48,0x3b,0xc2,0x74,0x0f,0x41,0xb8,0x04,
0x00,0x00,0x00,0x48,0x8d,0x4d,0xed,0xe8,0x94,0xb7,0xff,0xff,0x48,0x8d,0x93,0x64,
0x04,0x00,0x00,0x48,0x8d,0x45,0xf1,0x48,0x3b,0xc2,0x74,0x0f,0x41,0xb8,0x04,0x00,
0x00,0x00,0x48,0x8d,0x4d,0xf1,0xe8,0x75,0xb7,0xff,0xff,0x48,0x8b,0x43,0x10,0xeb,
0x1c,0x48,0x8d,0x45,0xe9,0x48,0x3b,0xc2,0x74,0x0f,0x41,0xb8,0x10,0x00,0x00,0x00,
0x48,0x8d,0x4d,0xe9,0xe8,0x57,0xb7,0xff,0xff,0x48,0x8b,0x43,0x18,0x48,0x8b,0x48,
0x10,0x8a,0x83,0x50,0x04,0x00,0x00,0xf6,0xd8,0x45,0x1a,0xc0,0x41,0x80,0xe0,0x02,
0x41,0x80,0xc0,0x04,0x48,0x85,0xc9,0x74,0x1d,0x48,0x8b,0x53,0x08,0x48,0x8d,0x43,
0x38,0x48,0x89,0x44,0x24,0x28,0x4c,0x8d,0x4d,0xe0,0x48,0x89,0x5c,0x24,0x20,0xe8,
0x54,0xe3,0xff,0xff,0xeb,0x0a,0x48,0xb8,0x02,0x00,0x00,0x00,0x00,0x00,0x00,0x80,
0x48,0x85,0xc0,0x78,0x09,0xc6,0x83,0x00,0x01,0x00,0x00,0x01,0x33,0xc0,0x48,0x8b,
0x5c,0x24,0x60,0x48,0x83,0xc4,0x50,0x5d,0xc3,0xcc,0xcc,0xcc,0x48,0x85,0xc9,0x0f,
0x84,0x16,0x01,0x00,0x00,0x48,0x89,0x5c,0x24,0x08,0x48,0x89,0x74,0x24,0x10,0x48,
0x89,0x7c,0x24,0x18,0x41,0x56,0x48,0x83,0xec,0x20,0x48,0x8b,0x41,0x10,0x48,0x8b,
0xd9,0x48,0x85,0xc0,0x74,0x21,0x48,0x8b,0x48,0x08,0x48,0x85,0xc9,0x74,0x0a,0x48,
0x8b,0x05,0xba,0x8a,0x00,0x00,0xff,0x50,0x48,0x48,0x8b,0x05,0xb0,0x8a,0x00,0x00,
0x48,0x8b,0x4b,0x10,0xff,0x50,0x48,0x48,0x8b,0x43,0x18,0x48,0x85,0xc0,0x74,0x5d,
0x48,0x83,0x78,0x10,0x00,0x74,0x56,0x33,0xf6,0x48,0x39,0x70,0x08,0x76,0x3c,0x33,
0xff,0x48,0x8b,0x48,0x10,0x48,0x8b,0x05,0x84,0x8a,0x00,0x00,0x48,0x8b,0x0c,0x39,
0xff,0x50,0x48,0x48,0x8b,0x43,0x18,0x48,0x8b,0x48,0x10,0x48,0x8b,0x05,0x6e,0x8a,
0x00,0x00,0x48,0x8b,0x4c,0x39,0x08,0xff,0x50,0x48,0x48,0x8b,0x43,0x18,0x48,0x8d,
0x7f,0x10,0x48,0xff,0xc6,0x48,0x3b,0x70,0x08,0x72,0xc6,0x48,0x8b,0x4b,0x18,0x48,
0x8b,0x05,0x4a,0x8a,0x00,0x00,0x48,0x8b,0x49,0x10,0xff,0x50,0x48,0x48,0x8d,0x73,
0x30,0x48,0x8b,0x3e,0x4c,0x8b,0x37,0xeb,0x3b,0x48,0x8b,0x4f,0x10,0x48,0x85,0xc9,
0x74,0x0a,0x48,0x8b,0x05,0x27,0x8a,0x00,0x00,0xff,0x50,0x48,0x48,0x8b,0x17,0x48,
0x8b,0xcf,0x48,0x8b,0x47,0x08,0x48,0x89,0x42,0x08,0x48,0x8b,0x07,0x48,0x8b,0x57,
0x08,0x48,0x89,0x02,0x48,0x8b,0x05,0x05,0x8a,0x00,0x00,0xff,0x50,0x48,0x49,0x8b,
0xfe,0x4d,0x8b,0x36,0x48,0x3b,0xfe,0x75,0xc0,0x48,0x8b,0x05,0xf0,0x89,0x00,0x00,
0x48,0x8b,0xcb,0xff,0x50,0x48,0x48,0x8b,0x5c,0x24,0x30,0x48,0x8b,0x74,0x24,0x38,
0x48,0x8b,0x7c,0x24,0x40,0x48,0x83,0xc4,0x20,0x41,0x5e,0xc3,0x48,0x89,0x5c,0x24,
0x08,0x57,0x48,0x83,0xec,0x20,0x48,0x8d,0x99,0xd8,0x04,0x00,0x00,0x48,0x8b,0x0b,
0x48,0x8b,0x39,0xeb,0x20,0x48,0x8b,0x11,0x48,0x8b,0x41,0x08,0x48,0x89,0x42,0x08,
0x48,0x8b,0x51,0x08,0x48,0x8b,0x01,0x48,0x89,0x02,0xe8,0xad,0xfe,0xff,0xff,0x48,
0x8b,0xcf,0x48,0x8b,0x3f,0x48,0x3b,0xcb,0x75,0xdb,0x48,0x8b,0x5c,0x24,0x30,0x48,
0x83,0xc4,0x20,0x5f,0xc3,0xcc,0xcc,0xcc,0x48,0x89,0x5c,0x24,0x08,0x48,0x89,0x6c,
0x24,0x10,0x48,0x89,0x74,0x24,0x18,0x57,0x41,0x56,0x41,0x57,0x48,0x83,0xec,0x20,
0x45,0x33,0xff,0x49,0x8b,0xe9,0x49,0x8b,0xf0,0x4c,0x8b,0xda,0x48,0x85,0xd2,0x0f,
0x84,0xff,0x00,0x00,0x00,0x4d,0x85,0xc0,0x0f,0x84,0xf6,0x00,0x00,0x00,0x4d,0x85,
0xc9,0x0f,0x84,0xed,0x00,0x00,0x00,0x4c,0x8b,0x54,0x24,0x60,0x4d,0x85,0xd2,0x0f,
0x84,0xdf,0x00,0x00,0x00,0x4c,0x8d,0x89,0xd8,0x04,0x00,0x00,0x49,0x8b,0x11,0x49,
0x3b,0xd1,0x0f,0x84,0xc0,0x00,0x00,0x00,0x48,0x8b,0x42,0x10,0x48,0x85,0xc0,0x74,
0x33,0x48,0x8b,0x40,0x08,0x48,0x85,0xc0,0x74,0x2a,0x41,0x0f,0xb7,0x0b,0x4d,0x8b,
0xc3,0xeb,0x11,0x66,0x3b,0x08,0x75,0x11,0x49,0x83,0xc0,0x02,0x48,0x83,0xc0,0x02,
0x41,0x0f,0xb7,0x08,0x66,0x85,0xc9,0x75,0xea,0x41,0x0f,0xb7,0x08,0x0f,0xb7,0x00,
0x2b,0xc8,0x74,0x05,0x48,0x8b,0x12,0xeb,0xb6,0x8b,0x42,0x20,0x41,0x89,0x02,0x48,
0x8b,0x0e,0x48,0x8b,0x42,0x28,0x48,0x3b,0xc8,0x73,0x0f,0x48,0x89,0x06,0x48,0xb8,
0x05,0x00,0x00,0x00,0x00,0x00,0x00,0x80,0xeb,0x74,0x4c,0x8d,0x72,0x30,0x49,0x8b,
0xff,0x49,0x8b,0x1e,0xeb,0x46,0x48,0x3b,0xcf,0x76,0x3e,0x48,0x8b,0x53,0x18,0x48,
0x8d,0x04,0x2f,0x48,0x2b,0xcf,0x48,0x39,0x4b,0x20,0x48,0x0f,0x42,0x4b,0x20,0x48,
0x85,0xc9,0x74,0x10,0x48,0x3b,0xc2,0x74,0x0b,0x4c,0x8b,0xc1,0x48,0x8b,0xc8,0xe8,
0x8c,0xb4,0xff,0xff,0x48,0x8b,0x0e,0x48,0x8b,0xc1,0x48,0x2b,0xc7,0x48,0x39,0x43,
0x20,0x48,0x0f,0x42,0x43,0x20,0x48,0x03,0xf8,0x48,0x8b,0x1b,0x49,0x3b,0xde,0x75,
0xb5,0x48,0x89,0x3e,0x33,0xc0,0xeb,0x16,0x48,0xb8,0x0e,0x00,0x00,0x00,0x00,0x00,
0x00,0x80,0xeb,0x0a,0x48,0xb8,0x02,0x00,0x00,0x00,0x00,0x00,0x00,0x80,0x48,0x8b,
0x5c,0x24,0x40,0x48,0x8b,0x6c,0x24,0x48,0x48,0x8b,0x74,0x24,0x50,0x48,0x83,0xc4,
0x20,0x41,0x5f,0x41,0x5e,0x5f,0xc3,0xcc,0x48,0x89,0x5c,0x24,0x08,0x48,0x89,0x74,
0x24,0x10,0x57,0x48,0x83,0xec,0x30,0x49,0x8b,0xd9,0x49,0x8b,0xf8,0x48,0x8b,0xf2,
0x85,0xc9,0x0f,0x85,0xc7,0x00,0x00,0x00,0x49,0x8b,0x41,0x38,0x4c,0x8b,0x90,0x58,
0x01,0x00,0x00,0x4d,0x85,0xd2,0x74,0x1d,0x48,0x89,0x54,0x24,0x20,0x44,0x8b,0xcf,
0x8d,0x51,0x04,0x41,0xb0,0x01,0x49,0x8b,0xca,0x41,0xff,0x12,0x48,0x85,0xc0,0x0f,
0x88,0x9c,0x00,0x00,0x00,0x4c,0x8b,0x43,0x28,0x48,0x8b,0x4b,0x20,0x4c,0x3b,0xc1,
0x76,0x33,0x4c,0x2b,0xc1,0x49,0x3b,0xf8,0x4c,0x0f,0x42,0xc7,0x48,0x03,0x4b,0x30,
0x4d,0x85,0xc0,0x74,0x0d,0x48,0x3b,0xce,0x74,0x08,0x48,0x8b,0xd6,0xe8,0xbe,0xb3,
0xff,0xff,0x48,0x8b,0x43,0x28,0x48,0x2b,0x43,0x20,0x48,0x3b,0xf8,0x48,0x0f,0x42,
0xc7,0x48,0x01,0x43,0x20,0x48,0x83,0x7b,0x08,0x00,0x74,0x53,0xba,0x28,0x00,0x00,
0x00,0xe8,0xd6,0x38,0x00,0x00,0x48,0x8b,0xd0,0x48,0x85,0xc0,0x75,0x0c,0x48,0xb8,
0x09,0x00,0x00,0x00,0x00,0x00,0x00,0x80,0xeb,0x37,0x80,0x7b,0x10,0x00,0x74,0x0d,
0x48,0x8b,0x43,0x18,0x48,0x89,0x42,0x10,0x48,0x83,0x63,0x18,0x00,0x48,0x89,0x7a,
0x20,0x48,0x89,0x72,0x18,0x48,0x8b,0x4b,0x08,0x48,0x83,0xc1,0x30,0x48,0x89,0x0a,
0x48,0x8b,0x41,0x08,0x48,0x89,0x42,0x08,0x48,0x89,0x10,0x48,0x89,0x51,0x08,0x33,
0xc0,0x48,0x8b,0x5c,0x24,0x40,0x48,0x8b,0x74,0x24,0x48,0x48,0x83,0xc4,0x30,0x5f,
0xc3,0xcc,0xcc,0xcc,0x48,0x8b,0xc4,0x48,0x89,0x58,0x08,0x4c,0x89,0x48,0x20,0x4c,
0x89,0x40,0x18,0x88,0x50,0x10,0x55,0x56,0x57,0x41,0x54,0x41,0x55,0x41,0x56,0x41,
0x57,0x48,0x8d,0x68,0xa9,0x48,0x81,0xec,0xe0,0x00,0x00,0x00,0x40,0x8a,0xf2,0x4d,
0x8b,0xf1,0x33,0xd2,0x4d,0x8b,0xe0,0x4c,0x8b,0xe9,0x4d,0x85,0xc0,0x0f,0x84,0xf6,
0x05,0x00,0x00,0x48,0x8b,0x7d,0x7f,0x48,0x85,0xff,0x0f,0x84,0xe9,0x05,0x00,0x00,
0x49,0x39,0x10,0x74,0x09,0x4d,0x85,0xc9,0x0f,0x84,0xdb,0x05,0x00,0x00,0x48,0x8b,
0x89,0xa8,0x04,0x00,0x00,0x48,0x8b,0xc2,0x38,0x11,0x74,0x08,0x48,0xff,0xc0,0x38,
0x14,0x01,0x75,0xf8,0x48,0x8d,0x58,0x01,0x48,0x8d,0x14,0x1b,0xe8,0xfb,0x37,0x00,
0x00,0x48,0x89,0x45,0x8f,0x4c,0x8b,0xf8,0x48,0x85,0xc0,0x75,0x0f,0x48,0xb8,0x09,
0x00,0x00,0x00,0x00,0x00,0x00,0x80,0xe9,0xa7,0x05,0x00,0x00,0x49,0x8b,0x8d,0xa8,
0x04,0x00,0x00,0x4c,0x8b,0xc3,0x49,0x8b,0xd7,0xe8,0xda,0x25,0x00,0x00,0x40,0x84,
0xf6,0x75,0x42,0x4d,0x85,0xf6,0x74,0x3d,0x4d,0x8b,0xce,0x48,0x89,0x7c,0x24,0x20,
0x4d,0x8b,0xc4,0x49,0x8b,0xd7,0x49,0x8b,0xcd,0xe8,0xea,0xfc,0xff,0xff,0x48,0x8b,
0xd8,0x48,0xb8,0x0e,0x00,0x00,0x00,0x00,0x00,0x00,0x80,0x48,0x3b,0xd8,0x74,0x15,
0x49,0x8b,0xcf,0x48,0x8b,0x15,0x56,0x86,0x00,0x00,0xff,0x52,0x48,0x48,0x8b,0xc3,
0xe9,0x4e,0x05,0x00,0x00,0x33,0xff,0x8d,0x5f,0x03,0x40,0x84,0xf6,0x75,0x33,0x49,
0x39,0x3c,0x24,0x75,0x2d,0x8d,0x4f,0x40,0xe8,0xa7,0x37,0x00,0x00,0x48,0x8b,0xf8,
0x48,0x85,0xc0,0x75,0x0f,0x48,0xbb,0x09,0x00,0x00,0x00,0x00,0x00,0x00,0x80,0xe9,
0x03,0x05,0x00,0x00,0x89,0x58,0x20,0x48,0x83,0xc0,0x30,0x48,0x89,0x00,0x48,0x89,
0x40,0x08,0xb9,0x48,0x00,0x00,0x00,0xe8,0x78,0x37,0x00,0x00,0x4c,0x8b,0xf0,0x48,
0x85,0xc0,0x0f,0x84,0xc3,0x04,0x00,0x00,0x48,0x8d,0x48,0x18,0x48,0x89,0x18,0x33,
0xf6,0x48,0x89,0x48,0x10,0x49,0x8b,0x8d,0xa8,0x04,0x00,0x00,0x49,0xbf,0x02,0x00,
0x00,0x00,0x00,0x00,0x00,0x80,0x48,0x89,0x74,0x24,0x40,0x48,0x85,0xc9,0x74,0x1b,
0x49,0x8b,0x95,0xb0,0x04,0x00,0x00,0x4c,0x8d,0x44,0x24,0x40,0xe8,0x73,0x5a,0x00,
0x00,0x48,0x8b,0x74,0x24,0x40,0x48,0x8b,0xd8,0xeb,0x03,0x49,0x8b,0xdf,0x48,0x85,
0xdb,0x0f,0x88,0x1c,0x04,0x00,0x00,0x4c,0x8b,0xc6,0x48,0x8d,0x15,0x4f,0x7e,0x00,
0x00,0x49,0x8b,0xce,0xe8,0x0f,0xdc,0xff,0xff,0x48,0x8b,0xd8,0x48,0x8b,0xce,0x48,
0x8b,0x05,0x8a,0x85,0x00,0x00,0xff,0x50,0x48,0x48,0x85,0xdb,0x0f,0x88,0xf1,0x03,
0x00,0x00,0x4c,0x8d,0x05,0x2f,0x7e,0x00,0x00,0x49,0x8b,0xce,0x48,0x8d,0x15,0x29,
0x7e,0x00,0x00,0xe8,0xe0,0xdb,0xff,0xff,0x48,0x8b,0xd8,0x48,0x85,0xc0,0x0f,0x88,
0xcf,0x03,0x00,0x00,0x4c,0x8d,0x05,0x1d,0x7e,0x00,0x00,0x49,0x8b,0xce,0x48,0x8d,
0x15,0x2b,0x7e,0x00,0x00,0xe8,0xbe,0xdb,0xff,0xff,0x48,0x8b,0xd8,0x48,0x85,0xc0,
0x0f,0x88,0xad,0x03,0x00,0x00,0xba,0x10,0x00,0x00,0x00,0xe8,0x6c,0x36,0x00,0x00,
0x48,0x89,0x45,0xcf,0x48,0x8b,0xc8,0x48,0x85,0xc0,0x75,0x0f,0x48,0xbb,0x09,0x00,
0x00,0x00,0x00,0x00,0x00,0x80,0xe9,0x88,0x03,0x00,0x00,0x8a,0x45,0x67,0xf6,0xd8,
0x1b,0xc0,0x83,0xe0,0x05,0x89,0x44,0x24,0x40,0x89,0x01,0x48,0x8b,0x45,0x8f,0x48,
0x89,0x41,0x08,0x48,0x85,0xff,0x74,0x04,0x48,0x89,0x4f,0x10,0x4d,0x8b,0x4e,0x10,
0x49,0x8d,0x45,0x38,0x4d,0x8b,0x46,0x08,0x48,0x8b,0xd1,0x48,0x8b,0xc8,0x48,0x89,
0x45,0x87,0xe8,0x55,0xe0,0xff,0xff,0x48,0x8b,0xd8,0x48,0x85,0xc0,0x0f,0x88,0x32,
0x03,0x00,0x00,0xb9,0x30,0x00,0x00,0x00,0xe8,0x37,0x36,0x00,0x00,0x48,0x89,0x45,
0xc7,0x48,0x8b,0xf0,0x48,0x85,0xc0,0x75,0x0f,0x48,0xbb,0x09,0x00,0x00,0x00,0x00,
0x00,0x00,0x80,0xe9,0x0d,0x03,0x00,0x00,0x4c,0x8b,0xc6,0x49,0x8d,0x4d,0x38,0xb2,
0x01,0xe8,0xce,0xe0,0xff,0xff,0x48,0x8b,0xd8,0x48,0x85,0xc0,0x0f,0x88,0xc6,0x02,
0x00,0x00,0x48,0x83,0x7e,0x28,0x00,0x0f,0x8c,0xc2,0x02,0x00,0x00,0x48,0x8b,0x45,
0x7f,0x4c,0x8b,0x4e,0x10,0x4c,0x8b,0x46,0x08,0x49,0x8b,0x95,0xb0,0x04,0x00,0x00,
0x49,0x8b,0x8d,0xa8,0x04,0x00,0x00,0x48,0x89,0x44,0x24,0x20,0xe8,0x67,0xe3,0xff,
0xff,0x33,0xc9,0x48,0x8b,0xd8,0x48,0x85,0xc0,0x0f,0x88,0xa9,0x02,0x00,0x00,0x48,
0x85,0xff,0x74,0x0d,0x48,0x8b,0x45,0x7f,0x48,0x89,0x77,0x18,0x8b,0x00,0x89,0x47,
0x20,0x48,0x8b,0x45,0x77,0x48,0x89,0x45,0x0f,0x49,0x8b,0x04,0x24,0x48,0x89,0x45,
0x07,0x48,0x8d,0x45,0x87,0x88,0x4d,0xef,0x48,0x89,0x4d,0xf7,0x48,0x89,0x4d,0xff,
0x48,0x89,0x7d,0xe7,0x4c,0x89,0x6d,0x17,0x4c,0x8b,0x4e,0x10,0x4c,0x8b,0x46,0x08,
0x8b,0x16,0x48,0x89,0x44,0x24,0x30,0x48,0x8d,0x45,0xdf,0x48,0x89,0x4d,0x87,0x8b,
0x4c,0x24,0x40,0x48,0x89,0x44,0x24,0x28,0xe8,0xef,0x5c,0x00,0x00,0x48,0x8b,0x75,
0x87,0x48,0x8b,0xd8,0x48,0x85,0xc0,0x0f,0x88,0xe8,0x01,0x00,0x00,0x80,0x7d,0x67,
0x00,0x48,0xb8,0x06,0x00,0x00,0x00,0x00,0x00,0x00,0x80,0x0f,0x85,0xd8,0x00,0x00,
0x00,0x48,0x83,0x64,0x24,0x40,0x00,0x48,0x85,0xf6,0x74,0x18,0x80,0x7e,0x02,0x00,
0x75,0x05,0x48,0x8b,0xd8,0xeb,0x10,0x48,0x8b,0x46,0x08,0x33,0xdb,0x48,0x89,0x44,
0x24,0x40,0xeb,0x03,0x49,0x8b,0xdf,0xba,0x30,0x00,0x00,0x00,0x48,0x8d,0x4d,0x97,
0xe8,0xdb,0xaf,0xff,0xff,0x48,0xc1,0xeb,0x3f,0x80,0xf3,0x01,0x0f,0x84,0xfd,0x00,
0x00,0x00,0x45,0x33,0xe4,0x4c,0x39,0x64,0x24,0x40,0x76,0x7f,0x48,0x8b,0x45,0x77,
0x4c,0x8d,0x45,0x97,0x49,0x03,0xc4,0x49,0x8d,0x4d,0x38,0x48,0x89,0x45,0xb7,0x33,
0xd2,0x48,0x8b,0x45,0x6f,0x48,0x8b,0x00,0x49,0x2b,0xc4,0x48,0x89,0x45,0xaf,0xe8,
0x90,0xdf,0xff,0xff,0x48,0x8b,0xd8,0x48,0x85,0xc0,0x48,0x8b,0x45,0xbf,0x0f,0x88,
0xaa,0x00,0x00,0x00,0x48,0x85,0xc0,0x0f,0x88,0xaa,0x00,0x00,0x00,0x4c,0x03,0x65,
0xaf,0x4d,0x8b,0x95,0x58,0x01,0x00,0x00,0x4d,0x85,0xd2,0x74,0x27,0x48,0x8b,0x45,
0xb7,0x41,0xb0,0x01,0x44,0x8b,0x4d,0xaf,0xba,0x04,0x00,0x00,0x00,0x49,0x8b,0xca,
0x48,0x89,0x44,0x24,0x20,0x41,0xff,0x12,0x48,0x8b,0xd8,0x48,0x85,0xc0,0x0f,0x88,
0x11,0x01,0x00,0x00,0x4c,0x3b,0x64,0x24,0x40,0x72,0x81,0x4c,0x8b,0x65,0x6f,0x48,
0xb8,0x06,0x00,0x00,0x00,0x00,0x00,0x00,0x80,0x48,0x85,0xf6,0x0f,0x84,0xf0,0x00,
0x00,0x00,0x80,0x7e,0x02,0x00,0x74,0x4f,0x48,0x8b,0x46,0x08,0x48,0xb9,0x05,0x00,
0x00,0x00,0x00,0x00,0x00,0x80,0x49,0x39,0x04,0x24,0x49,0x89,0x04,0x24,0x48,0x1b,
0xdb,0x48,0x23,0xd9,0x48,0x85,0xff,0x74,0x1d,0x48,0x89,0x47,0x28,0x4d,0x8d,0x85,
0xd8,0x04,0x00,0x00,0x4c,0x89,0x07,0x49,0x8b,0x50,0x08,0x48,0x89,0x57,0x08,0x48,
0x89,0x3a,0x49,0x89,0x78,0x08,0x48,0x8b,0xce,0xe9,0x45,0xfc,0xff,0xff,0x48,0x85,
0xc0,0x0f,0x89,0x9e,0x00,0x00,0x00,0x48,0x8b,0xd8,0xe9,0x96,0x00,0x00,0x00,0x45,
0x33,0xe4,0x48,0x85,0xf6,0x74,0x0a,0x83,0x7e,0x28,0x0c,0x0f,0x84,0x7a,0xff,0xff,
0xff,0x4d,0x85,0xe4,0x74,0x0d,0x48,0x83,0x7d,0x07,0x00,0x74,0x06,0xc6,0x45,0xef,
0x00,0xeb,0x1a,0xba,0xdc,0x05,0x00,0x00,0xe8,0x9f,0x33,0x00,0x00,0x4c,0x8b,0xe0,
0x48,0x85,0xc0,0x74,0x51,0xc6,0x45,0xef,0x01,0x48,0x89,0x45,0xf7,0x4c,0x8d,0x45,
0x97,0x4c,0x89,0x65,0xb7,0x33,0xd2,0x48,0xc7,0x45,0xaf,0xdc,0x05,0x00,0x00,0x49,
0x8d,0x4d,0x38,0xe8,0x6c,0xde,0xff,0xff,0x48,0x8b,0xd8,0x48,0x85,0xc0,0x48,0x8b,
0x45,0xbf,0x78,0x8a,0x48,0x85,0xc0,0x78,0x8e,0x4c,0x8b,0x45,0xb7,0x48,0x8b,0xce,
0x48,0x8b,0x55,0xaf,0xe8,0x3b,0x5c,0x00,0x00,0x48,0x8b,0xd8,0x48,0x85,0xc0,0x78,
0x14,0xe9,0x7c,0xff,0xff,0xff,0x48,0xbb,0x09,0x00,0x00,0x00,0x00,0x00,0x00,0x80,
0xeb,0x03,0x49,0x8b,0xdf,0x48,0x85,0xf6,0x74,0x0d,0x48,0x8b,0x05,0xef,0x81,0x00,
0x00,0x48,0x8b,0xce,0xff,0x50,0x48,0x48,0x8b,0x4d,0xf7,0x48,0x85,0xc9,0x74,0x0a,
0x48,0x8b,0x05,0xd9,0x81,0x00,0x00,0xff,0x50,0x48,0x48,0x8b,0xcf,0xe8,0xda,0xf6,
0xff,0xff,0x48,0x8b,0x75,0xc7,0xeb,0x20,0x48,0x83,0x7e,0x28,0x00,0x7d,0x19,0x48,
0x8b,0x45,0x87,0x48,0x8b,0x80,0x88,0x00,0x00,0x00,0x48,0x8b,0x08,0x8b,0x09,0xe8,
0xc0,0xd2,0xff,0xff,0x48,0x8b,0x5e,0x28,0x48,0x8b,0x05,0xa1,0x81,0x00,0x00,0x48,
0x8b,0xce,0xff,0x50,0x48,0x48,0x8b,0x05,0x94,0x81,0x00,0x00,0x48,0x8b,0x4d,0xcf,
0xff,0x50,0x48,0x49,0x8b,0x46,0x08,0x48,0x85,0xc0,0x74,0x3c,0x45,0x33,0xff,0x48,
0x85,0xc0,0x74,0x34,0x33,0xf6,0x49,0x8b,0x4e,0x10,0x48,0x8b,0x05,0x6f,0x81,0x00,
0x00,0x48,0x8b,0x0c,0x0e,0xff,0x50,0x48,0x49,0x8b,0x4e,0x10,0x48,0x8b,0x05,0x5d,
0x81,0x00,0x00,0x48,0x8b,0x4c,0x0e,0x08,0xff,0x50,0x48,0x49,0xff,0xc7,0x48,0x8d,
0x76,0x10,0x4d,0x3b,0x7e,0x08,0x72,0xce,0x48,0x8b,0x05,0x41,0x81,0x00,0x00,0x49,
0x8b,0xce,0xff,0x50,0x48,0x4c,0x8b,0x7d,0x8f,0xeb,0x0a,0x48,0xbb,0x09,0x00,0x00,
0x00,0x00,0x00,0x00,0x80,0x48,0x85,0xff,0x74,0x0d,0x48,0x8b,0x05,0x1f,0x81,0x00,
0x00,0x48,0x8b,0xcf,0xff,0x50,0x48,0x48,0x8b,0x05,0x12,0x81,0x00,0x00,0x49,0x8b,
0xcf,0xff,0x50,0x48,0xe9,0xb4,0xfa,0xff,0xff,0x48,0xb8,0x02,0x00,0x00,0x00,0x00,
0x00,0x00,0x80,0x48,0x8b,0x9c,0x24,0x20,0x01,0x00,0x00,0x48,0x81,0xc4,0xe0,0x00,
0x00,0x00,0x41,0x5f,0x41,0x5e,0x41,0x5d,0x41,0x5c,0x5f,0x5e,0x5d,0xc3,0xcc,0xcc,
0x48,0x89,0x5c,0x24,0x20,0x56,0x57,0x41,0x54,0x48,0x83,0xec,0x20,0x48,0x83,0x64,
0x24,0x48,0x00,0x48,0x8b,0xda,0x4c,0x89,0x02,0x48,0x8b,0xf9,0x41,0xc6,0x00,0x37,
0x48,0x8b,0x02,0xc6,0x40,0x01,0x1b,0x48,0x8b,0x02,0xc7,0x40,0x02,0x01,0x02,0x03,
0x04,0xc7,0x40,0x06,0x05,0x06,0x0c,0x0d,0xc7,0x40,0x0a,0x0f,0x11,0x12,0x16,0xc7,
0x40,0x0e,0x17,0x1c,0x28,0x29,0xc7,0x40,0x12,0x2a,0x2b,0x32,0x33,0xc7,0x40,0x16,
0x36,0x3a,0x3b,0x3c,0x66,0xc7,0x40,0x1b,0x43,0x61,0x48,0x8b,0x0a,0x0f,0xb6,0x41,
0x01,0x48,0x8d,0x51,0x02,0x48,0x03,0xd0,0x48,0x8d,0x0d,0xd1,0x67,0x00,0x00,0x48,
0x89,0x53,0x08,0xc6,0x02,0x61,0x48,0x8d,0x54,0x24,0x50,0x48,0x8b,0x43,0x08,0xc6,
0x40,0x01,0x11,0x48,0x8b,0x43,0x08,0xc6,0x40,0x02,0x00,0x48,0x8d,0x70,0x03,0xe8,
0xd8,0x34,0x00,0x00,0x41,0xbc,0x10,0x00,0x00,0x00,0x48,0x85,0xc0,0x78,0x13,0x48,
0x8b,0x4c,0x24,0x50,0x48,0x85,0xc9,0x74,0x09,0x48,0x8b,0x41,0x10,0x8b,0x49,0x0c,
0xeb,0x27,0x48,0x8d,0x54,0x24,0x48,0x48,0x8d,0x0d,0xba,0x69,0x00,0x00,0xe8,0xa9,
0x34,0x00,0x00,0x48,0x85,0xc0,0x78,0x5e,0x48,0x8b,0x4c,0x24,0x48,0x48,0x85,0xc9,
0x74,0x54,0x8b,0x41,0x18,0x0f,0xb7,0x49,0x16,0x48,0x03,0xc8,0xeb,0x27,0x0f,0xb6,
0x50,0x01,0x48,0x03,0xd0,0x8a,0x02,0x84,0xc0,0x74,0x08,0x48,0xff,0xc2,0x80,0x3a,
0x00,0x75,0xf8,0x48,0xff,0xc2,0x8a,0x02,0x84,0xc0,0x75,0xef,0x48,0x8d,0x42,0x01,
0x48,0x3b,0xc1,0x73,0x21,0x80,0x38,0x01,0x75,0xd4,0x80,0x78,0x01,0x19,0x72,0x16,
0x48,0x8d,0x50,0x08,0x48,0x3b,0xf2,0x74,0x18,0x4d,0x8b,0xc4,0x48,0x8b,0xce,0xe8,
0xbc,0xab,0xff,0xff,0xeb,0x0b,0x49,0x8b,0xd4,0x48,0x8b,0xce,0xe8,0xef,0xab,0xff,
0xff,0x48,0x8b,0x4b,0x08,0x0f,0xb6,0x41,0x01,0x48,0x8d,0x51,0x02,0x48,0x03,0xd0,
0x48,0x89,0x53,0x10,0xc6,0x02,0x5e,0x48,0x8b,0x43,0x10,0xc6,0x40,0x01,0x03,0x48,
0x8b,0x8f,0x08,0x01,0x00,0x00,0x48,0x8b,0x43,0x10,0x48,0x85,0xc9,0x74,0x22,0x8a,
0x49,0x20,0x88,0x48,0x02,0x48,0x8b,0x8f,0x08,0x01,0x00,0x00,0x8a,0x51,0x21,0x88,
0x50,0x03,0x48,0x8b,0x8f,0x08,0x01,0x00,0x00,0x8a,0x51,0x22,0x88,0x50,0x04,0xeb,
0x0a,0x66,0xc7,0x40,0x02,0x01,0x03,0xc6,0x40,0x04,0x00,0x48,0x8b,0x4b,0x10,0x0f,
0xb6,0x41,0x01,0x48,0x8d,0x51,0x02,0x48,0x03,0xd0,0x48,0x89,0x53,0x18,0xc6,0x02,
0x5d,0x48,0x8b,0x43,0x18,0xc6,0x40,0x01,0x02,0xb8,0x00,0x10,0x00,0x00,0x48,0x8b,
0x4b,0x18,0x66,0x89,0x44,0x24,0x40,0x48,0x83,0xc1,0x02,0x48,0x8d,0x44,0x24,0x40,
0x48,0x3b,0xc8,0x74,0x10,0x41,0xb8,0x02,0x00,0x00,0x00,0x48,0x8d,0x54,0x24,0x40,
0xe8,0x0b,0xab,0xff,0xff,0x48,0x8b,0x4b,0x18,0x0f,0xb6,0x41,0x01,0x48,0x8d,0x51,
0x02,0x48,0x03,0xd0,0x48,0x89,0x53,0x20,0xc6,0x02,0x3c,0x48,0x8d,0x15,0xde,0x77,
0x00,0x00,0x48,0x8b,0x43,0x20,0xc6,0x40,0x01,0x21,0x48,0x8b,0x5b,0x20,0x48,0x83,
0xc3,0x02,0x48,0x3b,0xda,0x74,0x0e,0x41,0xb8,0x21,0x00,0x00,0x00,0x48,0x8b,0xcb,
0xe8,0xcb,0xaa,0xff,0xff,0x48,0x8d,0x53,0x10,0x41,0xb8,0x05,0x00,0x00,0x00,0x49,
0x8b,0xcc,0xe8,0x95,0xcf,0xff,0xff,0x48,0x8b,0x97,0x08,0x01,0x00,0x00,0x48,0x85,
0xd2,0x74,0x4c,0x48,0x83,0xc2,0x1c,0x48,0x8d,0x4b,0x16,0x48,0x3b,0xca,0x74,0x0b,
0x41,0xb8,0x04,0x00,0x00,0x00,0xe8,0x95,0xaa,0xff,0xff,0x48,0x8b,0x8f,0x08,0x01,
0x00,0x00,0x48,0x8d,0x53,0x1b,0x41,0xb8,0x03,0x00,0x00,0x00,0x0f,0xb6,0x49,0x21,
0xe8,0x57,0xcf,0xff,0xff,0x48,0x8b,0x8f,0x08,0x01,0x00,0x00,0x48,0x8d,0x53,0x1e,
0x41,0xb8,0x03,0x00,0x00,0x00,0x0f,0xb6,0x49,0x22,0xe8,0x3d,0xcf,0xff,0xff,0xb8,
0x05,0x00,0x00,0x00,0x48,0x8b,0x5c,0x24,0x58,0x48,0x83,0xc4,0x20,0x41,0x5c,0x5f,
0x5e,0xc3,0xcc,0xcc,0x45,0x33,0xc9,0x48,0x8b,0xc1,0x85,0xd2,0x74,0x2a,0x80,0x38,
0xff,0x74,0x25,0x44,0x38,0x00,0x74,0x22,0x80,0x38,0x00,0x75,0x05,0x41,0xff,0xc1,
0xeb,0x0b,0x0f,0xb6,0x40,0x01,0x41,0x83,0xc1,0x02,0x44,0x03,0xc8,0x41,0x8b,0xc1,
0x48,0x03,0xc1,0x44,0x3b,0xca,0x72,0xd6,0x33,0xc0,0xc3,0xcc,0x48,0x89,0x5c,0x24,
0x18,0x48,0x89,0x6c,0x24,0x20,0x56,0x57,0x41,0x55,0x41,0x56,0x41,0x57,0x48,0x83,
0xec,0x20,0x33,0xdb,0x4c,0x8d,0xb1,0xd8,0x05,0x00,0x00,0x4c,0x8b,0xe9,0x40,0x8a,
0xeb,0x49,0x8b,0xce,0x40,0x8a,0xfb,0x8d,0x53,0x38,0xe8,0x21,0xaa,0xff,0xff,0x44,
0x8b,0xd3,0x49,0x8d,0x8d,0xf8,0x00,0x00,0x00,0x4c,0x8d,0x1d,0x04,0x77,0x00,0x00,
0x41,0x8b,0x55,0x04,0x47,0x8a,0x04,0x1a,0x81,0xea,0xf0,0x00,0x00,0x00,0xe8,0x71,
0xff,0xff,0xff,0x4b,0x89,0x04,0xd6,0x49,0xff,0xc2,0x49,0x83,0xfa,0x07,0x72,0xe0,
0x4d,0x8b,0x4e,0x08,0x4d,0x85,0xc9,0x0f,0x84,0xae,0x00,0x00,0x00,0x41,0xf6,0x41,
0x02,0x01,0x74,0x53,0x40,0xb7,0x01,0x48,0x8b,0xcb,0x49,0x39,0x1c,0xce,0x75,0x3e,
0x4d,0x8d,0x55,0x74,0x8b,0xd3,0x49,0x8b,0xc2,0x44,0x8a,0x00,0x41,0x80,0xf8,0xff,
0x74,0x25,0x46,0x3a,0x04,0x19,0x74,0x22,0x45,0x84,0xc0,0x75,0x04,0xff,0xc2,0xeb,
0x09,0x0f,0xb6,0x40,0x01,0x83,0xc2,0x02,0x03,0xd0,0x8b,0xc2,0x49,0x03,0xc2,0x81,
0xfa,0x80,0x00,0x00,0x00,0x72,0xd2,0x48,0x8b,0xc3,0x49,0x89,0x04,0xce,0x48,0xff,
0xc1,0x48,0x83,0xf9,0x07,0x72,0xb3,0x41,0xf6,0x41,0x02,0x02,0x74,0x4d,0x48,0x8b,
0xcb,0x49,0x39,0x1c,0xce,0x75,0x3b,0x4d,0x8d,0x4d,0x34,0x8b,0xd3,0x49,0x8b,0xc1,
0x44,0x8a,0x00,0x41,0x80,0xf8,0xff,0x74,0x22,0x46,0x3a,0x04,0x19,0x74,0x1f,0x45,
0x84,0xc0,0x75,0x04,0xff,0xc2,0xeb,0x09,0x0f,0xb6,0x40,0x01,0x83,0xc2,0x02,0x03,
0xd0,0x8b,0xc2,0x49,0x03,0xc1,0x83,0xfa,0x40,0x72,0xd5,0x48,0x8b,0xc3,0x49,0x89,
0x04,0xce,0x48,0xff,0xc1,0x48,0x83,0xf9,0x07,0x72,0xb6,0x49,0x8b,0x46,0x20,0x45,
0x8a,0x7d,0x18,0x48,0x85,0xc0,0x74,0x29,0x41,0xb8,0x0a,0x00,0x00,0x00,0x44,0x38,
0x40,0x01,0x72,0x1d,0x48,0x8d,0x48,0x02,0x48,0x8d,0x15,0xc1,0x75,0x00,0x00,0x48,
0x3b,0xca,0x74,0x0a,0xe8,0x27,0xa9,0xff,0xff,0x48,0x85,0xc0,0x75,0x03,0x40,0xb5,
0x01,0x49,0x8b,0x46,0x28,0x49,0x8b,0x76,0x30,0x48,0x85,0xc0,0x74,0x10,0x0f,0xb6,
0x48,0x01,0x38,0x5c,0x01,0x01,0x74,0x19,0x88,0x5c,0x01,0x02,0xeb,0x13,0x40,0x84,
0xff,0x75,0x0e,0x41,0x38,0x5d,0x74,0x74,0x08,0x49,0x8d,0x45,0x72,0x49,0x89,0x46,
0x28,0x40,0x84,0xed,0x0f,0x84,0x18,0x01,0x00,0x00,0x49,0x8b,0x46,0x28,0x48,0x85,
0xc0,0x0f,0x84,0x39,0x01,0x00,0x00,0x48,0x8d,0x48,0x02,0x48,0x8b,0xc3,0x38,0x19,
0x74,0x08,0x48,0xff,0xc0,0x38,0x1c,0x01,0x75,0xf8,0x49,0x8d,0xbd,0xd0,0x05,0x00,
0x00,0x8b,0xd0,0x4c,0x8b,0xcf,0xe8,0x81,0x4f,0x00,0x00,0x48,0x85,0xc0,0x0f,0x88,
0x0c,0x01,0x00,0x00,0x4d,0x8b,0x76,0x28,0x48,0x8b,0x3f,0x49,0x83,0xc6,0x02,0x0f,
0x84,0x8c,0x00,0x00,0x00,0x48,0x85,0xff,0x0f,0x84,0x83,0x00,0x00,0x00,0xf6,0x07,
0x40,0x75,0x0c,0x48,0xbf,0x0e,0x00,0x00,0x00,0x00,0x00,0x00,0x80,0xeb,0x7c,0x8b,
0x57,0x38,0xff,0xc2,0xe8,0x53,0x2d,0x00,0x00,0x48,0x8b,0xe8,0x48,0x85,0xc0,0x75,
0x0c,0x48,0xbf,0x09,0x00,0x00,0x00,0x00,0x00,0x00,0x80,0xeb,0x5e,0x8b,0x4f,0x34,
0x49,0x03,0xce,0x74,0x15,0x8b,0x57,0x38,0x4c,0x8d,0x4c,0x24,0x50,0x4c,0x8b,0xc5,
0xe8,0x9b,0x4b,0x00,0x00,0x48,0x8b,0xf8,0xeb,0x0a,0x48,0xbf,0x02,0x00,0x00,0x00,
0x00,0x00,0x00,0x80,0x48,0x8b,0xcd,0x48,0x85,0xff,0x79,0x0c,0x48,0x8b,0x05,0xcd,
0x7b,0x00,0x00,0xff,0x50,0x48,0xeb,0x23,0x8b,0x44,0x24,0x50,0x48,0x8d,0x54,0x24,
0x58,0x88,0x1c,0x28,0xe8,0xab,0x42,0x00,0x00,0x48,0x8b,0xf8,0x48,0x8b,0xcd,0xeb,
0xdb,0x48,0xbf,0x02,0x00,0x00,0x00,0x00,0x00,0x00,0x80,0x48,0xc1,0xef,0x3f,0x40,
0x80,0xf7,0x01,0x74,0x14,0x45,0x84,0xff,0x75,0x07,0xbb,0x06,0x00,0x00,0x00,0xeb,
0x2e,0x48,0x85,0xf6,0x0f,0x95,0xc3,0xeb,0x26,0x45,0x84,0xff,0x74,0x0d,0x48,0xf7,
0xde,0x1b,0xc0,0x83,0xe0,0xfb,0x8d,0x58,0x07,0xeb,0x14,0xbb,0x05,0x00,0x00,0x00,
0xeb,0x0d,0x45,0x84,0xff,0x74,0x13,0x48,0xf7,0xde,0x1b,0xc0,0x8d,0x58,0x04,0x41,
0x89,0x9d,0xc8,0x05,0x00,0x00,0x33,0xc0,0xeb,0x20,0x49,0x8b,0x8d,0xd0,0x05,0x00,
0x00,0x48,0x85,0xc9,0x74,0x0a,0x48,0x8b,0x05,0x43,0x7b,0x00,0x00,0xff,0x50,0x48,
0x48,0xb8,0x07,0x00,0x00,0x00,0x00,0x00,0x00,0x80,0x48,0x8b,0x5c,0x24,0x60,0x48,
0x8b,0x6c,0x24,0x68,0x48,0x83,0xc4,0x20,0x41,0x5f,0x41,0x5e,0x41,0x5d,0x5f,0x5e,
0xc3,0xcc,0xcc,0xcc,0x48,0x89,0x5c,0x24,0x08,0x48,0x89,0x74,0x24,0x10,0x57,0x48,
0x83,0xec,0x20,0x8b,0x81,0xf0,0x65,0x00,0x00,0x48,0x8b,0xf2,0x48,0x69,0xf8,0x10,
0x06,0x00,0x00,0x8b,0x42,0x04,0x48,0x8b,0xd9,0x48,0x03,0xf9,0x39,0x87,0xf0,0x04,
0x00,0x00,0x72,0x74,0x48,0x83,0xc2,0x08,0x48,0x8d,0x8f,0xf8,0x04,0x00,0x00,0x44,
0x8b,0xc0,0x85,0xc0,0x74,0x0a,0x48,0x3b,0xca,0x74,0x05,0xe8,0xd0,0xa6,0xff,0xff,
0x8b,0x46,0x04,0x48,0x8d,0x8f,0xf0,0x04,0x00,0x00,0x89,0x87,0xf4,0x04,0x00,0x00,
0xe8,0xa7,0xfc,0xff,0xff,0x48,0x85,0xc0,0x79,0x0c,0x48,0xb8,0x15,0x00,0x00,0x00,
0x00,0x00,0x00,0x80,0xeb,0x3c,0x48,0x63,0x87,0xb8,0x0a,0x00,0x00,0x48,0x8d,0x90,
0x7d,0x19,0x00,0x00,0x48,0xc1,0xe0,0x04,0x8b,0x0c,0x93,0x48,0x03,0xc8,0x8b,0x83,
0xf0,0x65,0x00,0x00,0x89,0x84,0x8b,0x14,0x66,0x00,0x00,0xff,0x04,0x93,0xff,0x83,
0xf0,0x65,0x00,0x00,0x33,0xc0,0xeb,0x0a,0x48,0xb8,0x05,0x00,0x00,0x00,0x00,0x00,
0x00,0x80,0x48,0x8b,0x5c,0x24,0x30,0x48,0x8b,0x74,0x24,0x38,0x48,0x83,0xc4,0x20,
0x5f,0xc3,0xcc,0xcc,0x33,0xd2,0xc7,0x81,0xec,0x04,0x00,0x00,0x08,0x00,0x00,0x00,
0x89,0x91,0xe8,0x04,0x00,0x00,0x48,0x39,0x91,0xc8,0x04,0x00,0x00,0x74,0x63,0x39,
0x91,0x00,0x66,0x00,0x00,0x76,0x0b,0x8b,0x81,0xd4,0x66,0x00,0x00,0xe9,0xde,0x00,
0x00,0x00,0x39,0x91,0xf8,0x65,0x00,0x00,0x76,0x0b,0x8b,0x81,0x54,0x66,0x00,0x00,
0xe9,0xcb,0x00,0x00,0x00,0x39,0x91,0xfc,0x65,0x00,0x00,0x76,0x0b,0x8b,0x81,0x94,
0x66,0x00,0x00,0xe9,0xb8,0x00,0x00,0x00,0x39,0x91,0x04,0x66,0x00,0x00,0x76,0x0b,
0x8b,0x81,0x14,0x67,0x00,0x00,0xe9,0xa5,0x00,0x00,0x00,0x39,0x91,0xf4,0x65,0x00,
0x00,0x0f,0x86,0xa1,0x00,0x00,0x00,0x8b,0x81,0x14,0x66,0x00,0x00,0xe9,0x8e,0x00,
0x00,0x00,0x39,0x91,0xf4,0x65,0x00,0x00,0x77,0xed,0x39,0x91,0xf8,0x65,0x00,0x00,
0x77,0xa8,0x39,0x91,0xfc,0x65,0x00,0x00,0x77,0xb3,0x39,0x91,0x04,0x66,0x00,0x00,
0x76,0x1a,0x39,0x91,0x0c,0x66,0x00,0x00,0x76,0x12,0x8b,0x81,0x14,0x67,0x00,0x00,
0xc7,0x81,0xec,0x04,0x00,0x00,0x06,0x00,0x00,0x00,0xeb,0x54,0x8b,0x81,0x00,0x66,
0x00,0x00,0x85,0xc0,0x74,0x52,0x39,0x91,0x0c,0x66,0x00,0x00,0x76,0x08,0x8b,0x81,
0xd4,0x66,0x00,0x00,0xeb,0xda,0x85,0xc0,0x74,0x3e,0x39,0x91,0x08,0x66,0x00,0x00,
0x76,0x12,0x8b,0x81,0xd4,0x66,0x00,0x00,0xc7,0x81,0xec,0x04,0x00,0x00,0x05,0x00,
0x00,0x00,0xeb,0x1c,0x85,0xc0,0x74,0x20,0x39,0x91,0x10,0x66,0x00,0x00,0x76,0x18,
0x8b,0x81,0xd4,0x66,0x00,0x00,0xc7,0x81,0xec,0x04,0x00,0x00,0x07,0x00,0x00,0x00,
0xff,0xc0,0x89,0x81,0xe8,0x04,0x00,0x00,0xc3,0xcc,0xcc,0xcc,0x48,0x89,0x5c,0x24,
0x08,0x48,0x89,0x6c,0x24,0x10,0x48,0x89,0x74,0x24,0x18,0x57,0x48,0x83,0xec,0x30,
0x41,0x8d,0x41,0xff,0x41,0x8b,0xf9,0x48,0x8b,0xf2,0x83,0xf8,0x04,0x76,0x07,0x33,
0xc0,0xe9,0x01,0x01,0x00,0x00,0x48,0x8b,0x6c,0x24,0x60,0x41,0xb0,0x39,0x8b,0x55,
0x04,0x48,0x8d,0x8d,0xf8,0x00,0x00,0x00,0x81,0xea,0xf0,0x00,0x00,0x00,0xe8,0xb1,
0xfa,0xff,0xff,0x33,0xdb,0x48,0x85,0xc0,0x74,0x26,0xb9,0x05,0xc0,0x00,0x00,0x66,
0x89,0x4c,0x24,0x58,0x48,0x8d,0x48,0x02,0x48,0x8d,0x44,0x24,0x58,0x48,0x3b,0xc8,
0x74,0x0e,0x44,0x8d,0x43,0x02,0x48,0x8d,0x54,0x24,0x58,0xe8,0xd0,0xa4,0xff,0xff,
0x4c,0x8b,0x96,0x58,0x01,0x00,0x00,0x4d,0x85,0xd2,0x74,0x3b,0x83,0xff,0x03,0x74,
0x36,0x83,0xff,0x02,0x74,0x08,0x44,0x8a,0xc3,0x83,0xff,0x05,0x75,0x03,0x41,0xb0,
0x01,0x44,0x8b,0x4d,0x04,0x48,0x8d,0x45,0x08,0x33,0xd2,0x48,0x89,0x44,0x24,0x20,
0x49,0x8b,0xca,0x41,0xff,0x12,0x48,0x85,0xc0,0x79,0x0c,0x48,0xb8,0x15,0x00,0x00,
0x00,0x00,0x00,0x00,0x80,0xeb,0x70,0x83,0xef,0x02,0x74,0x41,0x83,0xff,0x01,0x75,
0x63,0x48,0x8b,0xce,0xe8,0x1b,0xfe,0xff,0xff,0x8b,0x86,0xe8,0x04,0x00,0x00,0x85,
0xc0,0x75,0x0c,0x48,0xbb,0x15,0x00,0x00,0x00,0x00,0x00,0x00,0x80,0xeb,0x45,0x8d,
0x48,0xff,0x48,0x69,0xc1,0x10,0x06,0x00,0x00,0x48,0x8d,0x8e,0xf0,0x04,0x00,0x00,
0x48,0x03,0xc8,0x48,0x8b,0x44,0x24,0x68,0x48,0x89,0x08,0xeb,0x27,0x81,0x7d,0x04,
0xc0,0x05,0x00,0x00,0x48,0xbb,0x06,0x00,0x00,0x00,0x00,0x00,0x00,0x80,0x77,0x14,
0x83,0xbe,0xf0,0x65,0x00,0x00,0x10,0x73,0x0b,0x48,0x8b,0xd5,0x48,0x8b,0xce,0xe8,
0x00,0xfd,0xff,0xff,0x48,0x8b,0xc3,0x48,0x8b,0x5c,0x24,0x40,0x48,0x8b,0x6c,0x24,
0x48,0x48,0x8b,0x74,0x24,0x50,0x48,0x83,0xc4,0x30,0x5f,0xc3,0x48,0x89,0x5c,0x24,
0x18,0x48,0x89,0x74,0x24,0x20,0x55,0x57,0x41,0x54,0x41,0x56,0x41,0x57,0x48,0x8d,
0xac,0x24,0x40,0xfe,0xff,0xff,0x48,0x81,0xec,0xc0,0x02,0x00,0x00,0x48,0x8b,0x99,
0x18,0x01,0x00,0x00,0x4c,0x8d,0x8d,0xf0,0x01,0x00,0x00,0x48,0x8b,0xb1,0x28,0x01,
0x00,0x00,0x4c,0x8d,0x85,0xf8,0x01,0x00,0x00,0x41,0xbc,0x04,0x00,0x00,0x00,0x4c,
0x8b,0xf1,0x48,0x8b,0xcb,0x4c,0x89,0xa5,0xf8,0x01,0x00,0x00,0x41,0x8d,0x54,0x24,
0xfd,0xff,0x53,0x08,0x33,0xff,0x48,0x85,0xc0,0x0f,0x88,0xfa,0x01,0x00,0x00,0x39,
0xbd,0xf0,0x01,0x00,0x00,0x74,0x21,0x4c,0x8d,0x8d,0xf0,0x01,0x00,0x00,0x89,0xbd,
0xf0,0x01,0x00,0x00,0x45,0x8b,0xc4,0x8d,0x57,0x01,0x48,0x8b,0xcb,0xff,0x13,0x48,
0x85,0xc0,0x0f,0x88,0xd1,0x01,0x00,0x00,0x48,0x8b,0xc7,0x48,0x85,0xc0,0x0f,0x88,
0xc5,0x01,0x00,0x00,0x4c,0x8d,0x85,0x80,0x00,0x00,0x00,0x49,0x8b,0xce,0x48,0x8d,
0x55,0x00,0xe8,0x79,0xf6,0xff,0xff,0xba,0x48,0x00,0x00,0x00,0x48,0x8d,0x4c,0x24,
0x20,0x8b,0xd8,0xe8,0x88,0xa3,0xff,0xff,0x48,0x8d,0x45,0x00,0x89,0x5c,0x24,0x58,
0x48,0x89,0x44,0x24,0x60,0x48,0x8d,0x54,0x24,0x20,0x48,0x8d,0x05,0xeb,0xfd,0xff,
0xff,0x4c,0x89,0x74,0x24,0x50,0x48,0x89,0x44,0x24,0x48,0x48,0x8b,0xce,0x48,0x8d,
0x05,0xf3,0x62,0x00,0x00,0x44,0x89,0x64,0x24,0x20,0x48,0x89,0x44,0x24,0x28,0xff,
0x56,0x08,0x48,0x8b,0xd8,0x48,0x85,0xc0,0x0f,0x88,0x4a,0x01,0x00,0x00,0x49,0x8d,
0x8e,0xf4,0x65,0x00,0x00,0x41,0x89,0xbe,0xf0,0x65,0x00,0x00,0xba,0x20,0x00,0x00,
0x00,0xe8,0x2a,0xa3,0xff,0xff,0x49,0x8d,0x8e,0x14,0x66,0x00,0x00,0xba,0x00,0x02,
0x00,0x00,0xe8,0x19,0xa3,0xff,0xff,0x33,0xd2,0x48,0x8b,0xce,0xff,0x56,0x10,0x48,
0x8b,0xd8,0x48,0x85,0xc0,0x0f,0x88,0x0d,0x01,0x00,0x00,0x48,0x8d,0x54,0x24,0x70,
0x48,0x8b,0xce,0xff,0x16,0x48,0x8b,0xd8,0x48,0x85,0xc0,0x0f,0x88,0xf7,0x00,0x00,
0x00,0x4d,0x8d,0xbe,0x54,0x04,0x00,0x00,0x48,0x8d,0x45,0xc0,0x4c,0x3b,0xf8,0x74,
0x0f,0x4d,0x8b,0xc4,0x48,0x8d,0x55,0xc0,0x49,0x8b,0xcf,0xe8,0x90,0xa2,0xff,0xff,
0x49,0x8d,0x8e,0x64,0x04,0x00,0x00,0x48,0x8d,0x45,0xec,0x48,0x3b,0xc8,0x74,0x0c,
0x4d,0x8b,0xc4,0x48,0x8d,0x55,0xec,0xe8,0x74,0xa2,0xff,0xff,0x49,0x8d,0x9e,0x74,
0x04,0x00,0x00,0x48,0x8d,0x45,0xe8,0x48,0x3b,0xd8,0x74,0x0f,0x4d,0x8b,0xc4,0x48,
0x8d,0x55,0xe8,0x48,0x8b,0xcb,0xe8,0x55,0xa2,0xff,0xff,0x4d,0x8b,0xb6,0x18,0x01,
0x00,0x00,0x48,0x8d,0x15,0x8f,0x76,0x00,0x00,0x48,0x3b,0xda,0x74,0x29,0x4d,0x8b,
0xc4,0x48,0x8b,0xcb,0xe8,0x97,0xa2,0xff,0xff,0x48,0x85,0xc0,0x74,0x19,0x4c,0x8b,
0xcb,0x4d,0x8b,0xc4,0xba,0x03,0x00,0x00,0x00,0x49,0x8b,0xce,0x41,0xff,0x16,0x48,
0x8b,0xd8,0x48,0x85,0xc0,0x78,0x03,0x48,0x8b,0xdf,0x48,0x85,0xdb,0x78,0x59,0x48,
0x8d,0x0d,0x22,0x6f,0x00,0x00,0xe8,0xf9,0x2f,0x00,0x00,0x41,0x0f,0xb6,0x14,0x3f,
0x48,0x8d,0x0d,0x81,0x66,0x00,0x00,0xe8,0xe8,0x2f,0x00,0x00,0x48,0x83,0xff,0x03,
0x73,0x0c,0x48,0x8d,0x0d,0x73,0x66,0x00,0x00,0xe8,0xd6,0x2f,0x00,0x00,0x48,0xff,
0xc7,0x49,0x3b,0xfc,0x72,0xd5,0x48,0x8d,0x0d,0x6f,0x66,0x00,0x00,0xe8,0xc2,0x2f,
0x00,0x00,0xba,0x48,0x00,0x00,0x00,0x48,0x8d,0x4c,0x24,0x20,0xe8,0xff,0xa1,0xff,
0xff,0x48,0x8d,0x54,0x24,0x20,0xeb,0x08,0x48,0x8b,0xce,0xff,0x56,0x28,0x33,0xd2,
0x48,0x8b,0xce,0xff,0x56,0x08,0x48,0x8b,0xc3,0x4c,0x8d,0x9c,0x24,0xc0,0x02,0x00,
0x00,0x49,0x8b,0x5b,0x40,0x49,0x8b,0x73,0x48,0x49,0x8b,0xe3,0x41,0x5f,0x41,0x5e,
0x41,0x5c,0x5f,0x5d,0xc3,0xcc,0xcc,0xcc,0x48,0x89,0x5c,0x24,0x10,0x48,0x89,0x7c,
0x24,0x18,0x41,0x56,0x48,0x83,0xec,0x20,0x4c,0x89,0x02,0x48,0x8b,0xda,0x48,0x8b,
0xf9,0xb8,0x00,0x06,0x00,0x00,0x66,0x41,0x89,0x00,0xb9,0x00,0x08,0x00,0x00,0x48,
0x8b,0x02,0x41,0xbe,0x00,0x10,0x00,0x00,0x66,0x89,0x48,0x02,0x48,0x8b,0x02,0xc7,
0x40,0x04,0x00,0x3b,0x00,0x3c,0xc7,0x40,0x08,0x00,0x17,0x00,0x10,0x48,0x8b,0x0a,
0x0f,0xb7,0x41,0x02,0x48,0x8d,0x51,0x04,0x66,0xc1,0xc0,0x08,0xb9,0x00,0x03,0x00,
0x00,0x0f,0xb7,0xc0,0x48,0x03,0xd0,0xb8,0x00,0x3e,0x00,0x00,0x48,0x89,0x53,0x08,
0x66,0x89,0x02,0x48,0x8b,0x43,0x08,0x66,0x89,0x48,0x02,0x48,0x8b,0x8f,0x08,0x01,
0x00,0x00,0x48,0x8b,0x43,0x08,0x48,0x85,0xc9,0x74,0x22,0x8a,0x49,0x20,0x88,0x48,
0x04,0x48,0x8b,0x8f,0x08,0x01,0x00,0x00,0x8a,0x51,0x21,0x88,0x50,0x05,0x48,0x8b,
0x8f,0x08,0x01,0x00,0x00,0x8a,0x51,0x22,0x88,0x50,0x06,0xeb,0x0a,0x66,0xc7,0x40,
0x04,0x01,0x03,0xc6,0x40,0x06,0x00,0x48,0x8b,0x4b,0x08,0x0f,0xb7,0x41,0x02,0x48,
0x8d,0x51,0x04,0x66,0xc1,0xc0,0x08,0xb9,0x00,0x02,0x00,0x00,0x0f,0xb7,0xc0,0x48,
0x03,0xd0,0xb8,0x00,0x3d,0x00,0x00,0x48,0x89,0x53,0x10,0x66,0x89,0x02,0x48,0x8b,
0x43,0x10,0x66,0x89,0x48,0x02,0x48,0x8d,0x44,0x24,0x30,0x48,0x8b,0x4b,0x10,0x48,
0x83,0xc1,0x04,0x66,0x44,0x89,0x74,0x24,0x30,0x48,0x3b,0xc8,0x74,0x10,0x41,0xb8,
0x02,0x00,0x00,0x00,0x48,0x8d,0x54,0x24,0x30,0xe8,0x82,0xa0,0xff,0xff,0x48,0x8b,
0x4b,0x10,0x0f,0xb7,0x41,0x02,0x48,0x8d,0x51,0x04,0x66,0xc1,0xc0,0x08,0xb9,0x00,
0x27,0x00,0x00,0x0f,0xb7,0xc0,0x48,0x03,0xd0,0x48,0x89,0x53,0x18,0x66,0x44,0x89,
0x32,0x48,0x8d,0x15,0x48,0x6d,0x00,0x00,0x48,0x8b,0x43,0x18,0x66,0x89,0x48,0x02,
0xb8,0x00,0x21,0x00,0x00,0x48,0x8b,0x5b,0x18,0x48,0x8d,0x4b,0x0a,0xc7,0x43,0x04,
0x00,0x00,0x01,0x57,0x66,0x89,0x43,0x08,0x48,0x3b,0xca,0x74,0x0b,0x41,0xb8,0x21,
0x00,0x00,0x00,0xe8,0x28,0xa0,0xff,0xff,0xb9,0x10,0x00,0x00,0x00,0x48,0x8d,0x53,
0x1a,0x44,0x8d,0x41,0xf5,0xe8,0xf2,0xc4,0xff,0xff,0x48,0x8b,0x97,0x08,0x01,0x00,
0x00,0x48,0x85,0xd2,0x74,0x4c,0x48,0x83,0xc2,0x1c,0x48,0x8d,0x4b,0x20,0x48,0x3b,
0xca,0x74,0x0b,0x41,0xb8,0x04,0x00,0x00,0x00,0xe8,0xf2,0x9f,0xff,0xff,0x48,0x8b,
0x8f,0x08,0x01,0x00,0x00,0x48,0x8d,0x53,0x25,0x41,0xb8,0x03,0x00,0x00,0x00,0x0f,
0xb6,0x49,0x21,0xe8,0xb4,0xc4,0xff,0xff,0x48,0x8b,0x8f,0x08,0x01,0x00,0x00,0x48,
0x8d,0x53,0x28,0x41,0xb8,0x03,0x00,0x00,0x00,0x0f,0xb6,0x49,0x22,0xe8,0x9a,0xc4,
0xff,0xff,0x48,0x8b,0x5c,0x24,0x38,0xb8,0x04,0x00,0x00,0x00,0x48,0x8b,0x7c,0x24,
0x40,0x48,0x83,0xc4,0x20,0x41,0x5e,0xc3,0x48,0x89,0x5c,0x24,0x10,0x48,0x89,0x6c,
0x24,0x18,0x48,0x89,0x74,0x24,0x20,0x57,0x41,0x56,0x41,0x57,0x48,0x83,0xec,0x30,
0x33,0xdb,0x48,0x8d,0xb1,0xd0,0x05,0x00,0x00,0x4c,0x8b,0xf9,0x40,0xb5,0x01,0x48,
0x8b,0xce,0x44,0x8a,0xf3,0x8d,0x53,0x28,0xe8,0xb3,0x9f,0xff,0xff,0x45,0x8b,0x4f,
0x04,0x49,0x8d,0x57,0x0c,0x44,0x8b,0xc3,0x41,0x83,0xe9,0x04,0x74,0x60,0x0f,0xb7,
0x02,0x66,0xc1,0xc0,0x08,0x66,0x83,0xf8,0x03,0x75,0x05,0x48,0x89,0x16,0xeb,0x2e,
0x66,0x83,0xf8,0x3b,0x75,0x06,0x48,0x89,0x56,0x08,0xeb,0x22,0x66,0x83,0xf8,0x3c,
0x75,0x06,0x48,0x89,0x56,0x10,0xeb,0x16,0x66,0x83,0xf8,0x10,0x75,0x06,0x48,0x89,
0x56,0x18,0xeb,0x0a,0x66,0x83,0xf8,0x17,0x75,0x04,0x48,0x89,0x56,0x20,0x0f,0xb7,
0x42,0x02,0x49,0x8d,0x57,0x0c,0x66,0xc1,0xc0,0x08,0x0f,0xb7,0xc0,0x83,0xc0,0x04,
0x44,0x03,0xc0,0x41,0x8b,0xc0,0x48,0x03,0xd0,0x45,0x3b,0xc1,0x72,0xa0,0x48,0x8b,
0x06,0x48,0x85,0xc0,0x74,0x51,0x4c,0x8d,0x40,0x10,0x8b,0xd3,0x0f,0xb7,0x40,0x02,
0x49,0x8b,0xc8,0x66,0xc1,0xc0,0x08,0x44,0x0f,0xb7,0xc8,0x45,0x85,0xc9,0x74,0x27,
0x0f,0xb7,0x01,0x66,0xc1,0xc0,0x08,0x66,0x83,0xf8,0x0d,0x74,0x1d,0x0f,0xb7,0x41,
0x02,0x83,0xc2,0x04,0x66,0xc1,0xc0,0x08,0x0f,0xb7,0xc0,0x03,0xd0,0x8b,0xca,0x49,
0x03,0xc8,0x41,0x3b,0xd1,0x72,0xd9,0x48,0x8b,0xcb,0x48,0x85,0xc9,0x74,0x05,0x38,
0x59,0x04,0x75,0x03,0x40,0x8a,0xeb,0x48,0x8b,0x4e,0x18,0x48,0x85,0xc9,0x74,0x31,
0x0f,0xb7,0x41,0x02,0x66,0xc1,0xc0,0x08,0x66,0x83,0xf8,0x10,0x72,0x23,0x48,0x83,
0xc1,0x0a,0x48,0x8d,0x15,0x77,0x6b,0x00,0x00,0x48,0x3b,0xca,0x74,0x10,0x41,0xb8,
0x0a,0x00,0x00,0x00,0xe8,0xd7,0x9e,0xff,0xff,0x48,0x85,0xc0,0x75,0x03,0x41,0xb6,
0x01,0x48,0x8b,0x7e,0x20,0x45,0x84,0xf6,0x0f,0x84,0x8e,0x00,0x00,0x00,0x48,0x8b,
0x46,0x08,0x48,0x85,0xc0,0x0f,0x84,0x99,0x00,0x00,0x00,0x48,0x8d,0x48,0x04,0x48,
0x8b,0xc3,0x38,0x19,0x74,0x08,0x48,0xff,0xc0,0x38,0x1c,0x01,0x75,0xf8,0x4d,0x8d,
0xb7,0xf8,0x05,0x00,0x00,0x8b,0xd0,0x4d,0x8b,0xce,0xe8,0x5d,0x45,0x00,0x00,0x48,
0x85,0xc0,0x78,0x70,0x48,0x8b,0x4e,0x08,0x48,0x83,0xc1,0x04,0x74,0x0f,0x49,0x8b,
0x16,0x4c,0x8d,0x44,0x24,0x20,0xe8,0x91,0x47,0x00,0x00,0xeb,0x0a,0x48,0xb8,0x02,
0x00,0x00,0x00,0x00,0x00,0x00,0x80,0x48,0xc1,0xe8,0x3f,0x34,0x01,0x74,0x14,0x40,
0x84,0xed,0x74,0x07,0xbb,0x06,0x00,0x00,0x00,0xeb,0x2e,0x48,0x85,0xff,0x0f,0x95,
0xc3,0xeb,0x26,0x40,0x84,0xed,0x75,0x0d,0x48,0xf7,0xdf,0x1b,0xc0,0x83,0xe0,0xfb,
0x8d,0x58,0x07,0xeb,0x14,0xbb,0x05,0x00,0x00,0x00,0xeb,0x0d,0x40,0x84,0xed,0x75,
0x13,0x48,0xf7,0xdf,0x1b,0xc0,0x8d,0x58,0x04,0x41,0x89,0x9f,0xc8,0x05,0x00,0x00,
0x33,0xc0,0xeb,0x0a,0x48,0xb8,0x07,0x00,0x00,0x00,0x00,0x00,0x00,0x80,0x48,0x8b,
0x5c,0x24,0x58,0x48,0x8b,0x6c,0x24,0x60,0x48,0x8b,0x74,0x24,0x68,0x48,0x83,0xc4,
0x30,0x41,0x5f,0x41,0x5e,0x5f,0xc3,0xcc,0x48,0x89,0x5c,0x24,0x08,0x48,0x89,0x74,
0x24,0x10,0x57,0x48,0x83,0xec,0x20,0x8b,0x81,0xf0,0x65,0x00,0x00,0x48,0x8b,0xf2,
0x48,0x69,0xf8,0x10,0x06,0x00,0x00,0x8b,0x42,0x04,0x48,0x8b,0xd9,0x48,0x03,0xf9,
0x39,0x87,0xf0,0x04,0x00,0x00,0x72,0x74,0x48,0x83,0xc2,0x08,0x48,0x8d,0x8f,0xf8,
0x04,0x00,0x00,0x44,0x8b,0xc0,0x85,0xc0,0x74,0x0a,0x48,0x3b,0xca,0x74,0x05,0xe8,
0x4c,0x9d,0xff,0xff,0x8b,0x46,0x04,0x48,0x8d,0x8f,0xf0,0x04,0x00,0x00,0x89,0x87,
0xf4,0x04,0x00,0x00,0xe8,0x8f,0xfd,0xff,0xff,0x48,0x85,0xc0,0x79,0x0c,0x48,0xb8,
0x15,0x00,0x00,0x00,0x00,0x00,0x00,0x80,0xeb,0x3c,0x48,0x63,0x87,0xb8,0x0a,0x00,
0x00,0x48,0x8d,0x90,0x7d,0x19,0x00,0x00,0x48,0xc1,0xe0,0x04,0x8b,0x0c,0x93,0x48,
0x03,0xc8,0x8b,0x83,0xf0,0x65,0x00,0x00,0x89,0x84,0x8b,0x14,0x66,0x00,0x00,0xff,
0x04,0x93,0xff,0x83,0xf0,0x65,0x00,0x00,0x33,0xc0,0xeb,0x0a,0x48,0xb8,0x05,0x00,
0x00,0x00,0x00,0x00,0x00,0x80,0x48,0x8b,0x5c,0x24,0x30,0x48,0x8b,0x74,0x24,0x38,
0x48,0x83,0xc4,0x20,0x5f,0xc3,0xcc,0xcc,0x48,0x89,0x5c,0x24,0x08,0x48,0x89,0x6c,
0x24,0x10,0x48,0x89,0x74,0x24,0x18,0x57,0x48,0x83,0xec,0x30,0x41,0x8b,0xd9,0x48,
0x8b,0xf2,0x41,0x83,0xf9,0x04,0x76,0x07,0x33,0xc0,0xe9,0xfa,0x00,0x00,0x00,0x4c,
0x8b,0x92,0x58,0x01,0x00,0x00,0x33,0xff,0x48,0x8b,0x6c,0x24,0x60,0x4d,0x85,0xd2,
0x74,0x43,0x83,0xfb,0x02,0x74,0x3e,0x8d,0x57,0x01,0x3b,0xda,0x74,0x0a,0x83,0xfb,
0x04,0x74,0x05,0x45,0x32,0xc0,0xeb,0x03,0x44,0x8a,0xc2,0x44,0x8b,0x4d,0x04,0x48,
0x8d,0x45,0x08,0x49,0x8b,0xca,0x48,0x89,0x44,0x24,0x20,0x41,0xff,0x12,0x48,0x8b,
0xf8,0x48,0x85,0xc0,0x79,0x0f,0x48,0xb8,0x15,0x00,0x00,0x00,0x00,0x00,0x00,0x80,
0xe9,0xa4,0x00,0x00,0x00,0x83,0xeb,0x01,0x74,0x75,0x83,0xfb,0x01,0x0f,0x85,0x93,
0x00,0x00,0x00,0x48,0x8b,0xce,0xe8,0xe9,0xf5,0xff,0xff,0x8b,0x86,0xe8,0x04,0x00,
0x00,0x85,0xc0,0x75,0x0c,0x48,0xbf,0x15,0x00,0x00,0x00,0x00,0x00,0x00,0x80,0xeb,
0x75,0x8d,0x48,0xff,0x48,0x69,0xc1,0x10,0x06,0x00,0x00,0x48,0x8d,0x9e,0xf0,0x04,
0x00,0x00,0x48,0x03,0xd8,0x8b,0x0b,0xe8,0x88,0x21,0x00,0x00,0x48,0x8b,0xc8,0x48,
0x8b,0x44,0x24,0x68,0x48,0x89,0x08,0x48,0x85,0xc9,0x75,0x0c,0x48,0xb8,0x09,0x00,
0x00,0x00,0x00,0x00,0x00,0x80,0xeb,0x41,0x44,0x8b,0x03,0x4d,0x85,0xc0,0x74,0x36,
0x48,0x3b,0xcb,0x74,0x31,0x48,0x8b,0xd3,0xe8,0xe3,0x9b,0xff,0xff,0xeb,0x27,0x81,
0x7d,0x04,0xc0,0x05,0x00,0x00,0x48,0xbf,0x06,0x00,0x00,0x00,0x00,0x00,0x00,0x80,
0x77,0x14,0x83,0xbe,0xf0,0x65,0x00,0x00,0x10,0x73,0x0b,0x48,0x8b,0xd5,0x48,0x8b,
0xce,0xe8,0x22,0xfe,0xff,0xff,0x48,0x8b,0xc7,0x48,0x8b,0x5c,0x24,0x40,0x48,0x8b,
0x6c,0x24,0x48,0x48,0x8b,0x74,0x24,0x50,0x48,0x83,0xc4,0x30,0x5f,0xc3,0xcc,0xcc,
0x48,0x8b,0xc4,0x4c,0x89,0x40,0x18,0x48,0x89,0x50,0x10,0x48,0x89,0x48,0x08,0x55,
0x53,0x56,0x57,0x41,0x54,0x41,0x55,0x41,0x56,0x41,0x57,0x48,0x8d,0x68,0xa1,0x48,
0x81,0xec,0xf8,0x00,0x00,0x00,0x4c,0x8b,0xb9,0x10,0x01,0x00,0x00,0x33,0xdb,0x4c,
0x8b,0xe1,0x4c,0x89,0x7c,0x24,0x40,0x49,0x8b,0xc8,0x88,0x5d,0x6f,0x44,0x8a,0xf3,
0x48,0x89,0x5c,0x24,0x38,0x8d,0x53,0x10,0x48,0x89,0x5c,0x24,0x30,0x8b,0xf3,0xe8,
0x8c,0x9b,0xff,0xff,0x45,0x33,0xc9,0x48,0x8d,0x54,0x24,0x50,0x45,0x33,0xc0,0x49,
0x8b,0xcf,0x41,0xff,0x17,0xe9,0x1c,0x02,0x00,0x00,0x44,0x8b,0x45,0xd7,0x4c,0x8b,
0xf3,0x45,0x85,0xc0,0x0f,0x84,0xbd,0x00,0x00,0x00,0x4d,0x8d,0x94,0x24,0x84,0x04,
0x00,0x00,0x4c,0x8b,0xfb,0x4c,0x89,0x54,0x24,0x48,0x48,0x8b,0x45,0xdf,0x41,0x8a,
0x74,0x07,0x20,0x4c,0x8d,0x68,0x10,0x4d,0x03,0xef,0x40,0x84,0xf6,0x0f,0x84,0x81,
0x01,0x00,0x00,0x44,0x8a,0xce,0x40,0x80,0xe6,0x07,0x41,0xc0,0xe9,0x03,0x44,0x88,
0x4d,0x7f,0x45,0x0f,0xb6,0xe1,0x45,0x84,0xc9,0x74,0x22,0x4d,0x3b,0xd5,0x74,0x1d,
0x45,0x8b,0xc4,0x49,0x8b,0xd5,0x49,0x8b,0xca,0xe8,0x32,0x9b,0xff,0xff,0x44,0x8b,
0x45,0xd7,0x44,0x8a,0x4d,0x7f,0x4c,0x8b,0x54,0x24,0x48,0xeb,0x03,0x48,0x8b,0xc3,
0x48,0x85,0xc0,0x75,0x35,0x40,0x84,0xf6,0x0f,0x84,0x36,0x01,0x00,0x00,0x40,0x0f,
0xb6,0xc6,0xb9,0x08,0x00,0x00,0x00,0x2b,0xc8,0xba,0xff,0x00,0x00,0x00,0xd2,0xe2,
0x41,0x80,0xf9,0x10,0x73,0x14,0x43,0x8a,0x0c,0x14,0x43,0x8a,0x04,0x2c,0x22,0xca,
0x22,0xc2,0x3a,0xc8,0x0f,0x84,0x0a,0x01,0x00,0x00,0x49,0xff,0xc6,0x41,0x8b,0xc0,
0x49,0x83,0xc7,0x21,0x4c,0x3b,0xf0,0x0f,0x82,0x5d,0xff,0xff,0xff,0x48,0x8b,0x74,
0x24,0x38,0x4c,0x8b,0x7c,0x24,0x40,0x44,0x8a,0x75,0x6f,0x48,0x8b,0x4d,0xbf,0x48,
0x85,0xc9,0x74,0x0a,0x48,0x8b,0x05,0x55,0x6e,0x00,0x00,0xff,0x50,0x48,0x48,0x8b,
0x4d,0xcf,0x48,0x85,0xc9,0x74,0x0a,0x48,0x8b,0x05,0x42,0x6e,0x00,0x00,0xff,0x50,
0x48,0x48,0x8b,0x4d,0xdf,0x48,0x85,0xc9,0x74,0x0a,0x48,0x8b,0x05,0x2f,0x6e,0x00,
0x00,0xff,0x50,0x48,0x48,0x8b,0x4d,0xef,0x48,0x85,0xc9,0x74,0x0a,0x48,0x8b,0x05,
0x1c,0x6e,0x00,0x00,0xff,0x50,0x48,0x48,0x8b,0x4d,0xff,0x48,0x85,0xc9,0x74,0x0a,
0x48,0x8b,0x05,0x09,0x6e,0x00,0x00,0xff,0x50,0x48,0x48,0x8b,0x4d,0x0f,0x48,0x85,
0xc9,0x74,0x0a,0x48,0x8b,0x05,0xf6,0x6d,0x00,0x00,0xff,0x50,0x48,0x45,0x84,0xf6,
0x0f,0x85,0xdc,0x00,0x00,0x00,0x48,0x83,0xfe,0x0a,0x0f,0x84,0xd2,0x00,0x00,0x00,
0x48,0x8b,0x4c,0x24,0x30,0x48,0xff,0xc6,0x48,0x89,0x74,0x24,0x38,0x48,0x85,0xc9,
0x75,0x33,0x48,0x8d,0x44,0x24,0x30,0x45,0x33,0xc9,0x48,0x89,0x44,0x24,0x20,0x8d,
0x51,0x08,0x48,0x8b,0x05,0xb7,0x6d,0x00,0x00,0x45,0x33,0xc0,0xb9,0x00,0x00,0x00,
0x80,0xff,0x50,0x50,0x48,0x8b,0xf8,0x48,0x85,0xc0,0x0f,0x88,0x92,0x00,0x00,0x00,
0x48,0x8b,0x4c,0x24,0x30,0x48,0x8b,0x05,0x94,0x6d,0x00,0x00,0xba,0x02,0x00,0x00,
0x00,0x41,0xb8,0x80,0x96,0x98,0x00,0xff,0x50,0x58,0x48,0x8b,0xf8,0x48,0x85,0xc0,
0x78,0x70,0xeb,0x39,0x4c,0x8b,0x6d,0x77,0x49,0x6b,0xd6,0x21,0x48,0x03,0x55,0xdf,
0x4c,0x3b,0xea,0x74,0x0e,0x41,0xb8,0x10,0x00,0x00,0x00,0x49,0x8b,0xcd,0xe8,0x5d,
0x99,0xff,0xff,0x48,0x8b,0x74,0x24,0x38,0x41,0xb6,0x01,0x4c,0x8b,0x7c,0x24,0x40,
0x44,0x88,0x75,0x6f,0xe9,0xe2,0xfe,0xff,0xff,0x41,0xff,0x57,0x40,0x48,0x8b,0x05,
0x3c,0x6d,0x00,0x00,0x48,0x8b,0x4c,0x24,0x30,0xff,0x50,0x78,0x49,0x8b,0xcf,0x48,
0x85,0xc0,0x78,0xe5,0x45,0x33,0xc9,0x48,0x8d,0x54,0x24,0x50,0x45,0x33,0xc0,0x41,
0xff,0x17,0x4c,0x8b,0x65,0x67,0x48,0x8b,0xf8,0x48,0x85,0xc0,0x0f,0x89,0xd8,0xfd,
0xff,0xff,0x48,0x8b,0x4c,0x24,0x30,0x48,0x85,0xc9,0x74,0x0a,0x48,0x8b,0x05,0xfd,
0x6c,0x00,0x00,0xff,0x50,0x70,0x45,0x84,0xf6,0x75,0x15,0x48,0x83,0xfe,0x0a,0x48,
0x8b,0xdf,0x48,0xb8,0x12,0x00,0x00,0x00,0x00,0x00,0x00,0x80,0x48,0x0f,0x44,0xd8,
0x48,0x8b,0xc3,0x48,0x81,0xc4,0xf8,0x00,0x00,0x00,0x41,0x5f,0x41,0x5e,0x41,0x5d,
0x41,0x5c,0x5f,0x5e,0x5b,0x5d,0xc3,0xcc,0x40,0x55,0x53,0x56,0x57,0x41,0x55,0x41,
0x56,0x41,0x57,0x48,0x8d,0x6c,0x24,0xd9,0x48,0x81,0xec,0x90,0x00,0x00,0x00,0x48,
0x8b,0xb1,0x20,0x01,0x00,0x00,0x48,0x8b,0xf9,0x4c,0x8b,0xb1,0x10,0x01,0x00,0x00,
0x45,0x33,0xff,0x48,0x83,0x65,0x7f,0x00,0x48,0x8d,0x4d,0xd7,0xc6,0x45,0x67,0x00,
0x41,0x8d,0x57,0x12,0xe8,0xc7,0x98,0xff,0xff,0x48,0x8d,0x97,0x54,0x04,0x00,0x00,
0x48,0x8d,0x45,0xd7,0x45,0x8d,0x6f,0x10,0x48,0x3b,0xc2,0x74,0x0c,0x45,0x8b,0xc5,
0x48,0x8d,0x4d,0xd7,0xe8,0x67,0x98,0xff,0xff,0xba,0x34,0x00,0x00,0x00,0x48,0x8d,
0x4d,0xef,0xe8,0x99,0x98,0xff,0xff,0xb8,0x50,0xc3,0x00,0x00,0xc6,0x45,0xf1,0x01,
0x48,0x8d,0x55,0xef,0x89,0x45,0x1b,0x49,0x8b,0xce,0x89,0x45,0x1f,0xc6,0x45,0xef,
0x3a,0xc6,0x45,0x14,0x40,0x41,0xff,0x56,0x08,0x48,0x8b,0xd8,0x48,0x85,0xc0,0x0f,
0x88,0xb1,0x01,0x00,0x00,0x4c,0x8d,0x45,0xc7,0x48,0x8b,0xcf,0xe8,0x7f,0xfc,0xff,
0xff,0x48,0x85,0xc0,0x79,0x09,0xc6,0x87,0xc0,0x04,0x00,0x00,0x01,0xeb,0x1c,0x48,
0x8d,0x8f,0x74,0x04,0x00,0x00,0x48,0x8d,0x45,0xc7,0x48,0x3b,0xc8,0x74,0x0c,0x4d,
0x8b,0xc5,0x48,0x8d,0x55,0xc7,0xe8,0xf5,0x97,0xff,0xff,0x44,0x21,0x7d,0x6f,0x4c,
0x8d,0x4d,0x6f,0xbf,0x04,0x00,0x00,0x00,0x48,0x8b,0xce,0x44,0x8b,0xc7,0x8d,0x57,
0xfe,0xff,0x16,0x48,0x8b,0xd8,0x48,0x85,0xc0,0x0f,0x88,0x57,0x01,0x00,0x00,0x48,
0x8d,0x45,0x7f,0x49,0x8b,0xd5,0x48,0x89,0x44,0x24,0x20,0x4c,0x8d,0x4d,0x67,0x48,
0x8b,0x05,0xba,0x6b,0x00,0x00,0x4c,0x8d,0x05,0x07,0xbf,0xff,0xff,0xb9,0x00,0x02,
0x00,0x00,0xff,0x50,0x50,0x48,0x8b,0xd8,0x48,0x85,0xc0,0x0f,0x88,0x25,0x01,0x00,
0x00,0x4c,0x8b,0x45,0x7f,0x8b,0xd7,0x48,0x8b,0xce,0xff,0x56,0x10,0x48,0x8b,0xd8,
0x48,0x85,0xc0,0x0f,0x88,0x0d,0x01,0x00,0x00,0x4c,0x8d,0x4d,0xd7,0x8b,0xd7,0x44,
0x8d,0x47,0x0e,0x48,0x8b,0xce,0xff,0x16,0x48,0x8b,0xd8,0x48,0xb8,0x06,0x00,0x00,
0x00,0x00,0x00,0x00,0x80,0x48,0x85,0xdb,0x79,0x09,0x48,0x3b,0xd8,0x0f,0x85,0xe3,
0x00,0x00,0x00,0x48,0x3b,0xd8,0x0f,0x85,0xda,0x00,0x00,0x00,0xeb,0x07,0x49,0x8b,
0xce,0x41,0xff,0x56,0x40,0x44,0x38,0x7d,0x67,0x74,0xf3,0x4c,0x21,0x7d,0x77,0x4c,
0x8d,0x45,0x77,0x45,0x33,0xc9,0x8b,0xd7,0x48,0x8b,0xce,0xff,0x56,0x08,0x48,0xb9,
0x05,0x00,0x00,0x00,0x00,0x00,0x00,0x80,0x48,0x3b,0xc1,0x0f,0x85,0x9b,0x00,0x00,
0x00,0x48,0x8b,0x55,0x77,0x48,0x85,0xd2,0x0f,0x84,0x8e,0x00,0x00,0x00,0xe8,0x49,
0x1c,0x00,0x00,0x4c,0x8b,0xf8,0x48,0x85,0xc0,0x75,0x0f,0x48,0xb8,0x09,0x00,0x00,
0x00,0x00,0x00,0x00,0x80,0xe9,0xb3,0x00,0x00,0x00,0x4d,0x8b,0xcf,0x4c,0x8d,0x45,
0x77,0x8b,0xd7,0x48,0x8b,0xce,0xff,0x56,0x08,0x48,0x8b,0xd8,0x48,0x85,0xc0,0x78,
0x5b,0x48,0x8b,0x4d,0x77,0x45,0x33,0xf6,0x48,0xf7,0xc1,0xf0,0xff,0xff,0xff,0x76,
0x36,0x49,0x8b,0xff,0x48,0x8d,0x45,0xd7,0x48,0x3b,0xf8,0x74,0x2a,0x4d,0x8b,0xc5,
0x48,0x8d,0x55,0xd7,0x48,0x8b,0xcf,0xe8,0x14,0x97,0xff,0xff,0x48,0x8b,0x4d,0x77,
0x48,0x85,0xc0,0x74,0x12,0x48,0x8b,0xc1,0x49,0xff,0xc6,0x48,0xc1,0xe8,0x04,0x49,
0x03,0xfd,0x4c,0x3b,0xf0,0x72,0xcd,0x48,0xc1,0xe9,0x04,0x4c,0x3b,0xf1,0x75,0x16,
0x48,0xbb,0x15,0x00,0x00,0x00,0x00,0x00,0x00,0x80,0xeb,0x0a,0x48,0xbb,0x07,0x00,
0x00,0x00,0x00,0x00,0x00,0x80,0x4c,0x8b,0x45,0x7f,0x4d,0x85,0xc0,0x74,0x19,0xba,
0x04,0x00,0x00,0x00,0x48,0x8b,0xce,0xff,0x56,0x18,0x48,0x8b,0x05,0x5f,0x6a,0x00,
0x00,0x48,0x8b,0x4d,0x7f,0xff,0x50,0x70,0x4d,0x85,0xff,0x74,0x0d,0x48,0x8b,0x05,
0x4c,0x6a,0x00,0x00,0x49,0x8b,0xcf,0xff,0x50,0x48,0x48,0x8b,0xc3,0x48,0x81,0xc4,
0x90,0x00,0x00,0x00,0x41,0x5f,0x41,0x5e,0x41,0x5d,0x5f,0x5e,0x5b,0x5d,0xc3,0xcc,
0x48,0x89,0x5c,0x24,0x18,0x48,0x89,0x74,0x24,0x20,0x55,0x57,0x41,0x55,0x41,0x56,
0x41,0x57,0x48,0x8d,0xac,0x24,0xc0,0xfe,0xff,0xff,0x48,0x81,0xec,0x40,0x02,0x00,
0x00,0x48,0x8b,0xb9,0x30,0x01,0x00,0x00,0x4c,0x8d,0x45,0x00,0x48,0x8d,0x55,0x80,
0x48,0x8b,0xf1,0xe8,0x70,0xf4,0xff,0xff,0x41,0xbd,0x10,0x00,0x00,0x00,0x8b,0xd8,
0x41,0x8b,0xcd,0xe8,0x5c,0x1b,0x00,0x00,0x4c,0x8b,0xf0,0x48,0x85,0xc0,0x75,0x0f,
0x48,0xb8,0x09,0x00,0x00,0x00,0x00,0x00,0x00,0x80,0xe9,0x75,0x02,0x00,0x00,0x49,
0x8b,0xd5,0x48,0x8d,0x4c,0x24,0x30,0xe8,0x04,0x96,0xff,0xff,0xba,0x40,0x00,0x00,
0x00,0x48,0x8d,0x4c,0x24,0x40,0xe8,0xf5,0x95,0xff,0xff,0x48,0x83,0x64,0x24,0x68,
0x00,0x48,0x8d,0x45,0x80,0x66,0x83,0x64,0x24,0x70,0x00,0x48,0x89,0x44,0x24,0x58,
0x48,0x8d,0x05,0xc1,0xf8,0xff,0xff,0x89,0x5c,0x24,0x50,0x33,0xdb,0x48,0x89,0x44,
0x24,0x40,0x48,0x89,0x74,0x24,0x48,0x48,0x8d,0x8d,0x70,0x01,0x00,0x00,0xe8,0xbf,
0x9a,0xff,0xff,0x84,0xc0,0x75,0x7c,0xff,0xc3,0x83,0xfb,0x0a,0x72,0xe9,0x48,0x8b,
0x05,0x7b,0x69,0x00,0x00,0x48,0x8d,0x4c,0x24,0x20,0x33,0xd2,0xff,0x50,0x18,0x0f,
0xb6,0x44,0x24,0x23,0x48,0x8d,0x8d,0x78,0x01,0x00,0x00,0x0f,0xb6,0x5c,0x24,0x24,
0xc1,0xe3,0x08,0x0b,0xd8,0x0f,0xb6,0x44,0x24,0x25,0xc1,0xe3,0x08,0x0b,0xd8,0x0f,
0xb6,0x44,0x24,0x26,0xc1,0xe3,0x08,0x0b,0xd8,0x0f,0xb7,0x44,0x24,0x20,0xc1,0xe0,
0x07,0x33,0xd8,0x48,0x8b,0x05,0x26,0x69,0x00,0x00,0x33,0x5c,0x24,0x28,0xff,0x90,
0xf0,0x00,0x00,0x00,0x8b,0x8d,0x78,0x01,0x00,0x00,0x03,0xcb,0x8b,0xc1,0xc1,0xe0,
0x0d,0x33,0xc8,0x8b,0xc1,0xc1,0xe8,0x11,0x33,0xc8,0x8b,0xc1,0xc1,0xe0,0x05,0x33,
0xc1,0xeb,0x06,0x8b,0x85,0x70,0x01,0x00,0x00,0x89,0x44,0x24,0x64,0x48,0x8d,0x54,
0x24,0x40,0x4c,0x89,0x74,0x24,0x78,0xb8,0x03,0x00,0x00,0x00,0x66,0x89,0x44,0x24,
0x60,0x48,0x8b,0xcf,0xb8,0x04,0x00,0x00,0x00,0x41,0xc7,0x46,0x0c,0x3c,0x00,0x00,
0x00,0x41,0x89,0x06,0x41,0x89,0x46,0x04,0x8d,0x58,0x1c,0x41,0x89,0x5e,0x08,0xff,
0x57,0x08,0x48,0x8b,0x15,0xb7,0x68,0x00,0x00,0x49,0x8b,0xce,0x4c,0x8b,0xf8,0xff,
0x52,0x48,0x4d,0x85,0xff,0x0f,0x88,0x38,0x01,0x00,0x00,0x83,0xa6,0xf0,0x65,0x00,
0x00,0x00,0x48,0x8d,0x8e,0xf4,0x65,0x00,0x00,0x83,0xa6,0xe8,0x04,0x00,0x00,0x00,
0x8b,0xd3,0xe8,0xc9,0x94,0xff,0xff,0x48,0x8d,0x8e,0x14,0x66,0x00,0x00,0xba,0x00,
0x02,0x00,0x00,0xe8,0xb8,0x94,0xff,0xff,0x48,0x8b,0xcf,0xff,0x57,0x10,0x4c,0x8b,
0xf8,0x48,0x85,0xc0,0x0f,0x88,0xf9,0x00,0x00,0x00,0x45,0x33,0xc0,0x48,0x8d,0x54,
0x24,0x30,0x48,0x8b,0xcf,0xff,0x17,0x4c,0x8b,0xf8,0x48,0x85,0xc0,0x0f,0x88,0xe0,
0x00,0x00,0x00,0x48,0x8b,0x44,0x24,0x38,0x48,0x81,0xc6,0x54,0x04,0x00,0x00,0x48,
0x8d,0x50,0x1c,0x48,0x3b,0xf2,0x74,0x0b,0x4d,0x8b,0xc5,0x48,0x8b,0xce,0xe8,0x2d,
0x94,0xff,0xff,0x48,0x8d,0x0d,0x66,0x61,0x00,0x00,0xe8,0x15,0x22,0x00,0x00,0x33,
0xdb,0x8a,0x04,0x33,0x84,0xc0,0x74,0x0f,0x0f,0xb6,0xd0,0x48,0x8d,0x0d,0x9e,0x58,
0x00,0x00,0xe8,0xfd,0x21,0x00,0x00,0x48,0xff,0xc3,0x48,0x83,0xfb,0x0f,0x77,0x43,
0xf6,0x04,0x33,0xf0,0x75,0x13,0x80,0x7c,0x33,0xff,0x00,0x74,0x0c,0x48,0x8d,0x0d,
0x80,0x58,0x00,0x00,0xe8,0xdb,0x21,0x00,0x00,0x0f,0xb6,0x14,0x33,0x48,0x8d,0x0d,
0x6c,0x58,0x00,0x00,0xe8,0xcb,0x21,0x00,0x00,0x48,0x83,0xfb,0x0f,0x73,0x0c,0x48,
0x8d,0x0d,0x62,0x58,0x00,0x00,0xe8,0xb9,0x21,0x00,0x00,0x48,0xff,0xc3,0x49,0x3b,
0xdd,0x72,0x9e,0x48,0x8d,0x0d,0x52,0x58,0x00,0x00,0xe8,0xa5,0x21,0x00,0x00,0xba,
0x40,0x00,0x00,0x00,0x48,0x8d,0x4c,0x24,0x40,0xe8,0xe2,0x93,0xff,0xff,0x48,0x8d,
0x54,0x24,0x40,0x48,0x8b,0xcf,0xff,0x57,0x08,0x48,0x8b,0x4c,0x24,0x30,0x48,0x85,
0xc9,0x74,0x0a,0x48,0x8b,0x05,0x86,0x67,0x00,0x00,0xff,0x50,0x48,0x48,0x8b,0x4c,
0x24,0x38,0x48,0x85,0xc9,0x74,0x1a,0x48,0x8b,0x05,0x72,0x67,0x00,0x00,0xff,0x50,
0x48,0xeb,0x0e,0x48,0x8b,0xcf,0xff,0x57,0x38,0x33,0xd2,0x48,0x8b,0xcf,0xff,0x57,
0x08,0x49,0x8b,0xc7,0x4c,0x8d,0x9c,0x24,0x40,0x02,0x00,0x00,0x49,0x8b,0x5b,0x40,
0x49,0x8b,0x73,0x48,0x49,0x8b,0xe3,0x41,0x5f,0x41,0x5e,0x41,0x5d,0x5f,0x5d,0xc3,
0x48,0x89,0x09,0x48,0x8b,0xc1,0x48,0x89,0x49,0x08,0xc3,0xcc,0x48,0x89,0x0a,0x48,
0x8b,0x41,0x08,0x48,0x89,0x42,0x08,0x48,0x89,0x10,0x48,0x8b,0xc1,0x48,0x89,0x51,
0x08,0xc3,0xcc,0xcc,0xeb,0x1c,0x66,0x83,0x3a,0x00,0x74,0x1e,0x66,0x3b,0x02,0x75,
0x19,0x49,0x83,0xf8,0x01,0x76,0x13,0x48,0x83,0xc1,0x02,0x48,0x83,0xc2,0x02,0x49,
0xff,0xc8,0x0f,0xb7,0x01,0x66,0x85,0xc0,0x75,0xdc,0x0f,0xb7,0x02,0x0f,0xb7,0x09,
0x2b,0xc8,0x48,0x63,0xc1,0xc3,0xcc,0xcc,0x45,0x33,0xd2,0x4c,0x8b,0xca,0x66,0x44,
0x39,0x12,0x75,0x35,0x48,0x8b,0xc1,0xc3,0x49,0x8b,0xd1,0x4c,0x8b,0xc1,0x66,0x41,
0x3b,0x01,0x75,0x15,0x66,0x85,0xc0,0x74,0x10,0x48,0x83,0xc1,0x02,0x48,0x83,0xc2,
0x02,0x0f,0xb7,0x01,0x66,0x3b,0x02,0x74,0xeb,0x66,0x44,0x39,0x12,0x74,0x15,0x66,
0x44,0x39,0x11,0x74,0x0c,0x49,0x8d,0x48,0x02,0x0f,0xb7,0x01,0x66,0x85,0xc0,0x75,
0xc7,0x33,0xc0,0xc3,0x49,0x8b,0xc0,0xc3,0x0f,0xbe,0xc1,0xba,0x30,0x00,0x00,0x00,
0x66,0x2b,0xc2,0x66,0x83,0xf8,0x09,0x77,0x07,0x0f,0xbe,0xc1,0x2b,0xc2,0xeb,0x13,
0x8d,0x41,0x9f,0x3c,0x19,0x0f,0xbe,0xc1,0x77,0x03,0x83,0xe8,0x20,0x0f,0xbe,0xc0,
0x83,0xe8,0x37,0x48,0x98,0xc3,0xcc,0xcc,0x8a,0x01,0x41,0xb3,0x61,0x44,0x8a,0x01,
0x41,0x2a,0xc3,0x4c,0x8b,0xca,0x4c,0x8b,0xd1,0x3c,0x19,0x77,0x04,0x41,0x80,0xe8,
0x20,0x8a,0x12,0x8a,0xc2,0x41,0x2a,0xc3,0x3c,0x19,0x77,0x05,0x8d,0x4a,0xe0,0xeb,
0x02,0x8a,0xca,0x41,0x80,0x3a,0x00,0x74,0x39,0x4d,0x2b,0xd1,0x84,0xd2,0x74,0x32,
0x44,0x3a,0xc1,0x75,0x2d,0x49,0xff,0xc1,0x47,0x8a,0x04,0x0a,0x41,0x8a,0xc0,0x41,
0x2a,0xc3,0x3c,0x19,0x77,0x04,0x41,0x80,0xe8,0x20,0x41,0x8a,0x11,0x8a,0xc2,0x8a,
0xca,0x41,0x2a,0xc3,0x3c,0x19,0x77,0x03,0x80,0xe9,0x20,0x43,0x80,0x3c,0x0a,0x00,
0x75,0xca,0x0f,0xbe,0xc1,0x41,0x0f,0xbe,0xc8,0x2b,0xc8,0x48,0x63,0xc1,0xc3,0xcc,
0x4d,0x85,0xc0,0x75,0x1b,0x33,0xc0,0xc3,0x80,0x3a,0x00,0x74,0x19,0x3a,0x02,0x75,
0x15,0x49,0x83,0xf8,0x01,0x76,0x0f,0x48,0xff,0xc1,0x48,0xff,0xc2,0x49,0xff,0xc8,
0x8a,0x01,0x84,0xc0,0x75,0xe2,0x0f,0xbe,0x02,0x0f,0xbe,0x09,0x2b,0xc8,0x48,0x63,
0xc1,0xc3,0xcc,0xcc,0x45,0x33,0xc9,0x48,0x85,0xc9,0x74,0x26,0x48,0x85,0xd2,0x74,
0x21,0x41,0x8b,0xc1,0x66,0x44,0x39,0x09,0x74,0x1a,0x4c,0x8d,0x42,0xff,0x49,0x3b,
0xc0,0x73,0x0b,0x48,0xff,0xc0,0x66,0x44,0x39,0x0c,0x41,0x75,0xf1,0xc3,0x48,0x8b,
0xc2,0xc3,0x33,0xc0,0xc3,0xcc,0xcc,0xcc,0x40,0x53,0x48,0x83,0xec,0x20,0x33,0xdb,
0x4d,0x8b,0xd8,0x4c,0x8b,0xd1,0x48,0x85,0xc9,0x75,0x0c,0x48,0xb8,0x02,0x00,0x00,
0x00,0x00,0x00,0x00,0x80,0xeb,0x7b,0x4d,0x85,0xdb,0x74,0xef,0x48,0x81,0xfa,0x40,
0x42,0x0f,0x00,0x77,0xe6,0x48,0x85,0xd2,0x74,0xe1,0x49,0x8b,0xcb,0xe8,0x92,0xff,
0xff,0xff,0x48,0x3b,0xd0,0x77,0x0c,0x48,0xb8,0x05,0x00,0x00,0x00,0x00,0x00,0x00,
0x80,0xeb,0x4f,0x4d,0x3b,0xda,0x77,0x11,0x48,0xff,0xc0,0x49,0x8d,0x04,0x43,0x4c,
0x3b,0xd0,0x72,0x0e,0x4d,0x3b,0xda,0x72,0x15,0x49,0x8d,0x04,0x52,0x4c,0x3b,0xd8,
0x73,0x0c,0x48,0xb8,0x0f,0x00,0x00,0x00,0x00,0x00,0x00,0x80,0xeb,0x24,0x41,0x0f,
0xb7,0x03,0x66,0x85,0xc0,0x74,0x15,0x4d,0x2b,0xda,0x66,0x41,0x89,0x02,0x49,0x83,
0xc2,0x02,0x43,0x0f,0xb7,0x04,0x13,0x66,0x85,0xc0,0x75,0xee,0x66,0x41,0x89,0x1a,
0x33,0xc0,0x48,0x83,0xc4,0x20,0x5b,0xc3,0x48,0x89,0x5c,0x24,0x08,0x48,0x89,0x74,
0x24,0x10,0x57,0x48,0x83,0xec,0x20,0x33,0xf6,0x49,0x8b,0xf9,0x4d,0x8b,0xd8,0x48,
0x8b,0xda,0x4c,0x8b,0xd1,0x48,0x85,0xc9,0x75,0x0f,0x48,0xb8,0x02,0x00,0x00,0x00,
0x00,0x00,0x00,0x80,0xe9,0x9d,0x00,0x00,0x00,0x4d,0x85,0xdb,0x74,0xec,0xb8,0x40,
0x42,0x0f,0x00,0x48,0x3b,0xd8,0x77,0xe2,0x48,0x3b,0xf8,0x77,0xdd,0x48,0x85,0xdb,
0x74,0xd8,0x48,0x3b,0xdf,0x48,0x8b,0xd7,0x49,0x8b,0xcb,0x48,0x0f,0x42,0xd3,0xe8,
0xd0,0xfe,0xff,0xff,0x48,0x8b,0xc8,0x48,0x3b,0xfb,0x72,0x11,0x48,0x3b,0xd8,0x77,
0x0c,0x48,0xb8,0x05,0x00,0x00,0x00,0x00,0x00,0x00,0x80,0xeb,0x59,0x48,0x3b,0xcf,
0x48,0x0f,0x47,0xcf,0x4d,0x3b,0xda,0x77,0x12,0x49,0x8d,0x43,0x02,0x48,0x8d,0x04,
0x48,0x4c,0x3b,0xd0,0x72,0x0e,0x4d,0x3b,0xda,0x72,0x15,0x49,0x8d,0x04,0x5a,0x4c,
0x3b,0xd8,0x73,0x0c,0x48,0xb8,0x0f,0x00,0x00,0x00,0x00,0x00,0x00,0x80,0xeb,0x26,
0x48,0x85,0xc9,0x74,0x1b,0x4d,0x2b,0xda,0x43,0x0f,0xb7,0x04,0x13,0x66,0x85,0xc0,
0x74,0x0e,0x66,0x41,0x89,0x02,0x49,0x83,0xc2,0x02,0x48,0x83,0xe9,0x01,0x75,0xe8,
0x66,0x41,0x89,0x32,0x33,0xc0,0x48,0x8b,0x5c,0x24,0x30,0x48,0x8b,0x74,0x24,0x38,
0x48,0x83,0xc4,0x20,0x5f,0xc3,0xcc,0xcc,0x48,0x89,0x5c,0x24,0x08,0x48,0x89,0x74,
0x24,0x10,0x57,0x48,0x83,0xec,0x20,0x4d,0x8b,0xd0,0x48,0x8b,0xda,0x4c,0x8b,0xd9,
0xe8,0x2f,0xfe,0xff,0xff,0x48,0x2b,0xd0,0x33,0xf6,0x48,0x8b,0xf8,0x48,0x85,0xc9,
0x75,0x0f,0x48,0xb8,0x02,0x00,0x00,0x00,0x00,0x00,0x00,0x80,0xe9,0x87,0x00,0x00,
0x00,0x4d,0x85,0xd2,0x74,0xec,0x48,0x81,0xfb,0x40,0x42,0x0f,0x00,0x77,0xe3,0x48,
0x85,0xdb,0x74,0xde,0x48,0x85,0xd2,0x75,0x0c,0x48,0xb8,0x04,0x00,0x00,0x00,0x00,
0x00,0x00,0x80,0xeb,0x63,0x49,0x8b,0xca,0xe8,0xe7,0xfd,0xff,0xff,0x48,0x3b,0xd0,
0x77,0x0c,0x48,0xb8,0x05,0x00,0x00,0x00,0x00,0x00,0x00,0x80,0xeb,0x4a,0x4d,0x3b,
0xd3,0x77,0x11,0x48,0xff,0xc0,0x49,0x8d,0x04,0x42,0x4c,0x3b,0xd8,0x72,0x0e,0x4d,
0x3b,0xd3,0x72,0x15,0x49,0x8d,0x04,0x5b,0x4c,0x3b,0xd0,0x73,0x0c,0x48,0xb8,0x0f,
0x00,0x00,0x00,0x00,0x00,0x00,0x80,0xeb,0x1f,0x49,0x8d,0x04,0x7b,0xeb,0x0b,0x66,
0x89,0x08,0x4d,0x8d,0x52,0x02,0x48,0x83,0xc0,0x02,0x41,0x0f,0xb7,0x0a,0x66,0x85,
0xc9,0x75,0xec,0x66,0x89,0x30,0x33,0xc0,0x48,0x8b,0x5c,0x24,0x30,0x48,0x8b,0x74,
0x24,0x38,0x48,0x83,0xc4,0x20,0x5f,0xc3,0x48,0x85,0xc9,0x74,0x22,0x48,0x85,0xd2,
0x74,0x1d,0x33,0xc0,0x38,0x01,0x74,0x19,0x4c,0x8d,0x42,0xff,0x49,0x3b,0xc0,0x73,
0x0a,0x48,0xff,0xc0,0x80,0x3c,0x08,0x00,0x75,0xf2,0xc3,0x48,0x8b,0xc2,0xc3,0x33,
0xc0,0xc3,0xcc,0xcc,0x40,0x53,0x48,0x83,0xec,0x20,0x4d,0x8b,0xd8,0x4c,0x8b,0xd2,
0x4c,0x8b,0xc9,0x48,0x85,0xc9,0x75,0x0f,0x48,0xb8,0x02,0x00,0x00,0x00,0x00,0x00,
0x00,0x80,0xe9,0xa1,0x00,0x00,0x00,0x4d,0x85,0xdb,0x74,0xec,0xba,0x41,0x42,0x0f,
0x00,0xe8,0xa2,0xff,0xff,0xff,0x48,0x3d,0x40,0x42,0x0f,0x00,0x77,0xda,0x4d,0x85,
0xd2,0x74,0x03,0x49,0x89,0x0a,0x41,0x80,0x39,0x20,0x74,0x06,0x41,0x80,0x39,0x09,
0x75,0x08,0x49,0xff,0xc1,0xeb,0xef,0x49,0xff,0xc1,0x41,0x80,0x39,0x30,0x74,0xf7,
0x49,0x83,0x23,0x00,0x41,0x8a,0x01,0x2c,0x30,0x3c,0x09,0x77,0x51,0x41,0x0f,0xbe,
0x01,0x4d,0x8b,0x03,0x83,0xe8,0x30,0x48,0x63,0xd8,0x48,0xb8,0xcd,0xcc,0xcc,0xcc,
0xcc,0xcc,0xcc,0xcc,0x48,0x8b,0xcb,0x48,0xf7,0xd1,0x48,0xf7,0xe1,0x48,0xc1,0xea,
0x03,0x4c,0x3b,0xc2,0x77,0x10,0x4b,0x8d,0x04,0x80,0x49,0xff,0xc1,0x48,0x8d,0x0c,
0x43,0x49,0x89,0x0b,0xeb,0xbe,0x49,0x83,0x0b,0xff,0x4d,0x85,0xd2,0x74,0x03,0x4d,
0x89,0x0a,0x48,0xb8,0x03,0x00,0x00,0x00,0x00,0x00,0x00,0x80,0xeb,0x0a,0x4d,0x85,
0xd2,0x74,0x03,0x4d,0x89,0x0a,0x33,0xc0,0x48,0x83,0xc4,0x20,0x5b,0xc3,0xcc,0xcc,
0x48,0x83,0xec,0x28,0x4d,0x8b,0xd8,0x4c,0x8b,0xd2,0x4c,0x8b,0xc9,0x48,0x85,0xc9,
0x75,0x0f,0x48,0xb8,0x02,0x00,0x00,0x00,0x00,0x00,0x00,0x80,0xe9,0xcc,0x00,0x00,
0x00,0x4d,0x85,0xdb,0x74,0xec,0xba,0x41,0x42,0x0f,0x00,0xe8,0xd8,0xfe,0xff,0xff,
0x48,0x3d,0x40,0x42,0x0f,0x00,0x77,0xda,0x4d,0x85,0xd2,0x74,0x03,0x49,0x89,0x0a,
0x41,0x80,0x39,0x20,0x74,0x06,0x41,0x80,0x39,0x09,0x75,0x05,0x49,0xff,0xc1,0xeb,
0xef,0x41,0xb0,0x30,0xeb,0x03,0x49,0xff,0xc1,0x45,0x38,0x01,0x74,0xf8,0x41,0x8a,
0x01,0x2c,0x61,0x3c,0x19,0x41,0x0f,0xbe,0x01,0x77,0x03,0x83,0xc0,0xe0,0x3c,0x58,
0x75,0x11,0x45,0x38,0x41,0xff,0x74,0x08,0x49,0x83,0x23,0x00,0x33,0xc0,0xeb,0x6d,
0x49,0xff,0xc1,0x49,0x83,0x23,0x00,0x41,0x8a,0x01,0x41,0x2a,0xc0,0x3c,0x09,0x76,
0x12,0x41,0x8a,0x01,0x2c,0x41,0x3c,0x05,0x76,0x09,0x41,0x8a,0x01,0x2c,0x61,0x3c,
0x05,0x77,0x2a,0x41,0x8a,0x09,0xe8,0xfd,0xfa,0xff,0xff,0x49,0x8b,0x13,0x48,0x83,
0xc9,0xff,0x48,0x2b,0xc8,0x48,0xc1,0xe9,0x04,0x48,0x3b,0xd1,0x77,0x19,0x48,0xc1,
0xe2,0x04,0x48,0x03,0xd0,0x49,0x89,0x13,0x49,0xff,0xc1,0xeb,0xba,0x4d,0x85,0xd2,
0x74,0xaa,0x4d,0x89,0x0a,0xeb,0xa5,0x49,0x83,0x0b,0xff,0x4d,0x85,0xd2,0x74,0x03,
0x4d,0x89,0x0a,0x48,0xb8,0x03,0x00,0x00,0x00,0x00,0x00,0x00,0x80,0x48,0x83,0xc4,
0x28,0xc3,0xcc,0xcc,0x40,0x53,0x48,0x83,0xec,0x20,0x33,0xdb,0x4d,0x8b,0xd8,0x4c,
0x8b,0xd2,0x48,0x85,0xd2,0x75,0x0c,0x48,0xb8,0x02,0x00,0x00,0x00,0x00,0x00,0x00,
0x80,0xeb,0x6d,0x48,0x85,0xc9,0x74,0xef,0x49,0x81,0xfb,0x40,0x42,0x0f,0x00,0x77,
0xe6,0x4d,0x85,0xdb,0x74,0xe1,0x49,0x8b,0xd3,0xe8,0x56,0xfb,0xff,0xff,0x4c,0x3b,
0xd8,0x77,0x0c,0x48,0xb8,0x05,0x00,0x00,0x00,0x00,0x00,0x00,0x80,0xeb,0x41,0x49,
0x3b,0xca,0x77,0x11,0x48,0xff,0xc0,0x48,0x8d,0x04,0x41,0x4c,0x3b,0xd0,0x72,0x0e,
0x49,0x3b,0xca,0x72,0x21,0x4b,0x8d,0x04,0x1a,0x48,0x3b,0xc8,0x73,0x18,0x48,0xb8,
0x0f,0x00,0x00,0x00,0x00,0x00,0x00,0x80,0xeb,0x16,0x8a,0x01,0x48,0x8d,0x49,0x02,
0x41,0x88,0x02,0x49,0xff,0xc2,0x66,0x39,0x19,0x75,0xef,0x41,0x88,0x1a,0x33,0xc0,
0x48,0x83,0xc4,0x20,0x5b,0xc3,0xcc,0xcc,0x48,0x83,0xec,0x28,0x45,0x33,0xdb,0x4d,
0x8b,0xd0,0x4c,0x8b,0xca,0x48,0x85,0xd2,0x75,0x0c,0x48,0xb8,0x02,0x00,0x00,0x00,
0x00,0x00,0x00,0x80,0xeb,0x70,0x48,0x85,0xc9,0x74,0xef,0x49,0x81,0xfa,0x40,0x42,
0x0f,0x00,0x77,0xe6,0x4d,0x85,0xd2,0x74,0xe1,0x49,0x8b,0xd2,0xe8,0x47,0xfd,0xff,
0xff,0x4c,0x3b,0xd0,0x77,0x0c,0x48,0xb8,0x05,0x00,0x00,0x00,0x00,0x00,0x00,0x80,
0xeb,0x44,0x49,0x3b,0xc9,0x77,0x10,0x48,0xff,0xc0,0x48,0x03,0xc1,0x4c,0x3b,0xc8,
0x72,0x0e,0x49,0x3b,0xc9,0x72,0x23,0x4b,0x8d,0x04,0x51,0x48,0x3b,0xc8,0x73,0x1a,
0x48,0xb8,0x0f,0x00,0x00,0x00,0x00,0x00,0x00,0x80,0xeb,0x1a,0x0f,0xb6,0xc0,0x66,
0x41,0x89,0x01,0x49,0x83,0xc1,0x02,0x48,0xff,0xc1,0x8a,0x01,0x84,0xc0,0x75,0xec,
0x66,0x45,0x89,0x19,0x33,0xc0,0x48,0x83,0xc4,0x28,0xc3,0xcc,0x48,0x89,0x5c,0x24,
0x10,0x4c,0x89,0x4c,0x24,0x20,0x55,0x56,0x57,0x41,0x54,0x41,0x55,0x41,0x56,0x41,
0x57,0x48,0x8b,0xec,0x48,0x83,0xec,0x30,0x45,0x32,0xe4,0x41,0xbe,0x10,0x00,0x00,
0x00,0x4d,0x8b,0xf8,0x4c,0x8b,0xea,0x48,0x8b,0xf9,0x41,0x8b,0xde,0x48,0x85,0xc9,
0x75,0x0c,0x48,0xb8,0x02,0x00,0x00,0x00,0x00,0x00,0x00,0x80,0xeb,0x76,0x4d,0x85,
0xff,0x74,0xef,0x33,0xf6,0x8a,0x07,0x2c,0x30,0x3c,0x09,0x76,0x37,0x8a,0x07,0x2c,
0x41,0x3c,0x05,0x76,0x2f,0x8a,0x07,0x2c,0x61,0x3c,0x05,0x76,0x27,0x80,0x3f,0x3a,
0x75,0x48,0x45,0x84,0xe4,0x75,0x43,0x49,0x3b,0xde,0x75,0x3e,0x49,0x3b,0xf6,0x74,
0x39,0x48,0xff,0xc7,0x48,0x8b,0xde,0x48,0x85,0xf6,0x75,0x08,0x80,0x3f,0x3a,0x75,
0x29,0x48,0xff,0xc7,0x8a,0x07,0x2c,0x30,0x3c,0x09,0x76,0x3d,0x8a,0x07,0x2c,0x41,
0x3c,0x05,0x76,0x35,0x8a,0x07,0x2c,0x61,0x3c,0x05,0x76,0x2d,0x80,0x3f,0x2f,0x0f,
0x85,0xb2,0x00,0x00,0x00,0x48,0x3b,0xde,0x74,0x61,0x48,0xb8,0x03,0x00,0x00,0x00,
0x00,0x00,0x00,0x80,0x48,0x8b,0x5c,0x24,0x78,0x48,0x83,0xc4,0x30,0x41,0x5f,0x41,
0x5e,0x41,0x5d,0x41,0x5c,0x5f,0x5e,0x5d,0xc3,0x4c,0x8d,0x45,0x40,0x48,0x8b,0xcf,
0x48,0x8d,0x55,0x58,0x45,0x84,0xe4,0x75,0x54,0xe8,0x02,0xfd,0xff,0xff,0x48,0x85,
0xc0,0x78,0xc7,0x48,0x8b,0x45,0x58,0x48,0x2b,0xc7,0x48,0x83,0xf8,0x04,0x7f,0xba,
0x48,0x8b,0x4d,0x40,0x48,0x8b,0x7d,0x58,0x0f,0xb7,0xc1,0x66,0xc1,0xe8,0x08,0x88,
0x44,0x35,0xf0,0x88,0x4c,0x35,0xf1,0x48,0x83,0xc6,0x02,0x80,0x3f,0x2f,0x75,0x05,
0x41,0xb4,0x01,0xeb,0x0a,0x80,0x3f,0x3a,0x75,0x3d,0x49,0x3b,0xf6,0x74,0x3d,0x48,
0xff,0xc7,0x48,0x83,0xfe,0x11,0x73,0x2f,0xe9,0x18,0xff,0xff,0xff,0xe8,0xe2,0xfb,
0xff,0xff,0x48,0x85,0xc0,0x0f,0x88,0x6f,0xff,0xff,0xff,0x48,0x39,0x7d,0x58,0x0f,
0x84,0x65,0xff,0xff,0xff,0x48,0x81,0x7d,0x40,0x80,0x00,0x00,0x00,0x0f,0x87,0x57,
0xff,0xff,0xff,0x48,0x8b,0x7d,0x58,0x49,0x3b,0xf6,0x75,0x0e,0x49,0x3b,0xde,0x0f,
0x85,0x45,0xff,0xff,0xff,0x49,0x3b,0xf6,0x74,0x0e,0x49,0x3b,0xde,0x0f,0x84,0x37,
0xff,0xff,0xff,0x48,0x85,0xdb,0x74,0x18,0x48,0x8d,0x45,0xf0,0x4c,0x3b,0xf8,0x74,
0x0f,0x4c,0x8b,0xc3,0x48,0x8d,0x55,0xf0,0x49,0x8b,0xcf,0xe8,0x90,0x8a,0xff,0xff,
0x4c,0x2b,0xf6,0x74,0x0c,0x4a,0x8d,0x0c,0x3b,0x49,0x8b,0xd6,0xe8,0xbf,0x8a,0xff,
0xff,0x48,0x3b,0xf3,0x76,0x26,0x4c,0x8b,0xc6,0x48,0x8d,0x55,0xf0,0x4c,0x2b,0xc3,
0x49,0x8d,0x4f,0x10,0x48,0x03,0xd3,0x48,0x2b,0xde,0x48,0x03,0xcb,0x4d,0x85,0xc0,
0x74,0x0a,0x48,0x3b,0xca,0x74,0x05,0xe8,0x54,0x8a,0xff,0xff,0x4d,0x85,0xed,0x74,
0x04,0x49,0x89,0x7d,0x00,0x33,0xc0,0xe9,0xd8,0xfe,0xff,0xff,0x4c,0x8b,0xdc,0x4d,
0x89,0x43,0x18,0x4d,0x89,0x4b,0x20,0x48,0x83,0xec,0x38,0x49,0x8d,0x43,0x20,0x48,
0xd1,0xea,0x4d,0x8b,0xc8,0x49,0x89,0x43,0xe8,0x41,0xb8,0x40,0x01,0x00,0x00,0xe8,
0xcc,0x01,0x00,0x00,0x48,0x83,0xc4,0x38,0xc3,0xcc,0xcc,0xcc,0x45,0x33,0xd2,0x4d,
0x85,0xc0,0x7e,0x27,0x48,0x3b,0xca,0x73,0x22,0x48,0x83,0x7c,0x24,0x28,0x01,0x44,
0x88,0x09,0x74,0x0a,0x49,0x8b,0xc1,0x48,0xc1,0xe8,0x08,0x88,0x41,0x01,0x48,0x03,
0x4c,0x24,0x28,0x49,0xff,0xc2,0x4d,0x3b,0xd0,0x7c,0xd9,0x48,0x8b,0xc1,0xc3,0xcc,
0x48,0x8b,0xc4,0x48,0x89,0x58,0x08,0x48,0x89,0x70,0x10,0x48,0x89,0x78,0x18,0x4c,
0x89,0x70,0x20,0x41,0x57,0x48,0x83,0xec,0x60,0x49,0x8b,0xf1,0x4c,0x8b,0xda,0x41,
0xba,0xa0,0x00,0x00,0x00,0x48,0x85,0xc9,0x75,0x0f,0x48,0xb8,0x02,0x00,0x00,0x00,
0x00,0x00,0x00,0x80,0xe9,0x3a,0x01,0x00,0x00,0x49,0x81,0xfb,0x81,0x84,0x1e,0x00,
0x77,0xe8,0x48,0x8b,0x84,0x24,0x90,0x00,0x00,0x00,0x48,0x83,0xf8,0x26,0x73,0xda,
0xba,0x80,0x00,0x00,0x00,0x4c,0x8d,0x3d,0x84,0x5b,0x00,0x00,0x48,0x85,0xc0,0x4c,
0x0f,0x44,0xd2,0x44,0x8d,0x42,0xa5,0x4c,0x0f,0x45,0xc0,0x44,0x8d,0x72,0x90,0x41,
0x83,0xe2,0x20,0x74,0x05,0x4d,0x8b,0xc8,0xeb,0x31,0x49,0x8b,0xd9,0xc6,0x44,0x24,
0x30,0x00,0x4c,0x8d,0x4c,0x24,0x30,0x33,0xd2,0x48,0x8b,0xc3,0x49,0xf7,0xf6,0x49,
0xff,0xc1,0x48,0x8b,0xd8,0x8b,0xc2,0x42,0x8a,0x04,0x38,0x41,0x88,0x01,0x48,0x85,
0xdb,0x75,0xe4,0x48,0x8d,0x44,0x24,0x30,0x4c,0x2b,0xc8,0x4d,0x3b,0xc8,0x4d,0x0f,
0x42,0xc1,0x4a,0x8d,0x04,0x45,0x02,0x00,0x00,0x00,0x4c,0x3b,0xd8,0x73,0x0f,0x48,
0xb8,0x05,0x00,0x00,0x00,0x00,0x00,0x00,0x80,0xe9,0xa5,0x00,0x00,0x00,0x4a,0x8d,
0x3c,0x41,0xc6,0x44,0x24,0x30,0x00,0x48,0x8d,0x5c,0x24,0x30,0x33,0xd2,0x48,0x8b,
0xc6,0x49,0xf7,0xf6,0x48,0xff,0xc3,0x48,0x8b,0xf0,0x8b,0xc2,0x42,0x8a,0x04,0x38,
0x88,0x03,0x48,0x85,0xf6,0x75,0xe5,0x48,0x8d,0x44,0x24,0x30,0x4c,0x8b,0xdb,0x4c,
0x2b,0xd8,0x4d,0x85,0xd2,0x74,0x1b,0x4d,0x2b,0xc3,0x48,0xc7,0x44,0x24,0x20,0x02,
0x00,0x00,0x00,0x44,0x8d,0x4e,0x30,0x48,0x8b,0xd7,0xe8,0xad,0xfe,0xff,0xff,0x48,
0x8b,0xc8,0x4d,0x85,0xdb,0x74,0x2e,0x4c,0x0f,0xbe,0x03,0x33,0xd2,0x48,0x3b,0xcf,
0x73,0x1a,0x49,0x8b,0xc0,0x44,0x88,0x01,0x48,0xc1,0xe8,0x08,0x48,0xff,0xc2,0x88,
0x41,0x01,0x48,0x83,0xc1,0x02,0x48,0x83,0xfa,0x01,0x7c,0xe1,0x48,0xff,0xcb,0x49,
0x83,0xeb,0x01,0x75,0xd2,0x33,0xc0,0x48,0x83,0xc7,0x02,0x48,0x3b,0xcf,0x73,0x11,
0x66,0x83,0x21,0x00,0x48,0xff,0xc0,0x48,0x83,0xc1,0x02,0x48,0x83,0xf8,0x01,0x7c,
0xea,0x33,0xc0,0x4c,0x8d,0x5c,0x24,0x60,0x49,0x8b,0x5b,0x10,0x49,0x8b,0x73,0x18,
0x49,0x8b,0x7b,0x20,0x4d,0x8b,0x73,0x28,0x49,0x8b,0xe3,0x41,0x5f,0xc3,0xcc,0xcc,
0x48,0x89,0x5c,0x24,0x08,0x4c,0x89,0x4c,0x24,0x20,0x55,0x56,0x57,0x41,0x54,0x41,
0x55,0x41,0x56,0x41,0x57,0x48,0x8d,0x6c,0x24,0xe0,0x48,0x81,0xec,0x20,0x01,0x00,
0x00,0x4d,0x8b,0xe9,0x4d,0x8b,0xf0,0x45,0x33,0xc9,0x4c,0x8b,0xda,0x4c,0x89,0x4d,
0xa8,0x4c,0x8b,0xe1,0x4d,0x8b,0xd0,0x48,0x85,0xd2,0x74,0x15,0x41,0x81,0xe2,0x00,
0x20,0x00,0x00,0x75,0x15,0x48,0x85,0xc9,0x75,0x10,0x33,0xc0,0xe9,0xfa,0x0c,0x00,
0x00,0x41,0x81,0xe2,0x00,0x20,0x00,0x00,0x74,0x05,0x4d,0x85,0xed,0x74,0xeb,0xbe,
0x02,0x00,0x00,0x00,0xbb,0x40,0x42,0x0f,0x00,0x44,0x8d,0x7e,0xff,0x41,0xf6,0xc6,
0x40,0x74,0x09,0x4c,0x3b,0xdb,0x77,0xd2,0x8b,0xfe,0xeb,0x08,0x4c,0x3b,0xdb,0x77,
0xc9,0x41,0x8b,0xff,0x89,0x7d,0x90,0xba,0x41,0x42,0x0f,0x00,0x49,0x8b,0xcd,0x49,
0x0f,0xba,0xe6,0x08,0x73,0x15,0xe8,0xf9,0xf5,0xff,0xff,0x48,0x3b,0xc3,0x77,0xaa,
0x4c,0x8b,0x4d,0xa8,0xba,0xff,0xff,0x00,0x00,0xeb,0x12,0xe8,0x68,0xf8,0xff,0xff,
0x48,0x3b,0xc3,0x77,0x95,0x49,0x8b,0xf7,0xba,0xff,0x00,0x00,0x00,0x48,0x89,0x55,
0xc0,0x48,0x89,0x75,0xd8,0x4d,0x85,0xd2,0x74,0x0e,0x49,0x8b,0xc3,0x48,0xf7,0xd8,
0x48,0x1b,0xc9,0x4c,0x23,0xe1,0xeb,0x09,0x4d,0x85,0xdb,0x0f,0x84,0x69,0xff,0xff,
0xff,0x33,0xdb,0x45,0x33,0xd2,0x48,0x21,0x5d,0xe0,0x48,0x89,0x5d,0x88,0x4c,0x89,
0x55,0x80,0x4d,0x85,0xe4,0x74,0x15,0x4d,0x8d,0x53,0xff,0x8b,0xc7,0x4c,0x0f,0xaf,
0xd0,0x4c,0x89,0x65,0xe0,0x4d,0x03,0xd4,0x4c,0x89,0x55,0x80,0x49,0x3b,0xf7,0x75,
0x04,0x33,0xc0,0xeb,0x08,0x41,0x0f,0xbe,0x45,0x01,0xc1,0xe0,0x08,0x41,0x0f,0xb6,
0x4d,0x00,0x48,0x98,0x48,0x0b,0xc8,0x48,0x23,0xca,0xe9,0xcf,0x0b,0x00,0x00,0x49,
0x8b,0xd5,0x4d,0x8b,0xc5,0x4d,0x85,0xe4,0x74,0x09,0x4d,0x3b,0xe2,0x0f,0x83,0xc5,
0x0b,0x00,0x00,0x48,0x83,0x65,0xb8,0x00,0x45,0x33,0xdb,0x4c,0x21,0x5d,0xc8,0x32,
0xc0,0x41,0x81,0xe6,0x40,0x21,0x00,0x00,0x4c,0x89,0x7d,0xa0,0x40,0x32,0xff,0x4c,
0x89,0x75,0x70,0x89,0x45,0x94,0x88,0x45,0x68,0x40,0x88,0xbd,0x88,0x00,0x00,0x00,
0x4c,0x89,0x5d,0x98,0x48,0x83,0xf9,0x0a,0x0f,0x84,0x81,0x07,0x00,0x00,0x48,0x83,
0xf9,0x0d,0x0f,0x84,0x3a,0x07,0x00,0x00,0x48,0x83,0xf9,0x25,0x74,0x12,0x48,0x8d,
0x5d,0xb0,0x49,0x0f,0xba,0xee,0x0a,0x4c,0x89,0x75,0x70,0xe9,0x9a,0x07,0x00,0x00,
0x4c,0x8b,0x95,0x80,0x00,0x00,0x00,0x41,0xb8,0x00,0x08,0x00,0x00,0x48,0x8b,0x5d,
0xc0,0x49,0x8b,0xd5,0x4c,0x03,0xee,0x4c,0x89,0x6d,0x78,0x48,0x83,0xfe,0x01,0x75,
0x04,0x33,0xc0,0xeb,0x08,0x41,0x0f,0xbe,0x45,0x01,0xc1,0xe0,0x08,0x41,0x0f,0xb6,
0x4d,0x00,0x48,0x98,0x48,0x0b,0xc8,0x48,0x23,0xcb,0x48,0x89,0x4d,0xb0,0x48,0x83,
0xf9,0x2d,0x0f,0x87,0xb6,0x00,0x00,0x00,0x0f,0x84,0xa7,0x00,0x00,0x00,0x48,0x8b,
0xc1,0x48,0x85,0xc9,0x0f,0x84,0x63,0x01,0x00,0x00,0x48,0x83,0xe8,0x20,0x0f,0x84,
0x88,0x00,0x00,0x00,0x48,0x83,0xe8,0x0a,0x74,0x22,0x48,0x83,0xe8,0x01,0x74,0x13,
0x48,0x83,0xf8,0x01,0x0f,0x85,0x51,0x01,0x00,0x00,0x49,0x83,0xce,0x08,0xe9,0x31,
0x01,0x00,0x00,0x49,0x83,0xce,0x02,0xe9,0x28,0x01,0x00,0x00,0x4d,0x85,0xf0,0x75,
0x32,0x49,0x0f,0xba,0xee,0x09,0x4c,0x89,0x75,0x70,0x4d,0x85,0xc9,0x75,0x10,0x49,
0x8b,0x02,0x49,0x83,0xc2,0x08,0x4c,0x89,0x95,0x80,0x00,0x00,0x00,0xeb,0x0b,0x49,
0x8b,0x01,0x49,0x83,0xc1,0x08,0x4c,0x89,0x4d,0xa8,0x48,0x89,0x45,0xb8,0xe9,0x4e,
0xff,0xff,0xff,0x4d,0x85,0xc9,0x75,0x10,0x4d,0x8b,0x3a,0x49,0x83,0xc2,0x08,0x4c,
0x89,0x95,0x80,0x00,0x00,0x00,0xeb,0x0b,0x4d,0x8b,0x39,0x49,0x83,0xc1,0x08,0x4c,
0x89,0x4d,0xa8,0x4c,0x89,0x7d,0xa0,0xe9,0x25,0xff,0xff,0xff,0x49,0x83,0xce,0x04,
0xe9,0xbf,0x00,0x00,0x00,0x49,0x83,0xce,0x01,0xe9,0xb6,0x00,0x00,0x00,0x48,0x83,
0xf9,0x2e,0x0f,0x84,0xa9,0x00,0x00,0x00,0x48,0x83,0xf9,0x30,0x74,0x25,0x0f,0x86,
0xb7,0x00,0x00,0x00,0x48,0x83,0xf9,0x39,0x76,0x26,0x48,0x8d,0x41,0xb4,0x48,0xa9,
0xdf,0xff,0xff,0xff,0x0f,0x85,0xa1,0x00,0x00,0x00,0x49,0x83,0xce,0x10,0xe9,0x81,
0x00,0x00,0x00,0x4d,0x85,0xf0,0x75,0x08,0x49,0x83,0xce,0x20,0x4c,0x89,0x75,0x70,
0x45,0x33,0xdb,0x4c,0x89,0x5d,0x98,0x48,0x83,0xf9,0x30,0x72,0x3e,0x48,0x83,0xf9,
0x39,0x77,0x34,0x4f,0x8d,0x1c,0x9b,0x4c,0x03,0xee,0x4d,0x8d,0x5b,0xe8,0x4e,0x8d,
0x1c,0x59,0x48,0x83,0xfe,0x01,0x75,0x04,0x33,0xc0,0xeb,0x08,0x41,0x0f,0xbe,0x45,
0x01,0xc1,0xe0,0x08,0x41,0x0f,0xb6,0x4d,0x00,0x48,0x98,0x48,0x0b,0xc8,0x48,0x23,
0xcb,0x48,0x83,0xf9,0x30,0x73,0xc6,0x4c,0x89,0x5d,0x98,0x4c,0x2b,0xee,0x4d,0x85,
0xf0,0x75,0x12,0x49,0x0f,0xba,0xee,0x09,0x4c,0x89,0x5d,0xb8,0x4c,0x89,0x75,0x70,
0xe9,0x6c,0xfe,0xff,0xff,0x4d,0x8b,0xfb,0x4c,0x89,0x5d,0xa0,0xe9,0x60,0xfe,0xff,
0xff,0x4d,0x0b,0xf0,0x4c,0x89,0x75,0x70,0xe9,0x54,0xfe,0xff,0xff,0x45,0x33,0xff,
0x48,0x89,0x55,0x78,0x4c,0x89,0x7d,0xa0,0x4c,0x8b,0xea,0x49,0x8b,0xd5,0x4d,0x8b,
0xc5,0x48,0x83,0xf9,0x67,0x0f,0x87,0xc7,0x01,0x00,0x00,0x0f,0x84,0xfc,0x00,0x00,
0x00,0x48,0x83,0xe9,0x0a,0x0f,0x84,0xa9,0x00,0x00,0x00,0x48,0x83,0xe9,0x03,0x74,
0x62,0x48,0x83,0xe9,0x46,0x0f,0x84,0x68,0x02,0x00,0x00,0x48,0x83,0xe9,0x05,0x0f,
0x84,0x51,0x03,0x00,0x00,0x48,0x83,0xe9,0x09,0x0f,0x84,0x5d,0x02,0x00,0x00,0x48,
0x83,0xe9,0x02,0x74,0x0f,0x48,0x83,0xf9,0x01,0x0f,0x84,0x4e,0x03,0x00,0x00,0xe9,
0xca,0xfd,0xff,0xff,0x4d,0x85,0xc9,0x75,0x11,0x41,0x0f,0xb7,0x02,0x49,0x83,0xc2,
0x08,0x4c,0x89,0x95,0x80,0x00,0x00,0x00,0xeb,0x0c,0x41,0x0f,0xb7,0x01,0x49,0x83,
0xc1,0x08,0x4c,0x89,0x4d,0xa8,0x48,0x89,0x45,0xd0,0x48,0x8d,0x5d,0xd0,0xe9,0x9f,
0xfd,0xff,0xff,0x4c,0x03,0xee,0x4c,0x89,0x6d,0x78,0x48,0x83,0xfe,0x01,0x75,0x04,
0x33,0xc0,0xeb,0x08,0x41,0x0f,0xbe,0x45,0x01,0xc1,0xe0,0x08,0x48,0x63,0xc8,0x41,
0x0f,0xb6,0x45,0x00,0x48,0x0b,0xc8,0x48,0x23,0xcb,0x48,0x89,0x4d,0xb0,0x48,0x83,
0xf9,0x0a,0x0f,0x85,0xc7,0x04,0x00,0x00,0x48,0x8d,0x1d,0xd5,0x54,0x00,0x00,0xe9,
0x06,0x05,0x00,0x00,0x4c,0x03,0xee,0x48,0x8d,0x1d,0xc6,0x54,0x00,0x00,0x4c,0x89,
0x6d,0x78,0x48,0x83,0xfe,0x01,0x75,0x04,0x33,0xc0,0xeb,0x08,0x41,0x0f,0xbe,0x45,
0x01,0xc1,0xe0,0x08,0x48,0x63,0xc8,0x41,0x0f,0xb6,0x45,0x00,0x48,0x0b,0xc8,0x48,
0x23,0x4d,0xc0,0x48,0x89,0x4d,0xb0,0x48,0x83,0xf9,0x0d,0x0f,0x84,0xc9,0x04,0x00,
0x00,0x4c,0x8b,0xea,0x48,0x89,0x55,0x78,0xe9,0xbd,0x04,0x00,0x00,0x4d,0x85,0xc9,
0x75,0x10,0x4d,0x8b,0x3a,0x49,0x83,0xc2,0x08,0x4c,0x89,0x95,0x80,0x00,0x00,0x00,
0xeb,0x0b,0x4d,0x8b,0x39,0x49,0x83,0xc1,0x08,0x4c,0x89,0x4d,0xa8,0x4d,0x85,0xff,
0x75,0x0c,0x48,0x8d,0x1d,0xdf,0x53,0x00,0x00,0xe9,0x8b,0x00,0x00,0x00,0x41,0x0f,
0xb6,0x47,0x0f,0x41,0x0f,0xb6,0x4f,0x0e,0x41,0x0f,0xb6,0x57,0x0d,0x45,0x0f,0xb6,
0x47,0x0c,0x45,0x0f,0xb6,0x4f,0x0b,0x45,0x0f,0xb6,0x57,0x0a,0x45,0x0f,0xb6,0x5f,
0x09,0x41,0x0f,0xb6,0x5f,0x08,0x41,0x0f,0xb7,0x7f,0x06,0x41,0x0f,0xb7,0x77,0x04,
0x89,0x44,0x24,0x70,0x41,0x8b,0x07,0x89,0x4c,0x24,0x68,0x48,0x8d,0x4d,0xe8,0x89,
0x54,0x24,0x60,0x44,0x89,0x44,0x24,0x58,0x45,0x33,0xc0,0x44,0x89,0x4c,0x24,0x50,
0x4c,0x8d,0x0d,0x91,0x53,0x00,0x00,0x44,0x89,0x54,0x24,0x48,0x44,0x89,0x5c,0x24,
0x40,0x89,0x5c,0x24,0x38,0x41,0x8d,0x50,0x26,0x89,0x7c,0x24,0x30,0x89,0x74,0x24,
0x28,0x89,0x44,0x24,0x20,0xe8,0x3e,0x08,0x00,0x00,0x4c,0x8b,0x5d,0x98,0x48,0x8d,
0x5d,0xe8,0x40,0x8a,0xbd,0x88,0x00,0x00,0x00,0x4c,0x8b,0x7d,0xa0,0xe9,0xf8,0x03,
0x00,0x00,0x48,0x83,0xe9,0x70,0x0f,0x84,0xa2,0x01,0x00,0x00,0x48,0x83,0xe9,0x02,
0x0f,0x84,0x01,0x01,0x00,0x00,0x48,0x83,0xe9,0x01,0x0f,0x84,0xa3,0x00,0x00,0x00,
0x48,0x83,0xe9,0x01,0x74,0x19,0x48,0x83,0xe9,0x01,0x0f,0x84,0x8f,0x01,0x00,0x00,
0x48,0x83,0xf9,0x03,0x0f,0x84,0x80,0x01,0x00,0x00,0xe9,0x0f,0xfc,0xff,0xff,0x4d,
0x85,0xc9,0x75,0x10,0x4d,0x8b,0x0a,0x49,0x83,0xc2,0x08,0x4c,0x89,0x95,0x80,0x00,
0x00,0x00,0xeb,0x0c,0x49,0x83,0xc1,0x08,0x4c,0x89,0x4d,0xa8,0x4d,0x8b,0x49,0xf8,
0x4d,0x85,0xc9,0x75,0x0c,0x48,0x8d,0x1d,0x24,0x53,0x00,0x00,0xe9,0x89,0x03,0x00,
0x00,0x41,0x0f,0xb6,0x49,0x04,0x41,0x0f,0xb7,0x11,0x45,0x0f,0xb6,0x41,0x03,0x41,
0x0f,0xb6,0x41,0x05,0x45,0x0f,0xb6,0x49,0x02,0x89,0x44,0x24,0x40,0x89,0x4c,0x24,
0x38,0x48,0x8d,0x4d,0xe8,0x89,0x54,0x24,0x30,0x44,0x89,0x44,0x24,0x28,0x45,0x33,
0xc0,0x44,0x89,0x4c,0x24,0x20,0x4c,0x8d,0x0d,0xf3,0x52,0x00,0x00,0x41,0x8d,0x50,
0x26,0xe8,0x72,0x07,0x00,0x00,0x48,0x8d,0x5d,0xe8,0x4c,0x8b,0x5d,0x98,0xe9,0x37,
0x03,0x00,0x00,0x49,0x0f,0xba,0xee,0x0a,0x4c,0x89,0x75,0x70,0x4d,0x85,0xc9,0x75,
0x10,0x49,0x8b,0x1a,0x49,0x83,0xc2,0x08,0x4c,0x89,0x95,0x80,0x00,0x00,0x00,0xeb,
0x0b,0x49,0x8b,0x19,0x49,0x83,0xc1,0x08,0x4c,0x89,0x4d,0xa8,0x48,0x85,0xdb,0x75,
0x10,0x49,0x0f,0xba,0xf6,0x0a,0x48,0x8d,0x1d,0x3b,0x52,0x00,0x00,0x4c,0x89,0x75,
0x70,0x49,0x8b,0xc6,0x25,0x00,0x08,0x00,0x00,0x48,0xf7,0xd8,0x48,0x1b,0xc0,0x4c,
0x23,0xf8,0xe9,0xe3,0x02,0x00,0x00,0x4d,0x85,0xc9,0x75,0x10,0x49,0x8b,0x0a,0x49,
0x83,0xc2,0x08,0x4c,0x89,0x95,0x80,0x00,0x00,0x00,0xeb,0x0b,0x49,0x8b,0x09,0x49,
0x83,0xc1,0x08,0x4c,0x89,0x4d,0xa8,0x48,0x8d,0x5d,0xe8,0x48,0x85,0xc9,0x79,0x2b,
0x48,0xb8,0xff,0xff,0xff,0xff,0xff,0xff,0xff,0x7f,0x48,0x8b,0xd1,0x48,0x23,0xd0,
0x48,0x8d,0x42,0xff,0x48,0x83,0xf8,0x20,0x77,0x33,0x48,0x8d,0x05,0x0f,0x7f,0xff,
0xff,0x48,0x8b,0x9c,0xd0,0x88,0xd3,0x00,0x00,0xeb,0x15,0x48,0x83,0xf9,0x05,0x77,
0x1c,0x48,0x8d,0x05,0xf8,0x7e,0xff,0xff,0x48,0x8b,0x9c,0xc8,0x60,0xd3,0x00,0x00,
0x48,0x8d,0x45,0xe8,0x48,0x3b,0xd8,0x0f,0x85,0x6d,0x02,0x00,0x00,0x45,0x33,0xc0,
0x48,0x89,0x4c,0x24,0x20,0x4c,0x8d,0x0d,0x20,0x52,0x00,0x00,0x48,0x8d,0x4d,0xe8,
0x41,0x8d,0x50,0x26,0xe8,0x7f,0x06,0x00,0x00,0xe9,0x0c,0xff,0xff,0xff,0x49,0x83,
0xe6,0xd9,0x49,0x83,0xce,0x10,0x49,0x83,0xce,0x20,0x49,0x0f,0xba,0xee,0x07,0x45,
0x84,0xf6,0x78,0x09,0x49,0x83,0xe6,0xfd,0x49,0x0f,0xba,0xee,0x0e,0x49,0x8b,0xd6,
0x83,0xe2,0x10,0x75,0x1e,0x4d,0x85,0xc9,0x75,0x10,0x49,0x63,0x0a,0x49,0x83,0xc2,
0x08,0x4c,0x89,0x95,0x80,0x00,0x00,0x00,0xeb,0x29,0x49,0x63,0x09,0x49,0x83,0xc1,
0x08,0xeb,0x1c,0x4d,0x85,0xc9,0x75,0x10,0x49,0x8b,0x0a,0x49,0x83,0xc2,0x08,0x4c,
0x89,0x95,0x80,0x00,0x00,0x00,0xeb,0x0b,0x49,0x8b,0x09,0x49,0x83,0xc1,0x08,0x4c,
0x89,0x4d,0xa8,0x41,0x8a,0xc6,0xc0,0xe0,0x03,0x24,0x20,0x0f,0xb6,0xf0,0x41,0xf6,
0xc6,0x02,0xb8,0x2b,0x00,0x00,0x00,0x0f,0x45,0xf0,0x49,0x8b,0xc6,0x83,0xe0,0x08,
0x89,0x75,0x94,0x41,0x0f,0x95,0xc2,0x44,0x88,0x55,0x68,0x45,0x84,0xf6,0x78,0x40,
0x41,0xb9,0x0a,0x00,0x00,0x00,0x48,0x85,0xc0,0x74,0x08,0x49,0x83,0xe6,0xdf,0x45,
0x8d,0x79,0xf7,0x48,0x85,0xc9,0x79,0x16,0x49,0x0f,0xba,0xe6,0x0e,0x72,0x0f,0x49,
0x83,0xce,0x02,0x40,0xb6,0x2d,0x89,0x75,0x94,0x48,0xf7,0xd9,0xeb,0x2b,0x49,0x8b,
0xc6,0x25,0x10,0x40,0x00,0x00,0x48,0x3d,0x00,0x40,0x00,0x00,0x75,0x1b,0xeb,0x17,
0x45,0x32,0xd2,0x41,0xb9,0x10,0x00,0x00,0x00,0x44,0x88,0x55,0x68,0x48,0x85,0xd2,
0x75,0x07,0x48,0x85,0xc9,0x79,0x02,0x8b,0xc9,0x4c,0x8b,0xc1,0xc6,0x45,0xe8,0x00,
0x4c,0x8d,0x5d,0xe8,0x45,0x8b,0xc9,0x48,0x8d,0x35,0xc2,0x7d,0xff,0xff,0x33,0xd2,
0x49,0x8b,0xc0,0x49,0xf7,0xf1,0x49,0xff,0xc3,0x4c,0x8b,0xc0,0x8b,0xc2,0x8a,0x84,
0x30,0xa0,0xd4,0x00,0x00,0x41,0x88,0x03,0x4d,0x85,0xc0,0x75,0xe1,0x8b,0x75,0x94,
0x48,0x8d,0x45,0xe8,0x4c,0x2b,0xd8,0x4c,0x89,0x5d,0x98,0x48,0x85,0xc9,0x75,0x10,
0x49,0x8b,0xc7,0x48,0xf7,0xd8,0x48,0x1b,0xc9,0x4c,0x23,0xd9,0x4c,0x89,0x5d,0x98,
0x49,0xb8,0xab,0xaa,0xaa,0xaa,0xaa,0xaa,0xaa,0xaa,0x48,0x8d,0x5d,0xe8,0x49,0x03,
0xdb,0x49,0x8b,0xc0,0x49,0xf7,0xe3,0x49,0x8b,0xcb,0x48,0xd1,0xea,0x48,0x8d,0x04,
0x52,0xba,0x03,0x00,0x00,0x00,0x48,0x2b,0xc8,0x48,0x2b,0xd1,0x48,0x85,0xc9,0x48,
0x0f,0x44,0xd1,0x48,0x89,0x55,0xc8,0x45,0x84,0xd2,0x74,0x1d,0x4d,0x85,0xdb,0x74,
0x18,0x49,0x8d,0x4b,0xff,0x49,0x8b,0xc0,0x48,0xf7,0xe1,0x48,0xd1,0xea,0x4c,0x03,
0xda,0x48,0x8b,0x55,0xc8,0x4c,0x89,0x5d,0x98,0x40,0x84,0xf6,0x74,0x0a,0x49,0xff,
0xc3,0x4c,0x89,0x5d,0x98,0x49,0xff,0xc7,0x49,0x0f,0xba,0xee,0x0c,0x40,0xb7,0x01,
0x49,0x8b,0xc6,0x4c,0x89,0x75,0x70,0x25,0x21,0x0a,0x00,0x00,0x48,0x3d,0x20,0x02,
0x00,0x00,0x0f,0x85,0x82,0x00,0x00,0x00,0x4c,0x8b,0x7d,0xb8,0x48,0x89,0x55,0xc8,
0xeb,0x78,0x4c,0x03,0xee,0x4c,0x89,0x6d,0x78,0x48,0x83,0xfe,0x01,0x75,0x04,0x33,
0xc0,0xeb,0x08,0x41,0x0f,0xbe,0x45,0x01,0xc1,0xe0,0x08,0x48,0x63,0xc8,0x41,0x0f,
0xb6,0x45,0x00,0x48,0x0b,0xc8,0x48,0x23,0x4d,0xc0,0xe9,0x2b,0xfb,0xff,0xff,0x48,
0x8d,0x1d,0x12,0x50,0x00,0x00,0x4c,0x89,0x45,0x78,0x4d,0x8b,0xe8,0xeb,0x3b,0x4c,
0x03,0xee,0x48,0x8d,0x1d,0xfb,0x4f,0x00,0x00,0x48,0x83,0xfe,0x01,0x75,0x04,0x33,
0xc0,0xeb,0x08,0x41,0x0f,0xbe,0x45,0x01,0xc1,0xe0,0x08,0x48,0x63,0xc8,0x41,0x0f,
0xb6,0x45,0x00,0x48,0x0b,0xc8,0x48,0x23,0x4d,0xc0,0x48,0x83,0xf9,0x0d,0x48,0x89,
0x4d,0xb0,0x4c,0x0f,0x45,0xea,0x4c,0x89,0x6d,0x78,0x4d,0x8b,0xce,0x41,0x81,0xe1,
0x00,0x04,0x00,0x00,0x41,0x8b,0xc1,0x48,0xf7,0xd8,0x41,0x8b,0xc1,0x48,0x1b,0xd2,
0x48,0xf7,0xda,0x48,0xff,0xc2,0x48,0xf7,0xd8,0x4d,0x1b,0xd2,0x41,0x81,0xe2,0x00,
0xff,0x00,0x00,0x49,0x81,0xc2,0xff,0x00,0x00,0x00,0x4c,0x89,0x95,0x88,0x00,0x00,
0x00,0x49,0x0f,0xba,0xe6,0x0c,0x73,0x08,0x48,0xf7,0xda,0x48,0x8b,0xf2,0xeb,0x51,
0x45,0x33,0xdb,0x4c,0x8d,0x43,0x01,0x41,0x80,0x78,0xff,0x00,0x75,0x0e,0x48,0x8b,
0xf2,0x4d,0x85,0xc9,0x74,0x37,0x41,0x80,0x38,0x00,0x74,0x31,0x4d,0x3b,0xdf,0x72,
0x0a,0x48,0x8b,0xf2,0x49,0x0f,0xba,0xe6,0x0b,0x72,0x22,0x41,0x0f,0xbe,0x00,0x48,
0x8b,0xf2,0xc1,0xe0,0x08,0x48,0x63,0xc8,0x41,0x0f,0xb6,0x40,0xff,0x48,0x0b,0xc8,
0x49,0x85,0xca,0x74,0x08,0x49,0xff,0xc3,0x4c,0x03,0xc2,0xeb,0xba,0x4c,0x89,0x5d,
0x98,0x4c,0x8b,0x55,0x88,0x4d,0x3b,0xfb,0x4d,0x0f,0x42,0xfb,0x4c,0x89,0x7d,0xa0,
0x4d,0x8b,0xfe,0x4c,0x8b,0x4d,0xa0,0x41,0x81,0xe7,0x01,0x02,0x00,0x00,0x4c,0x89,
0x7d,0x10,0x49,0x81,0xff,0x00,0x02,0x00,0x00,0x75,0x48,0x4c,0x8b,0x45,0xb8,0x8b,
0x4d,0x90,0x4d,0x2b,0xc1,0x49,0x8b,0xc0,0x48,0x0f,0xaf,0xc1,0x4c,0x03,0xd0,0x4c,
0x89,0x55,0x88,0x49,0x0f,0xba,0xe6,0x0d,0x72,0x29,0x48,0x8b,0x55,0x80,0x4d,0x85,
0xe4,0x74,0x24,0x48,0x89,0x4c,0x24,0x20,0x41,0xb9,0x20,0x00,0x00,0x00,0x49,0x8b,
0xcc,0xe8,0x06,0xf4,0xff,0xff,0x4c,0x8b,0x55,0x88,0x4c,0x8b,0xe0,0x4c,0x8b,0x4d,
0xa0,0xeb,0x04,0x48,0x8b,0x55,0x80,0x40,0x84,0xff,0x0f,0x84,0x9d,0x00,0x00,0x00,
0x8b,0x45,0x94,0x84,0xc0,0x74,0x49,0x8b,0x55,0x90,0x4c,0x03,0xd2,0x4c,0x89,0x55,
0x88,0x49,0x0f,0xba,0xe6,0x0d,0x72,0x38,0x4c,0x8b,0x55,0x80,0x4d,0x85,0xe4,0x74,
0x33,0x44,0x0f,0xb6,0xc0,0x33,0xc9,0x4d,0x3b,0xe2,0x73,0x28,0x45,0x88,0x04,0x24,
0x48,0x83,0xfa,0x01,0x74,0x0c,0x49,0x8b,0xc0,0x48,0xc1,0xe8,0x08,0x41,0x88,0x44,
0x24,0x01,0x4c,0x03,0xe2,0x48,0xff,0xc1,0x48,0x83,0xf9,0x01,0x7c,0xd9,0xeb,0x04,
0x4c,0x8b,0x55,0x80,0x4d,0x8b,0xc1,0x49,0x8b,0xfe,0x4d,0x2b,0xc3,0x44,0x8b,0x5d,
0x90,0x49,0x8b,0xc0,0x49,0x0f,0xaf,0xc3,0x48,0x01,0x45,0x88,0x81,0xe7,0x00,0x20,
0x00,0x00,0x0f,0x85,0xb1,0x00,0x00,0x00,0x4d,0x85,0xe4,0x0f,0x84,0xa8,0x00,0x00,
0x00,0x44,0x8d,0x4f,0x30,0x4c,0x89,0x5c,0x24,0x20,0x49,0x8b,0xd2,0x49,0x8b,0xcc,
0xe8,0x57,0xf3,0xff,0xff,0x4c,0x8b,0xe0,0xe9,0x8c,0x00,0x00,0x00,0x4d,0x8b,0xc1,
0x49,0x8b,0xfe,0x4d,0x2b,0xc3,0x44,0x8b,0x5d,0x90,0x49,0x8b,0xc0,0x49,0x0f,0xaf,
0xc3,0x4c,0x03,0xd0,0x4c,0x89,0x55,0x88,0x81,0xe7,0x00,0x20,0x00,0x00,0x75,0x1d,
0x4d,0x85,0xe4,0x74,0x18,0x44,0x8d,0x4f,0x20,0x4c,0x89,0x5c,0x24,0x20,0x49,0x8b,
0xcc,0xe8,0x16,0xf3,0xff,0xff,0x4c,0x8b,0x55,0x88,0x4c,0x8b,0xe0,0x8b,0x45,0x94,
0x84,0xc0,0x74,0x45,0x4d,0x03,0xd3,0x4c,0x89,0x55,0x88,0x48,0x85,0xff,0x75,0x39,
0x4d,0x85,0xe4,0x74,0x34,0x0f,0xb6,0xd0,0x33,0xc9,0x48,0x8b,0x45,0x80,0x4c,0x3b,
0xe0,0x73,0x26,0x41,0x88,0x14,0x24,0x49,0x83,0xfb,0x01,0x74,0x10,0x48,0x8b,0xc2,
0x48,0xc1,0xe8,0x08,0x41,0x88,0x44,0x24,0x01,0x48,0x8b,0x45,0x80,0x4d,0x03,0xe3,
0x48,0xff,0xc1,0x48,0x83,0xf9,0x01,0x7c,0xd5,0x8b,0x45,0x94,0x45,0x33,0xc0,0x4c,
0x8b,0x55,0x98,0x84,0xc0,0x41,0x0f,0x95,0xc0,0x4d,0x3b,0xc2,0x0f,0x83,0xeb,0x00,
0x00,0x00,0x4c,0x8b,0x8d,0x88,0x00,0x00,0x00,0x48,0x8b,0x55,0x80,0x4c,0x8b,0x7d,
0xc8,0x4c,0x8b,0x6d,0x88,0x44,0x8a,0x75,0x68,0x80,0x3b,0x00,0x75,0x14,0x48,0x83,
0xfe,0x01,0x0f,0x8e,0xb5,0x00,0x00,0x00,0x80,0x7b,0x01,0x00,0x0f,0x84,0xab,0x00,
0x00,0x00,0x0f,0xb6,0x4b,0x01,0x4d,0x03,0xeb,0x0f,0xb6,0x03,0x48,0xc1,0xe1,0x08,
0x48,0x0b,0xc8,0x49,0x23,0xc9,0x48,0x85,0xff,0x75,0x3a,0x4d,0x85,0xe4,0x74,0x35,
0x48,0x8b,0x45,0x80,0x33,0xd2,0x4c,0x3b,0xe0,0x73,0x26,0x41,0x88,0x0c,0x24,0x49,
0x83,0xfb,0x01,0x74,0x10,0x48,0x8b,0xc1,0x48,0xc1,0xe8,0x08,0x41,0x88,0x44,0x24,
0x01,0x48,0x8b,0x45,0x80,0x4d,0x03,0xe3,0x48,0xff,0xc2,0x48,0x83,0xfa,0x01,0x7c,
0xd5,0x48,0x8b,0x55,0x80,0x48,0x03,0xde,0x49,0xff,0xc0,0x45,0x84,0xf6,0x74,0x44,
0x49,0xff,0xc7,0x49,0x83,0xff,0x03,0x75,0x3b,0x45,0x33,0xff,0x49,0xff,0xc0,0x4d,
0x3b,0xc2,0x73,0x39,0x4d,0x03,0xeb,0x48,0x85,0xff,0x75,0x28,0x4d,0x85,0xe4,0x74,
0x23,0x33,0xc0,0x4c,0x3b,0xe2,0x73,0x1c,0x41,0xc6,0x04,0x24,0x2c,0x49,0x83,0xfb,
0x01,0x74,0x05,0x45,0x88,0x7c,0x24,0x01,0x4d,0x03,0xe3,0x48,0xff,0xc0,0x48,0x83,
0xf8,0x01,0x7c,0xdf,0x4d,0x3b,0xc2,0x0f,0x82,0x3c,0xff,0xff,0xff,0x4c,0x8b,0x75,
0x70,0x4c,0x8b,0x7d,0x10,0x4c,0x89,0x6d,0x88,0x4c,0x8b,0x6d,0x78,0x48,0x8b,0x5d,
0x88,0x49,0x81,0xff,0x01,0x02,0x00,0x00,0x75,0x3b,0x48,0x8b,0x4d,0xb8,0x48,0x2b,
0x4d,0xa0,0x48,0x8b,0xc1,0x49,0x0f,0xaf,0xc3,0x48,0x03,0xd8,0x48,0x89,0x5d,0x88,
0x48,0x85,0xff,0x75,0x20,0x4d,0x85,0xe4,0x74,0x1b,0x48,0x8b,0x55,0x80,0x44,0x8d,
0x4f,0x20,0x4c,0x8b,0xc1,0x4c,0x89,0x5c,0x24,0x20,0x49,0x8b,0xcc,0xe8,0x7a,0xf1,
0xff,0xff,0x4c,0x8b,0xe0,0x48,0x8b,0x75,0xd8,0x41,0xbf,0x01,0x00,0x00,0x00,0x4c,
0x03,0xee,0x4c,0x89,0x6d,0x78,0x49,0x3b,0xf7,0x75,0x04,0x33,0xc0,0xeb,0x08,0x41,
0x0f,0xbe,0x45,0x01,0xc1,0xe0,0x08,0x4c,0x8b,0x4d,0xa8,0x4c,0x8b,0x55,0x80,0x48,
0x63,0xc8,0x41,0x0f,0xb6,0x45,0x00,0x48,0x0b,0xc8,0x48,0x23,0x4d,0xc0,0x48,0x89,
0x4d,0xb0,0x0f,0x85,0x27,0xf4,0xff,0xff,0x8b,0x4d,0x90,0x33,0xd2,0x49,0x0f,0xba,
0xe6,0x0d,0x73,0x08,0x48,0x8b,0xc3,0x48,0xf7,0xf1,0xeb,0x2f,0x49,0x8b,0xc4,0x4e,
0x8d,0x04,0x11,0x49,0x3b,0xc0,0x73,0x17,0xc6,0x00,0x00,0x49,0x3b,0xcf,0x74,0x04,
0xc6,0x40,0x01,0x00,0x48,0x03,0xc1,0x49,0x03,0xd7,0x49,0x3b,0xd7,0x7c,0xe4,0x4c,
0x2b,0x65,0xe0,0x49,0x8b,0xc4,0x48,0x99,0x48,0xf7,0xf9,0x48,0x8b,0x9c,0x24,0x60,
0x01,0x00,0x00,0x48,0x81,0xc4,0x20,0x01,0x00,0x00,0x41,0x5f,0x41,0x5e,0x41,0x5d,
0x41,0x5c,0x5f,0x5e,0x5d,0xc3,0xcc,0xcc,0x4c,0x8b,0xdc,0x4d,0x89,0x4b,0x20,0x48,
0x83,0xec,0x38,0x49,0x83,0x63,0xf0,0x00,0x49,0x8d,0x43,0x28,0x49,0x89,0x43,0xe8,
0xe8,0x7b,0xf2,0xff,0xff,0x48,0x83,0xc4,0x38,0xc3,0xcc,0xcc,0x48,0x83,0xec,0x28,
0x48,0x8b,0x05,0xb9,0x4e,0x00,0x00,0x4c,0x8d,0x44,0x24,0x40,0xb9,0x04,0x00,0x00,
0x00,0xff,0x50,0x40,0x48,0x8b,0x4c,0x24,0x40,0x33,0xd2,0x48,0x85,0xc0,0x48,0x0f,
0x48,0xca,0x48,0x8b,0xc1,0x48,0x83,0xc4,0x28,0xc3,0xcc,0xcc,0x48,0x8b,0xd1,0xe9,
0xc8,0xff,0xff,0xff,0x40,0x53,0x48,0x83,0xec,0x20,0x48,0x8b,0xd1,0x48,0x8b,0xd9,
0xe8,0xb7,0xff,0xff,0xff,0x48,0x85,0xc0,0x74,0x10,0x48,0x85,0xdb,0x74,0x0b,0x48,
0x8b,0xd3,0x48,0x8b,0xc8,0xe8,0xa6,0x7a,0xff,0xff,0x48,0x83,0xc4,0x20,0x5b,0xc3,
0x48,0x89,0x5c,0x24,0x08,0x57,0x48,0x83,0xec,0x20,0x49,0x8b,0xf8,0x48,0x8b,0xda,
0xe8,0x87,0xff,0xff,0xff,0x48,0x85,0xc0,0x74,0x18,0x48,0x85,0xdb,0x74,0x13,0x48,
0x3b,0xc7,0x74,0x0e,0x4c,0x8b,0xc3,0x48,0x8b,0xd7,0x48,0x8b,0xc8,0xe8,0x2e,0x7a,
0xff,0xff,0x48,0x8b,0x5c,0x24,0x30,0x48,0x83,0xc4,0x20,0x5f,0xc3,0xcc,0xcc,0xcc,
0x45,0x33,0xd2,0x48,0x85,0xc9,0x74,0x50,0x45,0x8b,0xc2,0x45,0x8d,0x4a,0x04,0x80,
0x39,0x7f,0x75,0x06,0x80,0x79,0x01,0xff,0x74,0x35,0x0f,0xb7,0x51,0x02,0x49,0x3b,
0xd1,0x72,0x35,0x49,0x8b,0xc0,0x48,0xf7,0xd0,0x48,0x3b,0xd0,0x77,0x2a,0x4c,0x03,
0xc2,0x49,0x83,0xf8,0xfb,0x77,0x21,0x44,0x38,0x09,0x75,0x0e,0x44,0x38,0x49,0x01,
0x75,0x08,0x66,0x44,0x39,0x54,0x0a,0xfe,0x75,0x0e,0x48,0x03,0xca,0xeb,0xc0,0x66,
0x44,0x39,0x49,0x02,0x0f,0x94,0xc0,0xc3,0x32,0xc0,0xc3,0xcc,0x48,0x83,0xec,0x28,
0x48,0x8b,0x05,0xb9,0x4d,0x00,0x00,0x4c,0x8d,0x44,0x24,0x38,0x48,0x8d,0x15,0x6d,
0x34,0x00,0x00,0xff,0x90,0x98,0x00,0x00,0x00,0x48,0x8b,0x4c,0x24,0x38,0x33,0xd2,
0x48,0x85,0xc0,0x48,0x0f,0x48,0xca,0x48,0x8b,0xc1,0x48,0x83,0xc4,0x28,0xc3,0xcc,
0x48,0x89,0x5c,0x24,0x08,0x57,0x48,0x83,0xec,0x20,0x45,0x33,0xdb,0x48,0x8b,0xf9,
0x48,0x8b,0xd9,0x48,0x85,0xc9,0x74,0x28,0xe8,0x53,0xff,0xff,0xff,0x84,0xc0,0x74,
0x1f,0x80,0x3b,0x7f,0x75,0x06,0x80,0x7b,0x01,0xff,0x74,0x09,0x0f,0xb7,0x43,0x02,
0x48,0x03,0xd8,0xeb,0xec,0x44,0x0f,0xb7,0x5b,0x02,0x4c,0x2b,0xdf,0x4c,0x03,0xdb,
0x49,0x8b,0xc3,0x48,0x8b,0x5c,0x24,0x30,0x48,0x83,0xc4,0x20,0x5f,0xc3,0xcc,0xcc,
0x40,0x53,0x48,0x83,0xec,0x20,0x48,0x8b,0xd9,0xe8,0xa2,0xff,0xff,0xff,0x48,0x8b,
0xd0,0x33,0xc0,0x48,0x85,0xd2,0x74,0x08,0x4c,0x8b,0xc3,0xe8,0xc0,0xfe,0xff,0xff,
0x48,0x83,0xc4,0x20,0x5b,0xc3,0xcc,0xcc,0x48,0x8b,0xc4,0x48,0x89,0x58,0x08,0x48,
0x89,0x68,0x10,0x48,0x89,0x70,0x18,0x48,0x89,0x78,0x20,0x41,0x56,0x48,0x83,0xec,
0x20,0x48,0x8b,0xfa,0x48,0x8b,0xf1,0x48,0x85,0xc9,0x75,0x18,0x48,0x85,0xd2,0x48,
0x8d,0x0d,0xfa,0x4a,0x00,0x00,0x48,0x0f,0x45,0xca,0xe8,0xa1,0xff,0xff,0xff,0x48,
0x8b,0xd8,0xeb,0x7f,0x48,0x85,0xff,0x74,0xf1,0xe8,0xb2,0xfe,0xff,0xff,0x84,0xc0,
0x74,0x6f,0x48,0x8b,0xcf,0xe8,0xa6,0xfe,0xff,0xff,0x84,0xc0,0x74,0x63,0x48,0x8b,
0xce,0xe8,0x2a,0xff,0xff,0xff,0x48,0x8b,0xcf,0x48,0x8b,0xe8,0xe8,0x1f,0xff,0xff,
0xff,0x4c,0x8b,0xf0,0x48,0x8d,0x50,0xfc,0x48,0x03,0xd5,0xe8,0xdc,0xfd,0xff,0xff,
0x48,0x8b,0xd8,0x48,0x85,0xc0,0x74,0x3b,0x48,0x85,0xed,0x74,0x16,0x48,0x3b,0xc6,
0x74,0x11,0x4c,0x8b,0xc5,0x48,0x8b,0xd6,0x48,0x8b,0xc8,0xe8,0x80,0x78,0xff,0xff,
0x48,0x8b,0xd8,0x48,0x8d,0x4d,0xfc,0x48,0x03,0xcb,0x4d,0x85,0xf6,0x74,0x14,0x48,
0x3b,0xcf,0x74,0x0f,0x4d,0x8b,0xc6,0x48,0x8b,0xd7,0xe8,0x61,0x78,0xff,0xff,0xeb,
0x02,0x33,0xdb,0x48,0x8b,0x6c,0x24,0x38,0x48,0x8b,0xc3,0x48,0x8b,0x5c,0x24,0x30,
0x48,0x8b,0x74,0x24,0x40,0x48,0x8b,0x7c,0x24,0x48,0x48,0x83,0xc4,0x20,0x41,0x5e,
0xc3,0xcc,0xcc,0xcc,0x48,0x8b,0xc4,0x48,0x89,0x58,0x08,0x48,0x89,0x68,0x10,0x48,
0x89,0x70,0x18,0x48,0x89,0x78,0x20,0x41,0x56,0x48,0x83,0xec,0x20,0x33,0xdb,0x48,
0x8b,0xf2,0x4c,0x8b,0xf1,0x48,0x85,0xd2,0x75,0x18,0x4d,0x85,0xf6,0x48,0x8d,0x0d,
0x1c,0x4a,0x00,0x00,0x49,0x0f,0x45,0xce,0xe8,0xc3,0xfe,0xff,0xff,0x48,0x8b,0xd8,
0xeb,0x69,0x0f,0xb7,0x6a,0x02,0x48,0x8d,0x55,0x04,0xe8,0x2d,0xfd,0xff,0xff,0x48,
0x8b,0xf8,0x48,0x85,0xc0,0x74,0x54,0x48,0x85,0xed,0x74,0x16,0x48,0x3b,0xc6,0x74,
0x11,0x44,0x8b,0xc5,0x48,0x8b,0xd6,0x48,0x8b,0xc8,0xe8,0xd1,0x77,0xff,0xff,0x48,
0x8b,0xf8,0x0f,0xb7,0x4f,0x02,0x48,0x8d,0x15,0xd3,0x49,0x00,0x00,0x48,0x03,0xcf,
0x48,0x3b,0xca,0x74,0x0b,0x41,0xb8,0x04,0x00,0x00,0x00,0xe8,0xb0,0x77,0xff,0xff,
0x48,0x8b,0xd7,0x49,0x8b,0xce,0xe8,0x8d,0xfe,0xff,0xff,0x48,0x8b,0xd8,0x48,0x8b,
0xcf,0x48,0x8b,0x05,0x98,0x4b,0x00,0x00,0xff,0x50,0x48,0x48,0x8b,0x6c,0x24,0x38,
0x48,0x8b,0xc3,0x48,0x8b,0x5c,0x24,0x30,0x48,0x8b,0x74,0x24,0x40,0x48,0x8b,0x7c,
0x24,0x48,0x48,0x83,0xc4,0x20,0x41,0x5e,0xc3,0xcc,0xcc,0xcc,0x48,0x89,0x5c,0x24,
0x08,0x48,0x8b,0x05,0x60,0x4b,0x00,0x00,0x45,0x33,0xc0,0x4c,0x89,0x02,0x4c,0x8b,
0x50,0x68,0x4d,0x85,0xd2,0x74,0x25,0x4c,0x8b,0x58,0x70,0x48,0x8b,0x19,0x4d,0x8b,
0xcb,0x49,0x3b,0x19,0x75,0x0a,0x49,0x8b,0x41,0x08,0x48,0x39,0x41,0x08,0x74,0x1c,
0x49,0xff,0xc0,0x49,0x83,0xc1,0x18,0x4d,0x3b,0xc2,0x72,0xe5,0x48,0xb8,0x0e,0x00,
0x00,0x00,0x00,0x00,0x00,0x80,0x48,0x8b,0x5c,0x24,0x08,0xc3,0x4b,0x8d,0x04,0x40,
0x49,0x8b,0x4c,0xc3,0x10,0x33,0xc0,0x48,0x89,0x0a,0xeb,0xea,0x48,0x83,0xec,0x28,
0x8a,0x01,0x4c,0x8b,0xda,0x4c,0x8b,0xc9,0x84,0xc0,0x74,0x4e,0x45,0x33,0xd2,0xeb,
0x0b,0x3c,0x3b,0x74,0x0b,0x49,0xff,0xc2,0x43,0x8a,0x04,0x0a,0x84,0xc0,0x75,0xf1,
0x4d,0x8b,0xc2,0x49,0x8b,0xd3,0x49,0x8b,0xc9,0xe8,0xf2,0xe4,0xff,0xff,0x48,0x85,
0xc0,0x75,0x06,0x43,0x38,0x04,0x1a,0x74,0x1d,0x4d,0x03,0xca,0x41,0x8a,0x01,0x84,
0xc0,0x74,0x17,0x3c,0x3b,0x75,0x0a,0x49,0xff,0xc1,0x41,0x8a,0x01,0x84,0xc0,0x75,
0xf2,0x41,0x8a,0x01,0xeb,0xb2,0x33,0xc0,0xeb,0x0a,0x48,0xb8,0x03,0x00,0x00,0x00,
0x00,0x00,0x00,0x80,0x48,0x83,0xc4,0x28,0xc3,0xcc,0xcc,0xcc,0x48,0x89,0x5c,0x24,
0x08,0x48,0x89,0x74,0x24,0x10,0x57,0x48,0x83,0xec,0x20,0x49,0x8b,0xf1,0x49,0x8b,
0xd8,0x48,0x8b,0xf9,0x48,0x85,0xc9,0x0f,0x84,0xbc,0x00,0x00,0x00,0x4d,0x85,0xc9,
0x0f,0x84,0xb3,0x00,0x00,0x00,0x48,0x85,0xd2,0x74,0x2e,0x48,0x85,0xdb,0x74,0x29,
0x80,0x7c,0x24,0x50,0x00,0x74,0x2e,0x80,0x3a,0x00,0x74,0x1d,0x8b,0x09,0x41,0xb8,
0xff,0xff,0xff,0x00,0x41,0x23,0xc8,0x8b,0x02,0x41,0x23,0xc0,0x3b,0xc8,0x74,0x74,
0x48,0x83,0xc2,0x03,0x80,0x3a,0x00,0x75,0xee,0x48,0xb8,0x03,0x00,0x00,0x00,0x00,
0x00,0x00,0x80,0xeb,0x7e,0xe8,0x22,0xff,0xff,0xff,0x48,0x85,0xc0,0x0f,0x94,0xc0,
0x84,0xc0,0x75,0x50,0xeb,0xe3,0x45,0x33,0xd2,0xeb,0x0b,0x3c,0x3b,0x74,0x0b,0x49,
0xff,0xc2,0x43,0x8a,0x04,0x0a,0x84,0xc0,0x75,0xf1,0x4d,0x8b,0xc2,0x48,0x8b,0xd7,
0x49,0x8b,0xc9,0xe8,0x18,0xe4,0xff,0xff,0x48,0x85,0xc0,0x74,0x31,0x4d,0x03,0xca,
0x41,0x80,0x39,0x00,0x74,0x13,0x41,0x8a,0x01,0x49,0x8b,0xc9,0x3c,0x3b,0x75,0x09,
0x48,0xff,0xc1,0x8a,0x01,0x84,0xc0,0x75,0xf3,0x41,0x8a,0x01,0x84,0xc0,0x75,0xb6,
0x48,0x83,0xc3,0x10,0x4c,0x8b,0x0b,0x4d,0x85,0xc9,0x74,0x8d,0xeb,0xeb,0x48,0x8b,
0x43,0x08,0x48,0x89,0x06,0x33,0xc0,0xeb,0x0a,0x48,0xb8,0x02,0x00,0x00,0x00,0x00,
0x00,0x00,0x80,0x48,0x8b,0x5c,0x24,0x30,0x48,0x8b,0x74,0x24,0x38,0x48,0x83,0xc4,
0x20,0x5f,0xc3,0xcc,0x48,0x8b,0xc4,0x48,0x89,0x58,0x08,0x48,0x89,0x70,0x18,0x48,
0x89,0x50,0x10,0x57,0x48,0x83,0xec,0x30,0x48,0x83,0x60,0x10,0x00,0x49,0x8b,0xd9,
0x49,0x83,0x20,0x00,0x49,0x8b,0xf8,0x48,0x8b,0xf1,0x4d,0x85,0xc9,0x74,0x04,0x49,
0x83,0x21,0x00,0x48,0x8b,0x05,0x86,0x49,0x00,0x00,0x4c,0x8d,0x4c,0x24,0x48,0x48,
0x83,0x64,0x24,0x20,0x00,0x48,0x8d,0x15,0x5c,0x2f,0x00,0x00,0x45,0x33,0xc0,0xff,
0x50,0x48,0x48,0xb9,0x05,0x00,0x00,0x00,0x00,0x00,0x00,0x80,0x48,0x3b,0xc1,0x75,
0x68,0x48,0x8b,0x54,0x24,0x48,0xe8,0x81,0xfa,0xff,0xff,0x48,0x89,0x07,0x48,0x85,
0xc0,0x75,0x0c,0x48,0xb8,0x09,0x00,0x00,0x00,0x00,0x00,0x00,0x80,0xeb,0x4a,0x48,
0x89,0x44,0x24,0x20,0x4c,0x8d,0x4c,0x24,0x48,0x48,0x8b,0x05,0x30,0x49,0x00,0x00,
0x48,0x8d,0x15,0x11,0x2f,0x00,0x00,0x45,0x33,0xc0,0x48,0x8b,0xce,0xff,0x50,0x48,
0x48,0x8b,0xf0,0x48,0x85,0xc0,0x79,0x11,0x48,0x8b,0x15,0x01,0x49,0x00,0x00,0x48,
0x8b,0x0f,0xff,0x52,0x48,0x48,0x83,0x27,0x00,0x48,0x85,0xdb,0x74,0x08,0x48,0x8b,
0x4c,0x24,0x48,0x48,0x89,0x0b,0x48,0x8b,0xc6,0x48,0x8b,0x5c,0x24,0x40,0x48,0x8b,
0x74,0x24,0x50,0x48,0x83,0xc4,0x30,0x5f,0xc3,0xcc,0xcc,0xcc,0x48,0x8b,0xc4,0x48,
0x89,0x50,0x10,0x4c,0x89,0x40,0x18,0x4c,0x89,0x48,0x20,0x53,0x55,0x56,0x57,0x48,
0x83,0xec,0x28,0x4c,0x8b,0x50,0x18,0x4c,0x8b,0xda,0x48,0x8b,0xe9,0x4d,0x85,0xd2,
0x0f,0x84,0xd6,0x00,0x00,0x00,0x48,0x8d,0x70,0x18,0x41,0x8a,0x02,0x33,0xc9,0xbf,
0x03,0x00,0x00,0x00,0x84,0xc0,0x74,0x14,0x48,0xff,0xc1,0x42,0x80,0x3c,0x11,0x00,
0x75,0xf6,0x48,0x3b,0xcf,0x76,0x05,0x4c,0x8b,0xcf,0xeb,0x11,0x45,0x33,0xc9,0x84,
0xc0,0x74,0x0a,0x49,0xff,0xc1,0x43,0x80,0x3c,0x11,0x00,0x75,0xf6,0x4d,0x85,0xdb,
0x0f,0x85,0x81,0x00,0x00,0x00,0x45,0x33,0xc9,0x84,0xc0,0x74,0x7f,0x3c,0x3b,0x74,
0x76,0x49,0xff,0xc1,0x43,0x8a,0x04,0x11,0x84,0xc0,0x75,0xf1,0xeb,0x69,0x80,0x7d,
0x00,0x00,0x48,0x8b,0xdd,0x74,0x48,0x4d,0x85,0xdb,0x75,0x28,0xeb,0x07,0x3c,0x3b,
0x75,0x09,0x48,0xff,0xc3,0x8a,0x03,0x84,0xc0,0x75,0xf3,0x8a,0x03,0x33,0xff,0xeb,
0x0a,0x3c,0x3b,0x74,0x0a,0x48,0xff,0xc7,0x8a,0x04,0x3b,0x84,0xc0,0x75,0xf2,0x4c,
0x3b,0xcf,0x77,0x13,0x4d,0x8b,0xc1,0x49,0x8b,0xd2,0x48,0x8b,0xcb,0xe8,0x1e,0xe2,
0xff,0xff,0x48,0x85,0xc0,0x74,0x40,0x48,0x03,0xdf,0x80,0x3b,0x00,0x75,0xb8,0x4d,
0x85,0xdb,0x75,0x18,0x49,0x83,0xe9,0x01,0x74,0x12,0x43,0x80,0x3c,0x11,0x2d,0x74,
0x06,0x49,0x83,0xe9,0x01,0x75,0xf3,0x4d,0x85,0xc9,0x75,0x92,0x48,0x83,0xc6,0x08,
0x4c,0x8b,0x16,0x4d,0x85,0xd2,0x0f,0x85,0x2e,0xff,0xff,0xff,0x33,0xc0,0x48,0x83,
0xc4,0x28,0x5f,0x5e,0x5d,0x5b,0xc3,0x48,0x8d,0x4f,0x01,0xe8,0x34,0xf9,0xff,0xff,
0x48,0x85,0xc0,0x74,0xe7,0x48,0x85,0xff,0x74,0xe4,0x48,0x3b,0xc3,0x74,0xdf,0x4c,
0x8b,0xc7,0x48,0x8b,0xd3,0x48,0x8b,0xc8,0xe8,0xa3,0x73,0xff,0xff,0xeb,0xcf,0xcc,
0x4c,0x8b,0xdc,0x48,0x83,0xec,0x48,0x49,0x83,0x63,0xf0,0x00,0x48,0x8d,0x05,0xb5,
0x32,0x00,0x00,0x49,0x89,0x43,0xe8,0x48,0x8d,0x15,0x8a,0x31,0x00,0x00,0x49,0x89,
0x48,0x20,0x48,0x8d,0x05,0x9f,0x2d,0x00,0x00,0x49,0x89,0x43,0xe0,0x49,0x8d,0x48,
0x28,0x4c,0x89,0x09,0x48,0x8d,0x05,0xa5,0x32,0x00,0x00,0x49,0x89,0x43,0xd8,0x4c,
0x8d,0x0d,0xa2,0x31,0x00,0x00,0x48,0x8b,0x05,0x53,0x47,0x00,0x00,0xff,0x90,0x48,
0x01,0x00,0x00,0x48,0x83,0xc4,0x48,0xc3,0x48,0x89,0x5c,0x24,0x08,0x48,0x89,0x6c,
0x24,0x10,0x48,0x89,0x74,0x24,0x18,0x57,0x48,0x83,0xec,0x30,0x48,0x8b,0xea,0x49,
0x8b,0xf8,0xba,0x82,0x02,0x00,0x00,0x48,0x8b,0xd9,0xe8,0x5d,0xf8,0xff,0xff,0xba,
0x41,0x01,0x00,0x00,0x48,0x89,0x7c,0x24,0x20,0x4c,0x8b,0xcb,0x48,0x8b,0xc8,0x48,
0x8b,0xf0,0x44,0x8d,0x42,0xff,0xe8,0xb5,0xea,0xff,0xff,0x33,0xff,0x48,0x8b,0xd8,
0x48,0x85,0xed,0x74,0x15,0x48,0x85,0xc0,0x74,0x10,0x48,0x8b,0xd6,0x48,0x8b,0xcd,
0xff,0x55,0x08,0x48,0x85,0xc0,0x48,0x0f,0x48,0xdf,0x48,0x8b,0x05,0xdf,0x46,0x00,
0x00,0x48,0x8b,0xce,0xff,0x50,0x48,0x48,0x8b,0x6c,0x24,0x48,0x48,0x8b,0xc3,0x48,
0x8b,0x5c,0x24,0x40,0x48,0x8b,0x74,0x24,0x50,0x48,0x83,0xc4,0x30,0x5f,0xc3,0xcc,
0x48,0x8b,0xc4,0x48,0x89,0x48,0x08,0x48,0x89,0x50,0x10,0x4c,0x89,0x40,0x18,0x4c,
0x89,0x48,0x20,0x48,0x83,0xec,0x28,0x48,0x8b,0x15,0x9a,0x46,0x00,0x00,0x4c,0x8d,
0x40,0x10,0x48,0x8b,0x52,0x40,0xe8,0x4d,0xff,0xff,0xff,0x48,0x83,0xc4,0x28,0xc3,
0x48,0x89,0x5c,0x24,0x08,0x48,0x89,0x6c,0x24,0x10,0x48,0x89,0x74,0x24,0x18,0x57,
0x48,0x83,0xec,0x30,0x48,0x8b,0xea,0x49,0x8b,0xf8,0xba,0x82,0x02,0x00,0x00,0x48,
0x8b,0xd9,0xe8,0xa5,0xf7,0xff,0xff,0x4c,0x8b,0xcb,0x48,0x89,0x7c,0x24,0x20,0xba,
0x41,0x01,0x00,0x00,0x41,0xb8,0x40,0x00,0x00,0x00,0x48,0x8b,0xc8,0x48,0x8b,0xf0,
0xe8,0xfb,0xe9,0xff,0xff,0x33,0xff,0x48,0x8b,0xd8,0x48,0x85,0xed,0x74,0x10,0x48,
0x8b,0xd6,0x48,0x8b,0xcd,0xff,0x55,0x08,0x48,0x85,0xc0,0x48,0x0f,0x48,0xdf,0x48,
0x8b,0x05,0x2a,0x46,0x00,0x00,0x48,0x8b,0xce,0xff,0x50,0x48,0x48,0x8b,0x6c,0x24,
0x48,0x48,0x8b,0xc3,0x48,0x8b,0x5c,0x24,0x40,0x48,0x8b,0x74,0x24,0x50,0x48,0x83,
0xc4,0x30,0x5f,0xc3,0x48,0x8b,0xc4,0x48,0x89,0x48,0x08,0x48,0x89,0x50,0x10,0x4c,
0x89,0x40,0x18,0x4c,0x89,0x48,0x20,0x48,0x83,0xec,0x28,0x48,0x8b,0x15,0xe6,0x45,
0x00,0x00,0x4c,0x8d,0x40,0x10,0x48,0x8b,0x52,0x40,0xe8,0x51,0xff,0xff,0xff,0x48,
0x83,0xc4,0x28,0xc3,0x48,0x8b,0xc4,0x48,0x89,0x58,0x08,0x48,0x89,0x68,0x10,0x48,
0x89,0x70,0x18,0x48,0x89,0x78,0x20,0x33,0xf6,0x4d,0x8b,0xd8,0x8a,0xda,0x4c,0x8b,
0xd1,0x48,0x85,0xc9,0x75,0x04,0x33,0xc0,0xeb,0x6d,0x48,0x8b,0xc6,0x48,0x8b,0xce,
0xbd,0xf0,0xff,0x00,0x00,0x41,0xb8,0x01,0x00,0x00,0x00,0xeb,0x1e,0xbf,0xf1,0xff,
0x00,0x00,0x66,0x3b,0xd7,0x74,0x1e,0x66,0x85,0xd2,0x74,0x19,0x49,0x03,0xc8,0x84,
0xdb,0x74,0x05,0x49,0x3b,0xcb,0x77,0x0d,0x48,0xff,0xc0,0x41,0x0f,0xb7,0x14,0x42,
0x66,0x3b,0xd5,0x75,0xd8,0x66,0x41,0x39,0x34,0x42,0x74,0x27,0x84,0xdb,0x74,0x05,
0x49,0x3b,0xcb,0x77,0x1b,0x66,0x41,0x39,0x2c,0x42,0x4c,0x8b,0xc6,0x41,0x0f,0x95,
0xc0,0x49,0xff,0xc0,0x48,0xff,0xc0,0x66,0x41,0x39,0x34,0x42,0x74,0x05,0xeb,0xcb,
0x49,0x89,0x01,0x48,0x8d,0x04,0x09,0x48,0x8b,0x5c,0x24,0x08,0x48,0x8b,0x6c,0x24,
0x10,0x48,0x8b,0x74,0x24,0x18,0x48,0x8b,0x7c,0x24,0x20,0xc3,0x48,0x8b,0xc4,0x48,
0x89,0x50,0x10,0x4c,0x89,0x40,0x18,0x4c,0x89,0x48,0x20,0x55,0x53,0x56,0x57,0x41,
0x54,0x41,0x55,0x41,0x56,0x41,0x57,0x48,0x8d,0x68,0xa1,0x48,0x81,0xec,0x88,0x00,
0x00,0x00,0x4c,0x8b,0x65,0x77,0x45,0x33,0xf6,0x4c,0x8b,0xe9,0x41,0x8b,0xfe,0x45,
0x8b,0xfe,0x49,0x8b,0xdc,0x4d,0x85,0xe4,0x74,0x3e,0x48,0x8d,0x75,0x77,0x45,0x33,
0xc9,0x45,0x33,0xc0,0x33,0xd2,0x48,0x8b,0xcb,0xe8,0x06,0xff,0xff,0xff,0x48,0xd1,
0xe8,0x48,0x3b,0xf8,0x77,0x13,0x45,0x33,0xc0,0x33,0xd2,0x48,0x8b,0xcb,0xe8,0xf1,
0xfe,0xff,0xff,0x48,0x8b,0xf8,0x48,0xd1,0xef,0x48,0x83,0xc6,0x08,0x49,0xff,0xc7,
0x48,0x8b,0x1e,0x48,0x85,0xdb,0x75,0xc6,0x48,0x8b,0x0d,0xa9,0x44,0x00,0x00,0x48,
0x8d,0x45,0xd7,0x4c,0x8b,0x71,0x40,0x49,0x8b,0x56,0x48,0x48,0x3b,0xc2,0x74,0x0f,
0x41,0xb8,0x18,0x00,0x00,0x00,0x48,0x8d,0x4d,0xd7,0xe8,0x91,0x70,0xff,0xff,0x48,
0x63,0x55,0xdb,0x4c,0x8d,0x4d,0xef,0x4c,0x8d,0x45,0xf7,0x49,0x8b,0xce,0x41,0xff,
0x56,0x18,0x33,0xd2,0x49,0x8b,0xce,0x41,0xff,0x56,0x40,0x49,0x8b,0xd5,0x49,0x8b,
0xce,0x41,0xff,0x56,0x28,0x4c,0x8b,0x6d,0xef,0x48,0x8b,0x75,0xf7,0x48,0x89,0x75,
0xb7,0x49,0x8d,0x45,0xfd,0x4c,0x3b,0xf8,0x49,0x0f,0x42,0xc7,0x48,0x83,0xc6,0xfe,
0x48,0x3b,0xfe,0x48,0x89,0x45,0xbf,0x48,0x0f,0x42,0xf7,0x48,0x8b,0x7d,0xb7,0x4c,
0x2b,0xe8,0x48,0x89,0x75,0x07,0x48,0x2b,0xfe,0x49,0x83,0xed,0x03,0x48,0x83,0xef,
0x02,0x49,0xd1,0xed,0x48,0xd1,0xef,0x48,0x8d,0x0c,0x75,0x06,0x00,0x00,0x00,0x48,
0x89,0x7d,0xb7,0xe8,0x8c,0xf5,0xff,0xff,0x48,0x8d,0x1c,0x75,0x04,0x00,0x00,0x00,
0x4c,0x8b,0xf8,0x48,0x89,0x5d,0xff,0x48,0x85,0xdb,0x74,0x14,0x48,0x8b,0xd3,0x41,
0xb8,0x00,0x25,0x00,0x00,0x48,0xd1,0xea,0x48,0x8b,0xc8,0xe8,0x70,0x74,0xff,0xff,
0xb8,0x0c,0x25,0x00,0x00,0x4d,0x8b,0xc5,0x66,0x41,0x89,0x07,0x48,0x8b,0xd7,0x49,
0x8b,0xce,0x41,0xc7,0x44,0x77,0x02,0x10,0x25,0x00,0x00,0x41,0xff,0x56,0x38,0x49,
0x8b,0xd7,0x49,0x8b,0xce,0x49,0xff,0xc5,0x41,0xff,0x56,0x08,0x33,0xc9,0x4d,0x85,
0xe4,0x0f,0x84,0x3c,0x01,0x00,0x00,0x48,0x8d,0x45,0x77,0x48,0x89,0x45,0xcf,0xb8,
0x02,0x25,0x00,0x00,0x48,0x39,0x4d,0xbf,0x0f,0x86,0x25,0x01,0x00,0x00,0x48,0x85,
0xdb,0x74,0x19,0x48,0x8b,0xd3,0x41,0xb8,0x20,0x00,0x00,0x00,0x48,0xd1,0xea,0x49,
0x8b,0xcf,0xe8,0x09,0x74,0xff,0xff,0xb8,0x02,0x25,0x00,0x00,0x66,0x41,0x89,0x07,
0x4d,0x8b,0xc5,0x48,0x8b,0xd7,0x41,0xc7,0x44,0x77,0x02,0x02,0x25,0x00,0x00,0x49,
0x8b,0xce,0x41,0xff,0x56,0x38,0x49,0x8b,0xd7,0x49,0x8b,0xce,0x41,0xff,0x56,0x08,
0x45,0x33,0xc9,0x45,0x33,0xc0,0x33,0xd2,0x49,0x8b,0xcc,0xe8,0x74,0xfd,0xff,0xff,
0x48,0xd1,0xe8,0x48,0x89,0x45,0xc7,0x48,0x3b,0xc6,0x77,0x25,0x48,0x8b,0xd6,0x4d,
0x8b,0xc5,0x48,0x2b,0xd0,0x49,0x8b,0xce,0x48,0xd1,0xea,0x48,0xff,0xc2,0x48,0x03,
0xd7,0x41,0xff,0x56,0x38,0x49,0x8b,0xd4,0x49,0x8b,0xce,0x41,0xff,0x56,0x08,0xeb,
0x7c,0x4c,0x8d,0x4d,0xc7,0x4c,0x8b,0xc6,0xb2,0x01,0x49,0x8b,0xcc,0xe8,0x32,0xfd,
0xff,0xff,0x48,0x8b,0x5d,0xc7,0x48,0x8d,0x0c,0x5d,0x02,0x00,0x00,0x00,0xe8,0x71,
0xf4,0xff,0xff,0x4c,0x8d,0x4b,0xfd,0x4d,0x8b,0xc4,0x48,0x8d,0x53,0x01,0x48,0x8b,
0xc8,0x48,0x8b,0xf0,0xe8,0xff,0xdd,0xff,0xff,0x4c,0x8d,0x05,0xf8,0x40,0x00,0x00,
0x48,0x8b,0xce,0x48,0x8d,0x53,0x01,0xe8,0xcc,0xde,0xff,0xff,0x48,0x8b,0x7d,0xb7,
0x4d,0x8b,0xc5,0x49,0x8b,0xce,0x48,0x8d,0x57,0x01,0x41,0xff,0x56,0x38,0x48,0x8b,
0xd6,0x49,0x8b,0xce,0x41,0xff,0x56,0x08,0x48,0x8b,0x05,0xb1,0x42,0x00,0x00,0x48,
0x8b,0xce,0xff,0x50,0x48,0x48,0x8b,0x5d,0xff,0x48,0x8b,0x75,0x07,0x48,0x8b,0x45,
0xcf,0x49,0xff,0xc5,0x48,0xff,0x4d,0xbf,0x48,0x83,0xc0,0x08,0x33,0xc9,0x48,0x89,
0x45,0xcf,0x4c,0x8b,0x20,0xb8,0x02,0x25,0x00,0x00,0x4d,0x85,0xe4,0x0f,0x85,0xd1,
0xfe,0xff,0xff,0x48,0x85,0xdb,0x74,0x14,0x48,0xd1,0xeb,0x41,0xb8,0x00,0x25,0x00,
0x00,0x48,0x8b,0xd3,0x49,0x8b,0xcf,0xe8,0xe4,0x72,0xff,0xff,0xb8,0x14,0x25,0x00,
0x00,0x4d,0x8b,0xc5,0x66,0x41,0x89,0x07,0x48,0x8b,0xd7,0x49,0x8b,0xce,0x41,0xc7,
0x44,0x77,0x02,0x18,0x25,0x00,0x00,0x41,0xff,0x56,0x38,0x49,0x8b,0xd7,0x49,0x8b,
0xce,0x41,0xff,0x56,0x08,0x48,0x8b,0x05,0x34,0x42,0x00,0x00,0x49,0x8b,0xcf,0xff,
0x50,0x48,0x8a,0x55,0xeb,0x49,0x8b,0xce,0x41,0xff,0x56,0x40,0x4c,0x63,0x45,0xe7,
0x49,0x8b,0xce,0x48,0x63,0x55,0xe3,0x41,0xff,0x56,0x38,0x48,0x63,0x55,0xdf,0x49,
0x8b,0xce,0x41,0xff,0x56,0x28,0x48,0x8b,0x5d,0x6f,0x48,0x85,0xdb,0x74,0x4d,0xeb,
0x31,0x48,0xb9,0x06,0x00,0x00,0x00,0x00,0x00,0x00,0x80,0x48,0x3b,0xc1,0x75,0x22,
0x48,0x8b,0x05,0xe1,0x41,0x00,0x00,0x4c,0x8d,0x45,0x0f,0xb9,0x01,0x00,0x00,0x00,
0x48,0x8b,0x50,0x30,0x48,0x8b,0x05,0xd5,0x41,0x00,0x00,0x48,0x83,0xc2,0x10,0xff,
0x50,0x60,0x48,0x8b,0x05,0xbf,0x41,0x00,0x00,0x48,0x8b,0xd3,0x4c,0x8b,0x40,0x30,
0x49,0x8b,0xc8,0x41,0xff,0x50,0x08,0x48,0x85,0xc0,0x78,0xb5,0x48,0x81,0xc4,0x88,
0x00,0x00,0x00,0x41,0x5f,0x41,0x5e,0x41,0x5d,0x41,0x5c,0x5f,0x5e,0x5b,0x5d,0xc3,
0x48,0x83,0xec,0x28,0x48,0x8b,0x05,0xad,0x41,0x00,0x00,0x48,0x85,0xc0,0x75,0x1a,
0x48,0x8d,0x15,0xa1,0x41,0x00,0x00,0x48,0x8d,0x0d,0x5a,0x2b,0x00,0x00,0xe8,0x09,
0xf6,0xff,0xff,0x48,0x8b,0x05,0x8e,0x41,0x00,0x00,0x48,0x83,0xc4,0x28,0xc3,0xcc,
0x40,0x53,0x48,0x83,0xec,0x40,0x49,0x8b,0xc0,0xc7,0x44,0x24,0x28,0x02,0x00,0x00,
0x00,0x49,0x8b,0xd9,0x48,0x89,0x4c,0x24,0x20,0x4c,0x8b,0xca,0x4c,0x8d,0x44,0x24,
0x30,0x48,0x8b,0xd0,0x48,0x8b,0x05,0x45,0x41,0x00,0x00,0xff,0x90,0x18,0x01,0x00,
0x00,0x48,0x85,0xc0,0x78,0x0d,0x48,0x8b,0x44,0x24,0x30,0x48,0x8b,0xd3,0x48,0x8b,
0xc8,0xff,0x10,0x48,0x83,0xc4,0x40,0x5b,0xc3,0xcc,0xcc,0xcc,0x40,0x53,0x48,0x83,
0xec,0x40,0x49,0x8b,0xc0,0xc7,0x44,0x24,0x28,0x02,0x00,0x00,0x00,0x49,0x8b,0xd9,
0x48,0x89,0x4c,0x24,0x20,0x4c,0x8b,0xca,0x4c,0x8d,0x44,0x24,0x30,0x48,0x8b,0xd0,
0x48,0x8b,0x05,0xf9,0x40,0x00,0x00,0xff,0x90,0x18,0x01,0x00,0x00,0x48,0x85,0xc0,
0x78,0x0e,0x48,0x8b,0x44,0x24,0x30,0x48,0x8b,0xd3,0x48,0x8b,0xc8,0xff,0x50,0x08,
0x48,0x83,0xc4,0x40,0x5b,0xc3,0xcc,0xcc,0x48,0x89,0x5c,0x24,0x08,0x57,0x48,0x83,
0xec,0x30,0x48,0x8b,0x05,0xc7,0x40,0x00,0x00,0x4c,0x8d,0x44,0x24,0x50,0x48,0x83,
0x64,0x24,0x50,0x00,0x48,0x8b,0xda,0x48,0x8d,0x15,0xa2,0x27,0x00,0x00,0x48,0x8b,
0xf9,0xff,0x90,0x98,0x00,0x00,0x00,0x48,0x85,0xc0,0x78,0x12,0x48,0x85,0xdb,0x74,
0x08,0x48,0x8b,0x44,0x24,0x50,0x48,0x89,0x03,0x48,0x8b,0xc7,0xeb,0x74,0x48,0x8b,
0xcf,0xe8,0xc6,0xf2,0xff,0xff,0x48,0x89,0x44,0x24,0x20,0x48,0x85,0xc0,0x74,0x60,
0x48,0x8b,0x05,0x79,0x40,0x00,0x00,0x4c,0x8d,0x44,0x24,0x58,0x48,0x83,0x64,0x24,
0x58,0x00,0x48,0x8d,0x54,0x24,0x20,0x48,0x8d,0x0d,0x52,0x27,0x00,0x00,0xff,0x90,
0xb8,0x00,0x00,0x00,0x48,0x85,0xc0,0x78,0x37,0x48,0x8b,0x05,0x50,0x40,0x00,0x00,
0x4c,0x8d,0x44,0x24,0x50,0x48,0x8b,0x4c,0x24,0x58,0x48,0x8d,0x15,0x2f,0x27,0x00,
0x00,0xff,0x90,0x98,0x00,0x00,0x00,0x48,0x85,0xc0,0x78,0x14,0x48,0x85,0xdb,0x74,
0x08,0x48,0x8b,0x44,0x24,0x50,0x48,0x89,0x03,0x48,0x8b,0x44,0x24,0x58,0xeb,0x02,
0x33,0xc0,0x48,0x8b,0x5c,0x24,0x40,0x48,0x83,0xc4,0x30,0x5f,0xc3,0xcc,0xcc,0xcc,
0x48,0x89,0x5c,0x24,0x08,0x48,0x89,0x54,0x24,0x10,0x55,0x56,0x57,0x41,0x54,0x41,
0x55,0x41,0x56,0x41,0x57,0x48,0x8d,0xac,0x24,0x10,0xfe,0xff,0xff,0x48,0x81,0xec,
0xf0,0x02,0x00,0x00,0x45,0x33,0xed,0x48,0x8d,0x54,0x24,0x30,0x4c,0x89,0x6c,0x24,
0x30,0x4d,0x8b,0xf8,0x48,0x8b,0xf1,0xe8,0xfc,0xfe,0xff,0xff,0x48,0x85,0xc0,0x74,
0x0e,0x48,0x8b,0x44,0x24,0x30,0x48,0x8b,0x58,0x78,0xe9,0xd3,0x00,0x00,0x00,0x48,
0x8b,0x05,0xba,0x3f,0x00,0x00,0x4c,0x8d,0x85,0x48,0x02,0x00,0x00,0x48,0x8d,0x15,
0xa4,0x29,0x00,0x00,0x4c,0x89,0xad,0x38,0x02,0x00,0x00,0x48,0x8b,0xce,0xff,0x90,
0x98,0x00,0x00,0x00,0x48,0x8b,0xd8,0x48,0x85,0xc0,0x79,0x0c,0x48,0x8b,0xbd,0x38,
0x02,0x00,0x00,0xe9,0xc3,0x00,0x00,0x00,0x48,0x8b,0x85,0x48,0x02,0x00,0x00,0x48,
0x8d,0x95,0x38,0x02,0x00,0x00,0x48,0x8b,0xc8,0xff,0x10,0x48,0x8b,0xd8,0x48,0x85,
0xc0,0x78,0xd9,0x48,0x8b,0x05,0x66,0x3f,0x00,0x00,0x4c,0x8d,0x44,0x24,0x38,0x48,
0x8b,0x8d,0x38,0x02,0x00,0x00,0x48,0x8d,0x15,0xeb,0x29,0x00,0x00,0xff,0x90,0x98,
0x00,0x00,0x00,0x48,0x8b,0xd8,0x48,0x85,0xc0,0x79,0x16,0x48,0x8b,0x85,0x48,0x02,
0x00,0x00,0x48,0x8b,0x95,0x38,0x02,0x00,0x00,0x48,0x8b,0xc8,0xff,0x50,0x08,0xeb,
0x9b,0x48,0x8b,0x44,0x24,0x38,0x4c,0x8d,0x44,0x24,0x60,0x33,0xd2,0x48,0x8b,0xc8,
0xff,0x10,0x48,0x8b,0xd8,0x48,0x85,0xc0,0x79,0x0f,0x48,0xb8,0x13,0x00,0x00,0x00,
0x00,0x00,0x00,0x80,0x48,0x3b,0xd8,0x75,0xc2,0x48,0x8b,0x85,0x48,0x02,0x00,0x00,
0x48,0x8d,0x5c,0x24,0x60,0x48,0x8b,0x95,0x38,0x02,0x00,0x00,0x48,0x8b,0xc8,0xff,
0x50,0x08,0x8b,0x7b,0x04,0x48,0x8d,0x93,0x28,0x02,0x00,0x00,0x48,0x85,0xff,0x74,
0x17,0x48,0x8d,0x44,0x24,0x40,0x48,0x3b,0xc2,0x74,0x0d,0x44,0x8b,0xc7,0x48,0x8d,
0x4c,0x24,0x40,0xe8,0xc8,0x6a,0xff,0xff,0x49,0x8b,0xdd,0x48,0x85,0xdb,0x79,0x08,
0x48,0x8b,0xc3,0xe9,0xfe,0x00,0x00,0x00,0x4c,0x8d,0x34,0xbd,0x0c,0x00,0x00,0x00,
0x49,0x8b,0xce,0xe8,0x1c,0xf0,0xff,0xff,0x48,0x8b,0xd8,0x48,0x85,0xc0,0x75,0x0f,
0x48,0xb8,0x09,0x00,0x00,0x00,0x00,0x00,0x00,0x80,0xe9,0xd7,0x00,0x00,0x00,0x49,
0x89,0x07,0x4c,0x8d,0x64,0x24,0x40,0x48,0x85,0xff,0x74,0x44,0x4c,0x8b,0xd0,0x45,
0x0f,0xb6,0x0c,0x24,0x4c,0x2b,0xd3,0x48,0x8b,0xcb,0x48,0xc7,0x44,0x24,0x20,0x02,
0x00,0x00,0x00,0x4b,0x8d,0x14,0x16,0xe8,0x84,0xe0,0xff,0xff,0x4d,0x8b,0x17,0x48,
0x8b,0xcb,0x49,0x8b,0xd2,0x49,0xff,0xc4,0x48,0x2b,0xd3,0x49,0x03,0xd6,0x48,0xd1,
0xea,0xe8,0x8e,0xd8,0xff,0xff,0x48,0x8d,0x1c,0x43,0x48,0x83,0xef,0x01,0x75,0xbf,
0x48,0x8b,0xce,0xe8,0x74,0xf0,0xff,0xff,0x48,0x8b,0xc8,0x48,0x85,0xc0,0x74,0x70,
0x80,0x39,0x7f,0x75,0x06,0x80,0x79,0x01,0xff,0x74,0x14,0x80,0x39,0x03,0x75,0x06,
0x80,0x79,0x01,0x14,0x74,0x0f,0x0f,0xb7,0x41,0x02,0x48,0x03,0xc8,0xeb,0xe1,0x41,
0x0f,0xb7,0xc5,0xeb,0x04,0x0f,0xb7,0x41,0x04,0x66,0x85,0xc0,0x74,0x42,0x49,0x8b,
0x17,0xb9,0x5c,0x00,0x00,0x00,0x66,0x89,0x0b,0x48,0x83,0xc3,0x02,0x48,0x2b,0xd3,
0x44,0x0f,0xb7,0xc8,0x49,0x03,0xd6,0x48,0xc7,0x44,0x24,0x20,0x04,0x00,0x00,0x00,
0x48,0x8b,0xcb,0xe8,0xf8,0xdf,0xff,0xff,0x49,0x8b,0x17,0x48,0x8b,0xcb,0x48,0x2b,
0xd3,0x49,0x03,0xd6,0x48,0xd1,0xea,0xe8,0x08,0xd8,0xff,0xff,0x48,0x8d,0x1c,0x43,
0x66,0x44,0x89,0x2b,0x33,0xc0,0x48,0x8b,0x9c,0x24,0x30,0x03,0x00,0x00,0x48,0x81,
0xc4,0xf0,0x02,0x00,0x00,0x41,0x5f,0x41,0x5e,0x41,0x5d,0x41,0x5c,0x5f,0x5e,0x5d,
0xc3,0xcc,0xcc,0xcc,0x48,0x8b,0xc4,0x48,0x89,0x58,0x08,0x55,0x56,0x57,0x41,0x54,
0x41,0x55,0x41,0x56,0x41,0x57,0x48,0x83,0xec,0x30,0x4c,0x8b,0xf2,0x33,0xff,0x48,
0x8d,0x50,0x20,0x48,0x89,0x78,0x20,0xe8,0x9c,0xfc,0xff,0xff,0x48,0x85,0xc0,0x75,
0x0f,0x48,0xb8,0x02,0x00,0x00,0x00,0x00,0x00,0x00,0x80,0xe9,0xac,0x01,0x00,0x00,
0x48,0x8b,0x9c,0x24,0x88,0x00,0x00,0x00,0x48,0x8b,0x43,0x78,0x40,0x38,0xb8,0x8b,
0x02,0x00,0x00,0x75,0x0f,0x48,0xb8,0x03,0x00,0x00,0x00,0x00,0x00,0x00,0x80,0xe9,
0x88,0x01,0x00,0x00,0x45,0x33,0xc0,0x48,0x8d,0x94,0x24,0x80,0x00,0x00,0x00,0x48,
0x8b,0xcb,0xff,0x53,0x58,0x48,0x85,0xc0,0x0f,0x88,0x6e,0x01,0x00,0x00,0x4c,0x8b,
0x43,0x78,0x41,0x38,0xb8,0x8c,0x02,0x00,0x00,0x74,0x0d,0x40,0xb5,0x01,0x33,0xc0,
0x41,0x88,0x2e,0xe9,0x54,0x01,0x00,0x00,0x41,0x8b,0x28,0x83,0xfd,0x03,0x72,0x0f,
0x48,0xb8,0x07,0x00,0x00,0x00,0x00,0x00,0x00,0x80,0xe9,0x3d,0x01,0x00,0x00,0x48,
0x8b,0xf7,0x83,0xfd,0x02,0x0f,0x85,0xce,0x00,0x00,0x00,0x45,0x8b,0x78,0x18,0x40,
0xb5,0x01,0x45,0x8b,0x68,0x1c,0x45,0x33,0xfd,0x45,0x8b,0x60,0x24,0x45,0x85,0xe4,
0x74,0x2a,0x41,0x8b,0xd4,0x49,0x83,0xc0,0x28,0x48,0xc1,0xe2,0x05,0xe8,0x5e,0xee,
0xff,0xff,0x48,0x8b,0xf0,0x48,0x85,0xc0,0x75,0x0f,0x48,0xbf,0x09,0x00,0x00,0x00,
0x00,0x00,0x00,0x80,0xe9,0xf0,0x00,0x00,0x00,0x40,0x8a,0xef,0x48,0x8b,0xcb,0xff,
0x53,0x28,0x48,0x8b,0xf8,0x48,0x85,0xc0,0x0f,0x88,0xc9,0x00,0x00,0x00,0x48,0x8b,
0xcb,0xff,0x53,0x10,0x48,0x8b,0xf8,0x48,0x85,0xc0,0x0f,0x88,0xb7,0x00,0x00,0x00,
0x48,0x8b,0xcb,0xff,0x53,0x08,0x48,0x8b,0xf8,0x48,0x85,0xc0,0x0f,0x88,0xa5,0x00,
0x00,0x00,0x45,0x33,0xc0,0x33,0xd2,0x48,0x8b,0xcb,0xff,0x53,0x18,0x48,0x8b,0xf8,
0x48,0x85,0xc0,0x0f,0x88,0x8e,0x00,0x00,0x00,0x48,0x8b,0x43,0x78,0x44,0x8a,0xcd,
0x48,0x89,0x74,0x24,0x28,0x45,0x8b,0xc7,0x41,0x8b,0xd5,0x4c,0x89,0x64,0x24,0x20,
0x8a,0x88,0x8c,0x02,0x00,0x00,0x41,0x88,0x0e,0x48,0x8b,0xcb,0xff,0x53,0x30,0x48,
0x8b,0xd8,0x48,0x85,0xf6,0x74,0x0d,0x48,0x8b,0x15,0x22,0x3c,0x00,0x00,0x48,0x8b,
0xce,0xff,0x52,0x48,0x48,0x8b,0xc3,0xeb,0x63,0x85,0xed,0x75,0x0e,0x48,0x8b,0xcb,
0xff,0x53,0x08,0x48,0x8b,0xf8,0x48,0x85,0xc0,0x78,0x36,0x45,0x33,0xc0,0x33,0xd2,
0x48,0x8b,0xcb,0xff,0x53,0x18,0x48,0x8b,0xf8,0x48,0x85,0xc0,0x79,0x0c,0x48,0xbf,
0x07,0x00,0x00,0x00,0x00,0x00,0x00,0x80,0xeb,0x13,0x48,0x8b,0x43,0x78,0x8a,0x88,
0x8c,0x02,0x00,0x00,0x41,0x88,0x0e,0x48,0x8b,0xcb,0xff,0x53,0x28,0x85,0xed,0x75,
0x18,0x48,0x8b,0xcb,0xff,0x53,0x10,0x48,0x85,0xf6,0x74,0x0d,0x48,0x8b,0x05,0xbd,
0x3b,0x00,0x00,0x48,0x8b,0xce,0xff,0x50,0x48,0x48,0x8b,0xc7,0x48,0x8b,0x5c,0x24,
0x70,0x48,0x83,0xc4,0x30,0x41,0x5f,0x41,0x5e,0x41,0x5d,0x41,0x5c,0x5f,0x5e,0x5d,
0xc3,0xcc,0xcc,0xcc,0x48,0x89,0x5c,0x24,0x08,0x48,0x89,0x74,0x24,0x10,0x55,0x57,
0x41,0x54,0x41,0x55,0x41,0x56,0x48,0x8b,0xec,0x48,0x83,0xec,0x50,0x49,0x83,0x20,
0x00,0x48,0x8b,0xfa,0x48,0x83,0x65,0x48,0x00,0x48,0x8d,0x55,0x40,0x49,0x8b,0xd8,
0x4c,0x8b,0xf1,0xe8,0x90,0xfa,0xff,0xff,0x48,0x85,0xc0,0x75,0x0f,0x48,0xb8,0x02,
0x00,0x00,0x00,0x00,0x00,0x00,0x80,0xe9,0xe2,0x01,0x00,0x00,0x48,0x8b,0xc8,0x4c,
0x8d,0x45,0xe8,0x48,0x8b,0x05,0x46,0x3b,0x00,0x00,0x48,0x8d,0x15,0x97,0x21,0x00,
0x00,0xff,0x90,0x98,0x00,0x00,0x00,0x48,0x85,0xc0,0x79,0x39,0x48,0x8d,0x55,0x40,
0xc6,0x45,0x40,0x01,0x49,0x8b,0xce,0xe8,0x88,0xfd,0xff,0xff,0x48,0x85,0xc0,0x0f,
0x88,0xa9,0x01,0x00,0x00,0x8a,0x4d,0x40,0xf6,0xd9,0x48,0xb9,0x0c,0x00,0x00,0x00,
0x00,0x00,0x00,0x80,0x48,0x1b,0xd2,0x48,0xf7,0xd2,0x48,0x23,0xd1,0x48,0x89,0x13,
0xe9,0x89,0x01,0x00,0x00,0x48,0x8b,0x45,0xe8,0x4c,0x8d,0x4d,0xf0,0x4c,0x8d,0x45,
0x48,0x48,0x8b,0xc8,0x48,0x8d,0x15,0xcd,0x24,0x00,0x00,0xff,0x10,0x48,0x8b,0x4d,
0x48,0x48,0x8b,0xf0,0x48,0x85,0xc0,0x0f,0x88,0x3c,0x01,0x00,0x00,0x48,0x8b,0x01,
0x48,0x89,0x03,0x48,0x8b,0x05,0xc6,0x3a,0x00,0x00,0xff,0x50,0x48,0x49,0xbd,0x06,
0x00,0x00,0x00,0x00,0x00,0x00,0x80,0x4c,0x39,0x2b,0x0f,0x85,0x15,0x01,0x00,0x00,
0x41,0xbc,0x40,0x42,0x0f,0x00,0x49,0x3b,0xfc,0x0f,0x82,0x06,0x01,0x00,0x00,0x48,
0x83,0x65,0xe0,0x00,0x48,0x8d,0x45,0xe0,0x45,0x33,0xc9,0x48,0x89,0x44,0x24,0x20,
0x48,0x8b,0x05,0x89,0x3a,0x00,0x00,0x45,0x33,0xc0,0xb9,0x00,0x00,0x00,0x80,0x41,
0x8d,0x51,0x08,0xff,0x50,0x50,0x48,0x85,0xc0,0x79,0x0f,0x48,0xb8,0x07,0x00,0x00,
0x00,0x00,0x00,0x00,0x80,0xe9,0xf4,0x00,0x00,0x00,0x48,0x8b,0x05,0x5f,0x3a,0x00,
0x00,0x4d,0x8b,0xc4,0x48,0x8b,0x4d,0xe0,0xba,0x02,0x00,0x00,0x00,0xff,0x50,0x58,
0x48,0x85,0xc0,0x0f,0x88,0x92,0x00,0x00,0x00,0x48,0x8b,0x05,0x40,0x3a,0x00,0x00,
0x48,0x8b,0x4d,0xe0,0xff,0x50,0x78,0x4c,0x8b,0xf0,0x48,0x85,0xc0,0x78,0x38,0x4c,
0x8b,0x55,0xe8,0x4c,0x8d,0x4d,0xf0,0x4c,0x8d,0x45,0x48,0x49,0x8b,0xca,0x48,0x8d,
0x15,0x03,0x24,0x00,0x00,0x49,0x2b,0xfc,0x41,0xff,0x12,0x48,0x8b,0x4d,0x48,0x48,
0x8b,0xf0,0x48,0x85,0xc0,0x78,0x43,0x48,0x8b,0x01,0x48,0x89,0x03,0x48,0x8b,0x05,
0xfc,0x39,0x00,0x00,0xff,0x50,0x48,0x4d,0x3b,0xf5,0x74,0xad,0x4c,0x39,0x2b,0x75,
0x05,0x49,0x3b,0xfc,0x73,0x84,0x48,0x8b,0x05,0xe3,0x39,0x00,0x00,0x48,0x8b,0x4d,
0xe0,0xff,0x50,0x70,0x4c,0x39,0x2b,0x75,0x3c,0x49,0x3b,0xfc,0x73,0x37,0x48,0xb8,
0x12,0x00,0x00,0x00,0x00,0x00,0x00,0x80,0xeb,0x54,0x48,0x85,0xc9,0x74,0x16,0x48,
0x8b,0x05,0xba,0x39,0x00,0x00,0xff,0x50,0x48,0xeb,0x0a,0x48,0xbe,0x07,0x00,0x00,
0x00,0x00,0x00,0x00,0x80,0x48,0x8b,0x05,0xa4,0x39,0x00,0x00,0x48,0x8b,0x4d,0xe0,
0xff,0x50,0x70,0xeb,0x26,0x33,0xc0,0xeb,0x25,0x48,0x85,0xc9,0x74,0x0a,0x48,0x8b,
0x05,0x8b,0x39,0x00,0x00,0xff,0x50,0x48,0x48,0xb8,0x03,0x00,0x00,0x00,0x00,0x00,
0x00,0x80,0x48,0x3b,0xf0,0x0f,0x84,0x41,0xfe,0xff,0xff,0x48,0x8b,0xc6,0x4c,0x8d,
0x5c,0x24,0x50,0x49,0x8b,0x5b,0x30,0x49,0x8b,0x73,0x38,0x49,0x8b,0xe3,0x41,0x5e,
0x41,0x5d,0x41,0x5c,0x5f,0x5d,0xc3,0xcc,0x40,0x53,0x48,0x83,0xec,0x20,0x4c,0x8b,
0x0a,0x33,0xdb,0x8b,0xc3,0x4d,0x85,0xc9,0x74,0x23,0x4c,0x8b,0x01,0x49,0x8d,0x50,
0x10,0xf6,0x02,0x10,0x75,0x0e,0x48,0xff,0xc0,0x48,0x83,0xc2,0x18,0x49,0x3b,0xc1,
0x72,0xef,0xeb,0x09,0x48,0x8d,0x04,0x40,0x49,0x8b,0x5c,0xc0,0x08,0x48,0x8b,0x15,
0x1c,0x39,0x00,0x00,0x48,0x8b,0x09,0xff,0x52,0x48,0x48,0x8b,0xc3,0x48,0x83,0xc4,
0x20,0x5b,0xc3,0xcc,0x48,0x89,0x5c,0x24,0x10,0x55,0x56,0x57,0x48,0x8b,0xec,0x48,
0x83,0xec,0x20,0x48,0x8b,0xf2,0x48,0x8b,0xd9,0x48,0x85,0xc9,0x74,0x39,0x48,0x85,
0xd2,0x74,0x34,0x48,0x89,0x4d,0x30,0x33,0xff,0x8a,0x03,0x2c,0x30,0x3c,0x09,0x0f,
0x87,0x80,0x00,0x00,0x00,0x4c,0x8d,0x45,0x38,0x48,0x8b,0xcb,0x48,0x8d,0x55,0x30,
0xe8,0xbf,0xd5,0xff,0xff,0x48,0x85,0xc0,0x78,0x0d,0x48,0x83,0xff,0x04,0x75,0x1e,
0x48,0x83,0x7d,0x38,0x20,0x76,0x30,0x48,0xb8,0x02,0x00,0x00,0x00,0x00,0x00,0x00,
0x80,0x48,0x8b,0x5c,0x24,0x48,0x48,0x83,0xc4,0x20,0x5f,0x5e,0x5d,0xc3,0x48,0x8b,
0x45,0x38,0x48,0x3d,0xff,0x00,0x00,0x00,0x77,0xdd,0x88,0x44,0x3d,0x20,0x48,0xff,
0xc7,0x48,0x83,0xff,0x04,0x75,0x12,0x48,0x8b,0x5d,0x30,0x80,0x3b,0x2f,0x75,0x2b,
0x48,0xff,0xc3,0x48,0x89,0x5d,0x30,0xeb,0x90,0x48,0x8b,0x5d,0x30,0x73,0x0c,0x80,
0x3b,0x2e,0x75,0xb3,0x48,0xff,0xc3,0x48,0x89,0x5d,0x30,0x48,0x83,0xff,0x05,0x0f,
0x82,0x74,0xff,0xff,0xff,0x48,0x83,0xff,0x04,0x72,0x9c,0x48,0x8d,0x45,0x20,0x48,
0x3b,0xf0,0x74,0x12,0x41,0xb8,0x04,0x00,0x00,0x00,0x48,0x8d,0x55,0x20,0x48,0x8b,
0xce,0xe8,0x3a,0x64,0xff,0xff,0x80,0x3b,0x00,0x0f,0x85,0x78,0xff,0xff,0xff,0x33,
0xc0,0xe9,0x7b,0xff,0xff,0xff,0xcc,0xcc,0x48,0x8b,0xc4,0x48,0x89,0x58,0x08,0x48,
0x89,0x68,0x10,0x48,0x89,0x70,0x18,0x48,0x89,0x78,0x20,0x41,0x54,0x41,0x56,0x41,
0x57,0x48,0x83,0xec,0x50,0xb8,0x03,0x00,0x00,0x00,0x4d,0x8b,0xf0,0x66,0x89,0x44,
0x24,0x40,0x48,0x8b,0xe9,0xe8,0x1a,0x07,0x00,0x00,0x45,0x33,0xff,0x48,0x8b,0xf8,
0x48,0x85,0xc0,0x75,0x09,0x41,0x0f,0xb7,0xc7,0xe9,0xc3,0x00,0x00,0x00,0x48,0xbe,
0x02,0x00,0x00,0x00,0x00,0x00,0x00,0x80,0x48,0x8b,0xdf,0x44,0x38,0x38,0x0f,0x84,
0x92,0x00,0x00,0x00,0x4c,0x8d,0x25,0xe5,0x35,0x00,0x00,0x4c,0x8b,0xcb,0x44,0x38,
0x3b,0x74,0x18,0x80,0x3b,0x3b,0x74,0x08,0x48,0xff,0xc3,0x44,0x38,0x3b,0x75,0xf3,
0x44,0x38,0x3b,0x74,0x06,0x44,0x88,0x3b,0x48,0xff,0xc3,0x4d,0x8b,0xc7,0x49,0xff,
0xc0,0x47,0x38,0x3c,0x20,0x75,0xf7,0x49,0x8b,0xd4,0x49,0x8b,0xc9,0xe8,0x9e,0xd1,
0xff,0xff,0x48,0x85,0xc0,0x74,0x46,0x44,0x0f,0xb7,0x44,0x24,0x40,0x48,0x8b,0xd5,
0x48,0x8b,0x05,0xa1,0x37,0x00,0x00,0x48,0x8b,0xc8,0x66,0x45,0x85,0xc0,0x75,0x18,
0x4c,0x89,0x7c,0x24,0x30,0x4c,0x8d,0x44,0x24,0x40,0x4c,0x89,0x74,0x24,0x28,0x4c,
0x89,0x7c,0x24,0x20,0xff,0x10,0xeb,0x0d,0x4c,0x89,0x7c,0x24,0x28,0x4c,0x89,0x74,
0x24,0x20,0xff,0x50,0x10,0x48,0x8b,0xf0,0x48,0x85,0xc0,0x78,0x09,0x44,0x38,0x3b,
0x0f,0x85,0x75,0xff,0xff,0xff,0x48,0x8b,0x05,0x33,0x37,0x00,0x00,0x48,0x8b,0xcf,
0xff,0x50,0x48,0x41,0x0f,0xb7,0xc7,0x48,0x85,0xf6,0x78,0x05,0x0f,0xb7,0x44,0x24,
0x40,0x4c,0x8d,0x5c,0x24,0x50,0x49,0x8b,0x5b,0x20,0x49,0x8b,0x6b,0x28,0x49,0x8b,
0x73,0x30,0x49,0x8b,0x7b,0x38,0x49,0x8b,0xe3,0x41,0x5f,0x41,0x5e,0x41,0x5c,0xc3,
0x48,0x8b,0xc4,0x48,0x89,0x58,0x08,0x48,0x89,0x70,0x10,0x4c,0x89,0x40,0x18,0x57,
0x41,0x56,0x41,0x57,0x48,0x83,0xec,0x50,0x48,0x83,0x60,0x20,0x00,0x44,0x0f,0xb7,
0xfa,0x4c,0x8b,0xf1,0x33,0xdb,0xe8,0xf9,0x05,0x00,0x00,0x48,0x8b,0xf0,0x48,0x85,
0xc0,0x0f,0x84,0x28,0x01,0x00,0x00,0x45,0x33,0xc9,0x4c,0x8d,0x84,0x24,0x88,0x00,
0x00,0x00,0x48,0x8d,0x0d,0xdf,0x34,0x00,0x00,0xe8,0x06,0xed,0xff,0xff,0x48,0x39,
0x9c,0x24,0x88,0x00,0x00,0x00,0x4c,0x8d,0x05,0xe5,0x34,0x00,0x00,0x4d,0x8b,0xc8,
0x48,0x8b,0xce,0x4c,0x0f,0x45,0x8c,0x24,0x88,0x00,0x00,0x00,0x33,0xd2,0x48,0x21,
0x5c,0x24,0x28,0x48,0x89,0x74,0x24,0x20,0xe8,0xaf,0xed,0xff,0xff,0x48,0x8b,0xf8,
0x48,0x85,0xc0,0x0f,0x84,0x9a,0x00,0x00,0x00,0x48,0x21,0x5c,0x24,0x30,0x48,0x8d,
0x44,0x24,0x40,0x48,0x21,0x5c,0x24,0x40,0x45,0x0f,0xb7,0xcf,0x48,0x89,0x44,0x24,
0x28,0x4d,0x8b,0xc6,0x48,0x8d,0x84,0x24,0x80,0x00,0x00,0x00,0x48,0x8b,0xd7,0x48,
0x89,0x44,0x24,0x20,0x48,0x8b,0x05,0x6d,0x36,0x00,0x00,0x48,0x8b,0xc8,0xff,0x50,
0x08,0x48,0xb9,0x05,0x00,0x00,0x00,0x00,0x00,0x00,0x80,0x48,0x3b,0xc1,0x75,0x53,
0x48,0x8b,0x4c,0x24,0x40,0xe8,0x9a,0xe7,0xff,0xff,0x48,0x8b,0xd8,0x48,0x85,0xc0,
0x74,0x41,0x4c,0x8b,0x15,0x3f,0x36,0x00,0x00,0x48,0x8d,0x44,0x24,0x40,0x48,0x83,
0x64,0x24,0x30,0x00,0x45,0x0f,0xb7,0xcf,0x48,0x89,0x44,0x24,0x28,0x4d,0x8b,0xc6,
0x48,0x8b,0xd7,0x48,0x89,0x5c,0x24,0x20,0x49,0x8b,0xca,0x41,0xff,0x52,0x08,0x48,
0x85,0xc0,0x79,0x0f,0x48,0x8b,0x05,0xe5,0x35,0x00,0x00,0x48,0x8b,0xcb,0xff,0x50,
0x48,0x33,0xdb,0x48,0x8b,0x05,0xd6,0x35,0x00,0x00,0x48,0x8b,0xce,0xff,0x50,0x48,
0x48,0x83,0xbc,0x24,0x88,0x00,0x00,0x00,0x00,0x74,0x12,0x48,0x8b,0x05,0xbe,0x35,
0x00,0x00,0x48,0x8b,0x8c,0x24,0x88,0x00,0x00,0x00,0xff,0x50,0x48,0x48,0x85,0xff,
0x74,0x0d,0x48,0x8b,0x05,0xa7,0x35,0x00,0x00,0x48,0x8b,0xcf,0xff,0x50,0x48,0x48,
0x8b,0x74,0x24,0x78,0x48,0x8b,0xc3,0x48,0x8b,0x5c,0x24,0x70,0x48,0x83,0xc4,0x50,
0x41,0x5f,0x41,0x5e,0x5f,0xc3,0xcc,0xcc,0x4c,0x8b,0xdc,0x49,0x89,0x53,0x10,0x4d,
0x89,0x43,0x18,0x4d,0x89,0x4b,0x20,0x53,0x55,0x56,0x57,0x41,0x54,0x41,0x56,0x41,
0x57,0x48,0x83,0xec,0x30,0x49,0x8b,0x7b,0x18,0x45,0x33,0xe4,0x4c,0x8b,0xfa,0x4c,
0x8b,0xf1,0x41,0x8b,0xdc,0x48,0x8b,0xc7,0x48,0x85,0xff,0x0f,0x84,0xd0,0x00,0x00,
0x00,0x4d,0x8d,0x43,0x18,0x8b,0x00,0x4d,0x8d,0x40,0x08,0x83,0xc0,0xfc,0x03,0xd8,
0x49,0x8b,0x00,0x48,0x85,0xc0,0x75,0xed,0x85,0xdb,0x0f,0x84,0xb1,0x00,0x00,0x00,
0x83,0xc3,0x18,0x8b,0xcb,0xe8,0x9a,0xe6,0xff,0xff,0x48,0x8b,0xf0,0x48,0x85,0xc0,
0x0f,0x84,0x9b,0x00,0x00,0x00,0x49,0x8b,0x06,0x48,0x89,0x06,0x49,0x8b,0x46,0x08,
0x4c,0x8d,0xb4,0x24,0x80,0x00,0x00,0x00,0x48,0x89,0x46,0x08,0x89,0x5e,0x10,0x48,
0x8d,0x5e,0x14,0x8b,0x2f,0x48,0x8d,0x57,0x04,0x83,0xed,0x04,0x74,0x10,0x48,0x3b,
0xda,0x74,0x0b,0x44,0x8b,0xc5,0x48,0x8b,0xcb,0xe8,0xe2,0x60,0xff,0xff,0x49,0x83,
0xc6,0x08,0x48,0x03,0xdd,0x49,0x8b,0x3e,0x48,0x85,0xff,0x75,0xd6,0x48,0x8d,0x15,
0x44,0x33,0x00,0x00,0x48,0x3b,0xda,0x74,0x0c,0x44,0x8d,0x47,0x04,0x48,0x8b,0xcb,
0xe8,0xbb,0x60,0xff,0xff,0x48,0x8b,0x05,0xf4,0x34,0x00,0x00,0x4c,0x8d,0x4c,0x24,
0x20,0x4d,0x8b,0xc7,0x48,0x8b,0xd6,0x48,0x8b,0xc8,0xff,0x10,0x48,0x8b,0x4c,0x24,
0x20,0x48,0x85,0xc0,0x48,0x8b,0x05,0x95,0x34,0x00,0x00,0x49,0x0f,0x48,0xcc,0x48,
0x89,0x4c,0x24,0x20,0x48,0x8b,0xce,0xff,0x50,0x48,0x48,0x8b,0x44,0x24,0x20,0xeb,
0x02,0x33,0xc0,0x48,0x83,0xc4,0x30,0x41,0x5f,0x41,0x5e,0x41,0x5c,0x5f,0x5e,0x5d,
0x5b,0xc3,0xcc,0xcc,0x48,0x89,0x5c,0x24,0x08,0x48,0x89,0x6c,0x24,0x10,0x48,0x89,
0x74,0x24,0x18,0x57,0x41,0x54,0x41,0x55,0x41,0x56,0x41,0x57,0x48,0x83,0xec,0x30,
0x45,0x33,0xff,0x4c,0x8d,0x25,0xe6,0x1f,0x00,0x00,0x66,0x44,0x39,0x3d,0xde,0x1f,
0x00,0x00,0x49,0x8b,0xc4,0x41,0x8b,0xdf,0x74,0x0d,0x48,0x8d,0x40,0x02,0x48,0xff,
0xc3,0x66,0x44,0x39,0x38,0x75,0xf3,0x49,0x8b,0xef,0x4d,0x8b,0xf7,0x4d,0x85,0xc0,
0x74,0x22,0x49,0x8b,0xc8,0xe8,0x52,0xe6,0xff,0xff,0x48,0x8b,0xe8,0x48,0x85,0xc0,
0x75,0x07,0x33,0xc0,0xe9,0xeb,0x01,0x00,0x00,0x48,0x8b,0xc8,0xe8,0x6f,0xe6,0xff,
0xff,0x4c,0x8b,0xf0,0x49,0x8d,0x0c,0x5e,0x48,0x8d,0x34,0x4d,0x32,0x00,0x00,0x00,
0x4c,0x8d,0x2c,0x36,0x49,0x8b,0xcd,0xe8,0x58,0xe5,0xff,0xff,0x48,0x8b,0xd8,0x48,
0x85,0xc0,0x74,0xce,0x4c,0x8d,0x05,0x1d,0x32,0x00,0x00,0x48,0x8b,0xd6,0x48,0x8b,
0xc8,0xe8,0x42,0xce,0xff,0xff,0x48,0x8b,0xc3,0x49,0x8b,0xcf,0x66,0x44,0x39,0x3b,
0x74,0x0d,0x48,0x8d,0x40,0x02,0x48,0xff,0xc1,0x66,0x44,0x39,0x38,0x75,0xf3,0x48,
0x8d,0x3c,0x4b,0x48,0x8d,0x05,0x36,0x1a,0x00,0x00,0x48,0xc7,0x44,0x24,0x20,0x02,
0x00,0x00,0x00,0x45,0x0f,0xb6,0x0c,0x07,0x49,0x8b,0xd5,0x48,0x2b,0xd7,0x48,0x8b,
0xcf,0x48,0x03,0xd3,0xe8,0xa7,0xd5,0xff,0xff,0x48,0x8b,0xc7,0x48,0x8b,0xd6,0x48,
0x2b,0xc3,0x48,0x8b,0xcf,0x48,0xd1,0xe8,0x48,0x2b,0xd0,0xe8,0xb4,0xcd,0xff,0xff,
0x49,0xff,0xc7,0x48,0x8d,0x3c,0x47,0x49,0x83,0xff,0x10,0x72,0xb6,0x4c,0x8d,0x05,
0xb4,0x31,0x00,0x00,0x48,0x8b,0xd6,0x48,0x8b,0xcb,0xe8,0x49,0xcf,0xff,0xff,0x45,
0x33,0xff,0x48,0x8b,0xc7,0x41,0x8b,0xcf,0x66,0x44,0x39,0x3f,0x74,0x0d,0x48,0x83,
0xc0,0x02,0x48,0xff,0xc1,0x66,0x44,0x39,0x38,0x75,0xf3,0x0f,0xb7,0x05,0xce,0x1e,
0x00,0x00,0x48,0x8d,0x3c,0x4f,0xeb,0x43,0x49,0x8b,0xd5,0x44,0x0f,0xb7,0xc8,0x48,
0x2b,0xd7,0x48,0xc7,0x44,0x24,0x20,0x04,0x00,0x00,0x00,0x48,0x03,0xd3,0x48,0x8b,
0xcf,0xe8,0x2a,0xd5,0xff,0xff,0x48,0x8b,0xc7,0x48,0x8b,0xd6,0x48,0x2b,0xc3,0x48,
0x8b,0xcf,0x48,0xd1,0xe8,0x48,0x2b,0xd0,0xe8,0x37,0xcd,0xff,0xff,0x4d,0x8d,0x64,
0x24,0x02,0x48,0x8d,0x3c,0x47,0x41,0x0f,0xb7,0x04,0x24,0x66,0x85,0xc0,0x75,0xb8,
0x4c,0x8d,0x05,0x41,0x31,0x00,0x00,0x48,0x8b,0xd6,0x48,0x8b,0xcb,0xe8,0xc6,0xce,
0xff,0xff,0x45,0x33,0xe4,0x48,0x8b,0xc7,0x41,0x8b,0xcc,0x66,0x44,0x39,0x27,0x74,
0x0d,0x48,0x83,0xc0,0x02,0x48,0xff,0xc1,0x66,0x44,0x39,0x20,0x75,0xf3,0x48,0x8d,
0x3c,0x4f,0x4d,0x85,0xf6,0x74,0x42,0x45,0x0f,0xb6,0x0c,0x2f,0x49,0x8b,0xd5,0x48,
0x2b,0xd7,0x48,0xc7,0x44,0x24,0x20,0x02,0x00,0x00,0x00,0x48,0x03,0xd3,0x48,0x8b,
0xcf,0xe8,0xaa,0xd4,0xff,0xff,0x48,0x8b,0xc7,0x48,0x8b,0xd6,0x48,0x2b,0xc3,0x48,
0x8b,0xcf,0x48,0xd1,0xe8,0x48,0x2b,0xd0,0xe8,0xb7,0xcc,0xff,0xff,0x49,0xff,0xc7,
0x48,0x8d,0x3c,0x47,0x4d,0x3b,0xfe,0x72,0xbe,0x66,0x44,0x89,0x27,0x48,0x8b,0xd3,
0x45,0x8a,0xc4,0x66,0x44,0x39,0x23,0x74,0x38,0x0f,0xb7,0x02,0x66,0x83,0xf8,0x3d,
0x75,0x05,0x41,0xb0,0x01,0xeb,0x20,0x66,0x83,0xf8,0x26,0x75,0x05,0x45,0x8a,0xc4,
0xeb,0x15,0x45,0x84,0xc0,0x74,0x10,0x8d,0x48,0xbf,0x66,0x83,0xf9,0x05,0x77,0x07,
0x66,0x83,0xc0,0x20,0x66,0x89,0x02,0x48,0x83,0xc2,0x02,0x66,0x44,0x39,0x22,0x75,
0xc8,0x48,0x8b,0xc3,0x48,0x8b,0x5c,0x24,0x60,0x48,0x8b,0x6c,0x24,0x68,0x48,0x8b,
0x74,0x24,0x70,0x48,0x83,0xc4,0x30,0x41,0x5f,0x41,0x5e,0x41,0x5d,0x41,0x5c,0x5f,
0xc3,0xcc,0xcc,0xcc,0x48,0x89,0x5c,0x24,0x08,0x48,0x89,0x74,0x24,0x10,0x57,0x48,
0x83,0xec,0x20,0x48,0x8b,0xda,0x49,0x8b,0xf1,0x49,0x8b,0xd0,0x4d,0x8b,0xd8,0xe8,
0xf4,0xca,0xff,0xff,0x48,0x8b,0xf8,0x48,0x85,0xc0,0x75,0x04,0x32,0xc0,0xeb,0x64,
0x49,0x8b,0xd3,0x48,0x8b,0xcb,0xe8,0xdd,0xca,0xff,0xff,0x48,0x8b,0xd8,0x48,0x85,
0xc0,0x74,0xe9,0x48,0x8b,0xd6,0x48,0x8b,0xcf,0xe8,0xca,0xca,0xff,0xff,0x4c,0x8b,
0xd8,0x48,0x85,0xc0,0x74,0xd6,0x48,0x8b,0xd6,0x48,0x8b,0xcb,0xe8,0xb7,0xca,0xff,
0xff,0x48,0x85,0xc0,0x74,0xc6,0x4c,0x2b,0xdf,0x48,0x2b,0xc3,0x49,0xd1,0xfb,0x48,
0xd1,0xf8,0x4c,0x3b,0xd8,0x75,0xb5,0x4d,0x85,0xdb,0x75,0x04,0x33,0xc0,0xeb,0x0e,
0x4d,0x8b,0xc3,0x48,0x8b,0xd3,0x48,0x8b,0xcf,0xe8,0x56,0xca,0xff,0xff,0x48,0x85,
0xc0,0x0f,0x94,0xc0,0x48,0x8b,0x5c,0x24,0x30,0x48,0x8b,0x74,0x24,0x38,0x48,0x83,
0xc4,0x20,0x5f,0xc3,0x48,0x89,0x5c,0x24,0x08,0x48,0x89,0x74,0x24,0x10,0x57,0x48,
0x83,0xec,0x20,0x45,0x33,0xc0,0x48,0x8b,0xf1,0xe8,0xd6,0xfc,0xff,0xff,0x48,0x8b,
0xd8,0x48,0x85,0xc0,0x74,0x4c,0x4c,0x8d,0x0d,0x8b,0x2f,0x00,0x00,0x48,0x8b,0xd3,
0x4c,0x8d,0x05,0x71,0x2f,0x00,0x00,0x48,0x8b,0xce,0xe8,0x25,0xff,0xff,0xff,0x40,
0x8a,0xf8,0x84,0xc0,0x74,0x1c,0x4c,0x8d,0x0d,0x7b,0x2f,0x00,0x00,0x48,0x8b,0xd3,
0x4c,0x8d,0x05,0x61,0x2f,0x00,0x00,0x48,0x8b,0xce,0xe8,0x05,0xff,0xff,0xff,0x40,
0x8a,0xf8,0x48,0x8b,0x05,0xf7,0x30,0x00,0x00,0x48,0x8b,0xcb,0xff,0x50,0x48,0x40,
0x8a,0xc7,0x48,0x8b,0x5c,0x24,0x30,0x48,0x8b,0x74,0x24,0x38,0x48,0x83,0xc4,0x20,
0x5f,0xc3,0xcc,0xcc,0x48,0x8b,0xc4,0x48,0x89,0x58,0x08,0x57,0x48,0x83,0xec,0x20,
0x48,0x83,0x60,0x18,0x00,0x4c,0x8d,0x48,0x18,0x4c,0x8d,0x40,0x10,0x48,0x8b,0xf9,
0x48,0x8b,0x05,0xe1,0x30,0x00,0x00,0x48,0x8b,0xd1,0x48,0x8b,0xc8,0xff,0x50,0x18,
0x48,0xb9,0x05,0x00,0x00,0x00,0x00,0x00,0x00,0x80,0x48,0x3b,0xc1,0x74,0x04,0x33,
0xc0,0xeb,0x41,0x48,0x8b,0x4c,0x24,0x40,0xe8,0x07,0xe2,0xff,0xff,0x48,0x8b,0xd8,
0x48,0x85,0xc0,0x74,0xea,0x4c,0x8b,0xc0,0x4c,0x8d,0x4c,0x24,0x40,0x48,0x8b,0x05,
0xa4,0x30,0x00,0x00,0x48,0x8b,0xd7,0x48,0x8b,0xc8,0xff,0x50,0x18,0x48,0x85,0xc0,
0x79,0x0f,0x48,0x8b,0x05,0x67,0x30,0x00,0x00,0x48,0x8b,0xcb,0xff,0x50,0x48,0xeb,
0xbe,0x48,0x8b,0xc3,0x48,0x8b,0x5c,0x24,0x30,0x48,0x83,0xc4,0x20,0x5f,0xc3,0xcc,
0x48,0x8b,0xc4,0x48,0x89,0x58,0x08,0x48,0x89,0x68,0x18,0x48,0x89,0x70,0x20,0x57,
0x41,0x54,0x41,0x55,0x41,0x56,0x41,0x57,0x48,0x83,0xec,0x30,0x33,0xdb,0x4d,0x8b,
0xe9,0x4d,0x8b,0xf8,0x4c,0x8b,0xe1,0x85,0xd2,0x0f,0x84,0xc5,0x00,0x00,0x00,0x4d,
0x85,0xc0,0x0f,0x84,0xbc,0x00,0x00,0x00,0x88,0x58,0x12,0x8b,0xfb,0x8b,0xf2,0x85,
0xd2,0x0f,0x84,0xa5,0x00,0x00,0x00,0x8d,0x6b,0x02,0x49,0xb8,0xff,0x03,0x7e,0x00,
0x00,0x00,0x7e,0x00,0x44,0x8d,0x73,0x01,0x42,0x8a,0x04,0x23,0x3c,0x25,0x75,0x73,
0x4c,0x3b,0xf6,0x0f,0x83,0x8b,0x00,0x00,0x00,0x48,0x3b,0xee,0x0f,0x83,0x82,0x00,
0x00,0x00,0x42,0x8a,0x54,0x23,0x01,0x8d,0x42,0xd0,0x3c,0x36,0x77,0x76,0x48,0x0f,
0xbe,0xc0,0x49,0x0f,0xa3,0xc0,0x73,0x6c,0x42,0x8a,0x4c,0x23,0x02,0x8d,0x41,0xd0,
0x3c,0x36,0x77,0x60,0x48,0x0f,0xbe,0xc0,0x49,0x0f,0xa3,0xc0,0x73,0x56,0x88,0x54,
0x24,0x68,0x4c,0x8d,0x44,0x24,0x20,0x88,0x4c,0x24,0x69,0x33,0xd2,0x48,0x8d,0x4c,
0x24,0x68,0xe8,0x59,0xcd,0xff,0xff,0x8a,0x44,0x24,0x20,0x48,0x83,0xc3,0x03,0x49,
0x83,0xc6,0x03,0x49,0xb8,0xff,0x03,0x7e,0x00,0x00,0x00,0x7e,0x00,0x48,0x83,0xc5,
0x03,0xeb,0x09,0x48,0xff,0xc3,0x49,0xff,0xc6,0x48,0xff,0xc5,0x42,0x88,0x04,0x3f,
0x48,0xff,0xc7,0x48,0x3b,0xde,0x0f,0x82,0x6c,0xff,0xff,0xff,0x41,0x89,0x7d,0x00,
0x33,0xc0,0xeb,0x0a,0x48,0xb8,0x02,0x00,0x00,0x00,0x00,0x00,0x00,0x80,0x48,0x8b,
0x5c,0x24,0x60,0x48,0x8b,0x6c,0x24,0x70,0x48,0x8b,0x74,0x24,0x78,0x48,0x83,0xc4,
0x30,0x41,0x5f,0x41,0x5e,0x41,0x5d,0x41,0x5c,0x5f,0xc3,0xcc,0x48,0x8b,0xc4,0x48,
0x89,0x58,0x08,0x48,0x89,0x68,0x10,0x48,0x89,0x70,0x18,0x48,0x89,0x78,0x20,0x41,
0x54,0x45,0x8b,0x50,0x0c,0x4d,0x8b,0xd8,0x41,0x8b,0x78,0x10,0x4c,0x03,0xd1,0x49,
0x03,0xfa,0x32,0xdb,0xf6,0xda,0x41,0xb9,0x08,0x00,0x00,0x00,0x48,0x8b,0xe9,0x41,
0x8b,0xf1,0x45,0x1b,0xc0,0x41,0x83,0xe0,0xfe,0x41,0x83,0xc0,0x0e,0x4c,0x3b,0xd7,
0x0f,0x83,0x0f,0x01,0x00,0x00,0x41,0x8d,0x51,0xf9,0x45,0x8d,0x61,0x08,0x41,0x80,
0x3a,0x20,0x77,0x1c,0x49,0x0f,0xbe,0x02,0x48,0xb9,0x00,0x24,0x00,0x00,0x01,0x00,
0x00,0x00,0x48,0x0f,0xa3,0xc1,0x73,0x08,0x41,0xb8,0x12,0x00,0x00,0x00,0xeb,0x67,
0x41,0x83,0xf8,0x0c,0x74,0x55,0x7e,0x5f,0x41,0x83,0xf8,0x0e,0x7e,0x2f,0x41,0x83,
0xf8,0x0f,0x74,0x10,0x41,0x8d,0x40,0xf0,0x3b,0xc2,0x77,0x4b,0x41,0xb8,0x11,0x00,
0x00,0x00,0xeb,0x43,0x41,0x80,0x3a,0x5d,0x0f,0xb6,0xdb,0x0f,0x44,0xda,0x41,0x80,
0x3a,0x3a,0x75,0x0f,0x84,0xdb,0x74,0x0b,0x45,0x8b,0xc4,0xeb,0x2a,0x41,0x80,0x3a,
0x5b,0x75,0x08,0x41,0xb8,0x0f,0x00,0x00,0x00,0xeb,0x1c,0x41,0x80,0x3a,0x3a,0x41,
0xb8,0x0e,0x00,0x00,0x00,0x45,0x0f,0x44,0xc4,0xeb,0x0c,0x41,0x80,0x3a,0x40,0x75,
0x06,0x41,0xb8,0x0d,0x00,0x00,0x00,0x41,0x8b,0xc8,0x83,0xe9,0x0c,0x74,0x34,0x2b,
0xca,0x74,0x66,0x2b,0xca,0x74,0x24,0x2b,0xca,0x74,0x20,0x2b,0xca,0x74,0x5a,0x2b,
0xca,0x74,0x10,0x3b,0xca,0x75,0x22,0x48,0xb8,0x02,0x00,0x00,0x00,0x00,0x00,0x00,
0x80,0xeb,0x54,0x41,0xb9,0x07,0x00,0x00,0x00,0xeb,0x0e,0x41,0xb9,0x06,0x00,0x00,
0x00,0xeb,0x06,0x41,0xb9,0x05,0x00,0x00,0x00,0x44,0x3b,0xce,0x75,0x0a,0x41,0x8b,
0xc1,0x41,0x01,0x54,0xc3,0x08,0xeb,0x21,0x41,0x0f,0xb7,0x03,0x41,0x8b,0xf1,0x44,
0x0f,0xab,0xc8,0x41,0x8b,0xc9,0x66,0x41,0x89,0x03,0x41,0x8b,0xc2,0x2b,0xc5,0x41,
0x89,0x44,0xcb,0x04,0x41,0x89,0x54,0xcb,0x08,0x4c,0x03,0xd2,0x4c,0x3b,0xd7,0x0f,
0x82,0xf9,0xfe,0xff,0xff,0x33,0xc0,0x48,0x8b,0x5c,0x24,0x10,0x48,0x8b,0x6c,0x24,
0x18,0x48,0x8b,0x74,0x24,0x20,0x48,0x8b,0x7c,0x24,0x28,0x41,0x5c,0xc3,0xcc,0xcc,
0x80,0xf9,0x20,0x77,0x14,0x49,0xb8,0x00,0x24,0x00,0x00,0x01,0x00,0x00,0x00,0x49,
0x0f,0xa3,0xc8,0x0f,0x82,0xac,0x00,0x00,0x00,0xb8,0x05,0x00,0x00,0x00,0x3b,0xd0,
0x7f,0x5f,0x83,0xfa,0x04,0x7d,0x4f,0x44,0x8b,0xc2,0x85,0xd2,0x74,0x32,0x41,0x83,
0xe8,0x01,0x74,0x21,0x41,0x83,0xe8,0x01,0x74,0x10,0x41,0x83,0xf8,0x01,0x75,0x7d,
0x80,0xf9,0x2f,0x75,0x78,0x41,0x8d,0x40,0x03,0xc3,0x80,0xf9,0x2f,0x75,0x6e,0xb8,
0x03,0x00,0x00,0x00,0xc3,0x80,0xf9,0x3a,0x75,0x63,0xb8,0x02,0x00,0x00,0x00,0xc3,
0x80,0xf9,0x2a,0x74,0x0b,0x80,0xf9,0x2f,0x74,0x06,0xb8,0x01,0x00,0x00,0x00,0xc3,
0xb8,0x07,0x00,0x00,0x00,0xc3,0x80,0xf9,0x40,0x75,0x50,0xb8,0x06,0x00,0x00,0x00,
0xc3,0x83,0xfa,0x06,0x74,0x3a,0x83,0xfa,0x07,0x74,0x22,0x7e,0x30,0x83,0xfa,0x09,
0x7e,0x10,0x41,0xb8,0x0a,0x00,0x00,0x00,0x41,0x3b,0xd0,0x75,0x20,0x41,0x8d,0x40,
0x01,0xc3,0x80,0xe9,0x23,0xf6,0xd9,0x1b,0xc0,0x83,0xc0,0x0a,0xc3,0x80,0xf9,0x3f,
0x74,0x23,0x80,0xf9,0x23,0x75,0x06,0xb8,0x0a,0x00,0x00,0x00,0xc3,0x8b,0xc2,0xc3,
0x80,0xf9,0x40,0x75,0x06,0xb8,0x12,0x00,0x00,0x00,0xc3,0x80,0xf9,0x2f,0x74,0xa0,
0x80,0xf9,0x3f,0x75,0x06,0xb8,0x08,0x00,0x00,0x00,0xc3,0x80,0xf9,0x23,0x41,0xb8,
0x0a,0x00,0x00,0x00,0x41,0x0f,0x44,0xc0,0xc3,0xcc,0xcc,0xcc,0x48,0x8b,0xc4,0x48,
0x89,0x58,0x08,0x48,0x89,0x68,0x10,0x48,0x89,0x70,0x18,0x48,0x89,0x78,0x20,0x41,
0x56,0x48,0x83,0xec,0x20,0x8b,0xda,0x4d,0x8b,0xf1,0x48,0x8b,0xf1,0x48,0x85,0xc9,
0x0f,0x84,0x36,0x01,0x00,0x00,0x85,0xd2,0x0f,0x84,0x2e,0x01,0x00,0x00,0x4d,0x85,
0xc9,0x0f,0x84,0x25,0x01,0x00,0x00,0xb9,0x44,0x00,0x00,0x00,0xe8,0x03,0xde,0xff,
0xff,0x48,0x8b,0xf8,0x48,0x85,0xc0,0x75,0x0f,0x48,0xb8,0x09,0x00,0x00,0x00,0x00,
0x00,0x00,0x80,0xe9,0x0e,0x01,0x00,0x00,0xbd,0x08,0x00,0x00,0x00,0x45,0x32,0xdb,
0x48,0x03,0xde,0x33,0xd2,0x44,0x8b,0xcd,0x48,0x3b,0xf3,0x4c,0x8b,0xd6,0x0f,0x83,
0xb4,0x00,0x00,0x00,0x41,0x8a,0x0a,0xe8,0x94,0xfe,0xff,0xff,0x8b,0xd0,0x83,0xf8,
0x08,0x7f,0x3b,0x0f,0x84,0x94,0x00,0x00,0x00,0x83,0xf8,0x01,0x74,0x2b,0x7e,0x5e,
0x83,0xf8,0x04,0x0f,0x8e,0x84,0x00,0x00,0x00,0x83,0xf8,0x05,0x74,0x13,0x83,0xf8,
0x06,0x74,0x0b,0x83,0xf8,0x07,0x75,0x46,0x44,0x8d,0x48,0xfb,0xeb,0x40,0x41,0xb3,
0x01,0x41,0xb9,0x01,0x00,0x00,0x00,0xeb,0x35,0x45,0x33,0xc9,0xeb,0x30,0x8b,0xc8,
0x83,0xe9,0x09,0x74,0x23,0x83,0xe9,0x01,0x74,0x53,0x83,0xe9,0x01,0x74,0x11,0x83,
0xf9,0x07,0x75,0x1a,0x48,0xbb,0x02,0x00,0x00,0x00,0x00,0x00,0x00,0x80,0xeb,0x63,
0x41,0xb9,0x04,0x00,0x00,0x00,0xeb,0x06,0x41,0xb9,0x03,0x00,0x00,0x00,0x44,0x3b,
0xcd,0x75,0x09,0x41,0x8b,0xc1,0xff,0x44,0xc7,0x08,0xeb,0x21,0x0f,0xb7,0x07,0x41,
0x8b,0xe9,0x44,0x0f,0xab,0xc8,0x41,0x8b,0xc9,0x66,0x89,0x07,0x41,0x8b,0xc2,0x2b,
0xc6,0x89,0x44,0xcf,0x04,0xc7,0x44,0xcf,0x08,0x01,0x00,0x00,0x00,0x49,0xff,0xc2,
0x4c,0x3b,0xd3,0xe9,0x46,0xff,0xff,0xff,0xf6,0x07,0x02,0x74,0x28,0x4c,0x8b,0xc7,
0x41,0x8a,0xd3,0x48,0x8b,0xce,0xe8,0x61,0xfc,0xff,0xff,0x48,0x8b,0xd8,0x48,0x85,
0xc0,0x79,0x12,0x48,0x8b,0x15,0x86,0x2b,0x00,0x00,0x48,0x8b,0xcf,0xff,0x52,0x48,
0x48,0x8b,0xc3,0xeb,0x11,0x49,0x89,0x3e,0x33,0xc0,0xeb,0x0a,0x48,0xb8,0x02,0x00,
0x00,0x00,0x00,0x00,0x00,0x80,0x48,0x8b,0x5c,0x24,0x30,0x48,0x8b,0x6c,0x24,0x38,
0x48,0x8b,0x74,0x24,0x40,0x48,0x8b,0x7c,0x24,0x48,0x48,0x83,0xc4,0x20,0x41,0x5e,
0xc3,0xcc,0xcc,0xcc,0x48,0x89,0x5c,0x24,0x08,0x48,0x89,0x6c,0x24,0x18,0x48,0x89,
0x74,0x24,0x20,0x57,0x48,0x83,0xec,0x20,0x49,0x8b,0xf0,0x48,0x8b,0xda,0x48,0x8b,
0xe9,0x48,0x85,0xd2,0x0f,0x84,0x81,0x00,0x00,0x00,0x4d,0x85,0xc0,0x74,0x7c,0xf6,
0x02,0x40,0x75,0x0c,0x48,0xb8,0x0e,0x00,0x00,0x00,0x00,0x00,0x00,0x80,0xeb,0x75,
0x8b,0x52,0x38,0xff,0xc2,0xe8,0x42,0xdc,0xff,0xff,0x48,0x8b,0xf8,0x48,0x85,0xc0,
0x75,0x0c,0x48,0xb8,0x09,0x00,0x00,0x00,0x00,0x00,0x00,0x80,0xeb,0x57,0x8b,0x4b,
0x34,0x48,0x03,0xcd,0x74,0x15,0x8b,0x53,0x38,0x4c,0x8d,0x4c,0x24,0x38,0x4c,0x8b,
0xc7,0xe8,0x8a,0xfa,0xff,0xff,0x48,0x8b,0xd8,0xeb,0x0a,0x48,0xbb,0x02,0x00,0x00,
0x00,0x00,0x00,0x00,0x80,0x48,0x85,0xdb,0x79,0x12,0x48,0x8b,0x05,0xbf,0x2a,0x00,
0x00,0x48,0x8b,0xcf,0xff,0x50,0x48,0x48,0x8b,0xc3,0xeb,0x19,0x8b,0x44,0x24,0x38,
0x48,0x89,0x3e,0xc6,0x04,0x38,0x00,0x33,0xc0,0xeb,0x0a,0x48,0xb8,0x02,0x00,0x00,
0x00,0x00,0x00,0x00,0x80,0x48,0x8b,0x5c,0x24,0x30,0x48,0x8b,0x6c,0x24,0x40,0x48,
0x8b,0x74,0x24,0x48,0x48,0x83,0xc4,0x20,0x5f,0xc3,0xcc,0xcc,0x48,0x89,0x5c,0x24,
0x08,0x48,0x89,0x6c,0x24,0x18,0x56,0x57,0x41,0x56,0x48,0x83,0xec,0x20,0x33,0xff,
0x4d,0x8b,0xf0,0x48,0x85,0xd2,0x0f,0x84,0xde,0x00,0x00,0x00,0x4d,0x85,0xc0,0x0f,
0x84,0xd5,0x00,0x00,0x00,0xf6,0x02,0x40,0x75,0x0f,0x48,0xb8,0x0e,0x00,0x00,0x00,
0x00,0x00,0x00,0x80,0xe9,0xcb,0x00,0x00,0x00,0x8b,0x6a,0x38,0x83,0xfd,0x02,0x0f,
0x82,0xb5,0x00,0x00,0x00,0x8b,0x5a,0x34,0x48,0x03,0xd9,0x80,0x3b,0x5b,0x0f,0x85,
0xa6,0x00,0x00,0x00,0x8d,0x45,0xff,0x80,0x3c,0x18,0x5d,0x0f,0x85,0x99,0x00,0x00,
0x00,0x8b,0xd5,0xe8,0x54,0xdb,0xff,0xff,0x48,0x8b,0xf0,0x48,0x85,0xc0,0x75,0x0f,
0x48,0xb8,0x09,0x00,0x00,0x00,0x00,0x00,0x00,0x80,0xe9,0x85,0x00,0x00,0x00,0x48,
0x8d,0x4b,0x01,0x48,0xbb,0x02,0x00,0x00,0x00,0x00,0x00,0x00,0x80,0x48,0x85,0xc9,
0x74,0x15,0x8d,0x55,0xfe,0x4c,0x8b,0xc6,0x4c,0x8d,0x4c,0x24,0x48,0xe8,0x8e,0xf9,
0xff,0xff,0x48,0x8b,0xe8,0xeb,0x03,0x48,0x8b,0xeb,0x48,0x8b,0xce,0x48,0x85,0xed,
0x79,0x0f,0x48,0x8b,0x05,0xc7,0x29,0x00,0x00,0xff,0x50,0x48,0x48,0x8b,0xc5,0xeb,
0x43,0x8b,0x44,0x24,0x48,0x48,0x8d,0x54,0x24,0x48,0x4d,0x8b,0xc6,0x40,0x88,0x3c,
0x30,0xe8,0x86,0xc9,0xff,0xff,0x48,0x85,0xc0,0x78,0x0a,0x48,0x8b,0x44,0x24,0x48,
0x40,0x38,0x38,0x74,0x03,0x48,0x8b,0xfb,0x48,0x8b,0x15,0x91,0x29,0x00,0x00,0x48,
0x8b,0xce,0xff,0x52,0x48,0x48,0x8b,0xc7,0xeb,0x0a,0x48,0xb8,0x02,0x00,0x00,0x00,
0x00,0x00,0x00,0x80,0x48,0x8b,0x5c,0x24,0x40,0x48,0x8b,0x6c,0x24,0x50,0x48,0x83,
0xc4,0x20,0x41,0x5e,0x5f,0x5e,0xc3,0xcc,0x48,0x89,0x5c,0x24,0x10,0x48,0x89,0x6c,
0x24,0x18,0x56,0x57,0x41,0x54,0x41,0x56,0x41,0x57,0x48,0x83,0xec,0x20,0x45,0x33,
0xe4,0x4d,0x8b,0xf0,0x48,0x8b,0xf2,0x4c,0x8b,0xf9,0x48,0x85,0xc9,0x0f,0x84,0xe1,
0x00,0x00,0x00,0x48,0x85,0xd2,0x0f,0x84,0xd8,0x00,0x00,0x00,0x4d,0x85,0xc0,0x0f,
0x84,0xcf,0x00,0x00,0x00,0x66,0x45,0x89,0x20,0xf6,0x02,0x80,0x75,0x0f,0x48,0xb8,
0x0e,0x00,0x00,0x00,0x00,0x00,0x00,0x80,0xe9,0xc1,0x00,0x00,0x00,0x8b,0x52,0x40,
0xff,0xc2,0xe8,0x45,0xda,0xff,0xff,0x48,0x8b,0xe8,0x48,0x85,0xc0,0x75,0x0f,0x48,
0xb8,0x09,0x00,0x00,0x00,0x00,0x00,0x00,0x80,0xe9,0xa0,0x00,0x00,0x00,0x8b,0x4e,
0x3c,0x48,0xbf,0x02,0x00,0x00,0x00,0x00,0x00,0x00,0x80,0x49,0x03,0xcf,0x74,0x15,
0x8b,0x56,0x40,0x4c,0x8d,0x4c,0x24,0x50,0x4c,0x8b,0xc5,0xe8,0x80,0xf8,0xff,0xff,
0x48,0x8b,0xd8,0xeb,0x03,0x48,0x8b,0xdf,0x48,0x85,0xdb,0x78,0x50,0x8b,0x54,0x24,
0x50,0x44,0x88,0x24,0x2a,0x48,0x85,0xd2,0x74,0x1d,0x4c,0x8b,0xc5,0x48,0x8b,0xcd,
0x49,0xf7,0xd8,0x8a,0x01,0x2c,0x30,0x3c,0x09,0x77,0x44,0x48,0xff,0xc1,0x49,0x8d,
0x04,0x08,0x48,0x3b,0xc2,0x72,0xec,0x8b,0x4e,0x3c,0x4c,0x8d,0x44,0x24,0x50,0x49,
0x03,0xcf,0x33,0xd2,0xe8,0x7b,0xc5,0xff,0xff,0x48,0x8b,0xd8,0x48,0x8b,0x44,0x24,
0x50,0x48,0x3d,0xff,0xff,0x00,0x00,0x77,0x16,0x66,0x41,0x89,0x06,0x48,0x8b,0x05,
0x6c,0x28,0x00,0x00,0x48,0x8b,0xcd,0xff,0x50,0x48,0x48,0x8b,0xc3,0xeb,0x0f,0x48,
0x8b,0xdf,0xeb,0xe9,0x48,0xb8,0x02,0x00,0x00,0x00,0x00,0x00,0x00,0x80,0x48,0x8b,
0x5c,0x24,0x58,0x48,0x8b,0x6c,0x24,0x60,0x48,0x83,0xc4,0x20,0x41,0x5f,0x41,0x5e,
0x41,0x5c,0x5f,0x5e,0xc3,0xcc,0xcc,0xcc,0x48,0x89,0x5c,0x24,0x08,0x48,0x89,0x6c,
0x24,0x18,0x48,0x89,0x74,0x24,0x20,0x57,0x48,0x83,0xec,0x20,0x49,0x8b,0xf0,0x48,
0x8b,0xda,0x48,0x8b,0xe9,0x48,0x85,0xd2,0x0f,0x84,0x81,0x00,0x00,0x00,0x4d,0x85,
0xc0,0x74,0x7c,0xf6,0x02,0x04,0x75,0x0c,0x48,0xb8,0x0e,0x00,0x00,0x00,0x00,0x00,
0x00,0x80,0xeb,0x75,0x8b,0x52,0x18,0xff,0xc2,0xe8,0x2e,0xd9,0xff,0xff,0x48,0x8b,
0xf8,0x48,0x85,0xc0,0x75,0x0c,0x48,0xb8,0x09,0x00,0x00,0x00,0x00,0x00,0x00,0x80,
0xeb,0x57,0x8b,0x4b,0x14,0x48,0x03,0xcd,0x74,0x15,0x8b,0x53,0x18,0x4c,0x8d,0x4c,
0x24,0x38,0x4c,0x8b,0xc7,0xe8,0x76,0xf7,0xff,0xff,0x48,0x8b,0xd8,0xeb,0x0a,0x48,
0xbb,0x02,0x00,0x00,0x00,0x00,0x00,0x00,0x80,0x48,0x85,0xdb,0x79,0x12,0x48,0x8b,
0x05,0xab,0x27,0x00,0x00,0x48,0x8b,0xcf,0xff,0x50,0x48,0x48,0x8b,0xc3,0xeb,0x19,
0x8b,0x44,0x24,0x38,0x48,0x89,0x3e,0xc6,0x04,0x38,0x00,0x33,0xc0,0xeb,0x0a,0x48,
0xb8,0x02,0x00,0x00,0x00,0x00,0x00,0x00,0x80,0x48,0x8b,0x5c,0x24,0x30,0x48,0x8b,
0x6c,0x24,0x40,0x48,0x8b,0x74,0x24,0x48,0x48,0x83,0xc4,0x20,0x5f,0xc3,0xcc,0xcc,
0x48,0x89,0x5c,0x24,0x08,0x48,0x89,0x6c,0x24,0x10,0x48,0x89,0x74,0x24,0x18,0x57,
0x48,0x83,0xec,0x20,0x49,0x8b,0xe8,0x48,0x8b,0xda,0x48,0x8b,0xf1,0x48,0x85,0xc9,
0x74,0x2d,0x48,0x85,0xd2,0x74,0x28,0x4d,0x85,0xc0,0x74,0x23,0x33,0xff,0x48,0x85,
0xc9,0x74,0x1c,0x48,0x8b,0x0b,0x48,0x8b,0xd5,0xe8,0xca,0xc0,0xff,0xff,0x48,0x85,
0xc0,0x74,0x23,0x48,0xff,0xc7,0x48,0x83,0xc3,0x10,0x48,0x3b,0xfe,0x72,0xe4,0x33,
0xc0,0x48,0x8b,0x5c,0x24,0x30,0x48,0x8b,0x6c,0x24,0x38,0x48,0x8b,0x74,0x24,0x40,
0x48,0x83,0xc4,0x20,0x5f,0xc3,0x48,0x8b,0xc3,0xeb,0xe6,0xcc,0x48,0x89,0x5c,0x24,
0x08,0x48,0x89,0x6c,0x24,0x10,0x48,0x89,0x74,0x24,0x18,0x57,0x41,0x56,0x41,0x57,
0x48,0x83,0xec,0x20,0x49,0x8b,0xe9,0x4d,0x8b,0xf8,0x8b,0xfa,0x44,0x8b,0xf1,0x4d,
0x85,0xc0,0x74,0x14,0x4d,0x85,0xc9,0x75,0x0f,0x48,0xb8,0x02,0x00,0x00,0x00,0x00,
0x00,0x00,0x80,0xe9,0xd2,0x00,0x00,0x00,0x48,0x8b,0x74,0x24,0x70,0x48,0x85,0xf6,
0x74,0xe7,0xb9,0x40,0x00,0x00,0x00,0xe8,0x28,0xd8,0xff,0xff,0x48,0x8b,0xd8,0x48,
0x85,0xc0,0x75,0x0f,0x48,0xb8,0x09,0x00,0x00,0x00,0x00,0x00,0x00,0x80,0xe9,0xa7,
0x00,0x00,0x00,0x83,0x60,0x28,0x00,0x41,0x83,0xfe,0x05,0x75,0x04,0xb0,0x01,0xeb,
0x11,0x83,0xff,0x0e,0x77,0x0a,0xb8,0x86,0x40,0x00,0x00,0x0f,0xa3,0xf8,0x72,0xed,
0x32,0xc0,0x4c,0x8d,0x05,0xf7,0x24,0x00,0x00,0x88,0x03,0x48,0x8b,0xd5,0x49,0x8b,
0xcf,0xe8,0xfa,0xfe,0xff,0xff,0x48,0x85,0xc0,0x74,0x16,0x48,0x8b,0x48,0x08,0x48,
0x8d,0x15,0xf2,0x24,0x00,0x00,0xe8,0xed,0xbf,0xff,0xff,0x48,0x85,0xc0,0x0f,0x95,
0xc0,0x4c,0x8d,0x05,0x28,0x16,0x00,0x00,0x88,0x43,0x01,0x48,0x8b,0xd5,0x49,0x8b,
0xcf,0xe8,0xca,0xfe,0xff,0xff,0x48,0x85,0xc0,0x74,0x18,0x48,0x8b,0x48,0x08,0x4c,
0x8d,0x43,0x08,0x33,0xd2,0xe8,0x1a,0xc3,0xff,0xff,0x48,0x85,0xc0,0x78,0x04,0xc6,
0x43,0x02,0x01,0x80,0x3b,0x00,0x74,0x09,0xc7,0x43,0x28,0x0c,0x00,0x00,0x00,0xeb,
0x14,0x48,0x8d,0x05,0xd0,0x9d,0xff,0xff,0x48,0x89,0x43,0x10,0x48,0x8b,0x44,0x24,
0x68,0x48,0x89,0x43,0x18,0x48,0x89,0x1e,0x33,0xc0,0x48,0x8b,0x5c,0x24,0x40,0x48,
0x8b,0x6c,0x24,0x48,0x48,0x8b,0x74,0x24,0x50,0x48,0x83,0xc4,0x20,0x41,0x5f,0x41,
0x5e,0x5f,0xc3,0xcc,0x48,0x8b,0xc4,0x48,0x89,0x58,0x08,0x48,0x89,0x70,0x10,0x48,
0x89,0x78,0x18,0x4c,0x89,0x60,0x20,0x41,0x55,0x41,0x56,0x41,0x57,0x48,0x83,0xec,
0x20,0x33,0xf6,0x4d,0x8b,0xf8,0x4c,0x8b,0xe2,0x48,0x8b,0xd9,0x48,0x85,0xd2,0x0f,
0x84,0x12,0x03,0x00,0x00,0x4d,0x85,0xc0,0x0f,0x84,0x09,0x03,0x00,0x00,0x48,0x85,
0xc9,0x0f,0x84,0x00,0x03,0x00,0x00,0x40,0x38,0x31,0x74,0x2f,0x48,0x8b,0x41,0x10,
0xc7,0x41,0x28,0x0c,0x00,0x00,0x00,0x48,0x85,0xc0,0x74,0x18,0x4c,0x8b,0x49,0x18,
0x45,0x33,0xc0,0x8d,0x4e,0x01,0x49,0x8b,0xd7,0xff,0xd0,0x48,0x85,0xc0,0x0f,0x88,
0xdd,0x02,0x00,0x00,0x33,0xc0,0xe9,0xd6,0x02,0x00,0x00,0x39,0x71,0x28,0x75,0x12,
0x8a,0x41,0x01,0x48,0x89,0x71,0x20,0xf6,0xd8,0x1b,0xc9,0xf7,0xd9,0xff,0xc1,0x89,
0x4b,0x28,0x4e,0x8d,0x2c,0x02,0x49,0x8b,0xff,0x4d,0x3b,0xfd,0x41,0xbe,0x0d,0x00,
0x00,0x00,0x0f,0x83,0x88,0x02,0x00,0x00,0x8b,0x4b,0x28,0xba,0x08,0x00,0x00,0x00,
0x83,0xf9,0x07,0x0f,0x8f,0x0f,0x02,0x00,0x00,0x0f,0x84,0xfb,0x01,0x00,0x00,0x83,
0xe9,0x01,0x0f,0x84,0x6a,0x01,0x00,0x00,0x83,0xe9,0x01,0x0f,0x84,0xca,0x00,0x00,
0x00,0x83,0xe9,0x01,0x0f,0x84,0xcc,0x00,0x00,0x00,0x83,0xe9,0x01,0x0f,0x84,0x86,
0x00,0x00,0x00,0x83,0xe9,0x01,0x74,0x6c,0x83,0xf9,0x01,0x0f,0x85,0x37,0x02,0x00,
0x00,0x48,0x8b,0x43,0x30,0x4d,0x8b,0xf4,0x48,0x2b,0x43,0x38,0x4c,0x2b,0xf7,0x4d,
0x03,0xf7,0x49,0x3b,0xc6,0x4c,0x0f,0x42,0xf0,0x48,0x8b,0x43,0x10,0x48,0x85,0xc0,
0x74,0x17,0x4c,0x8b,0x4b,0x18,0x4d,0x8b,0xc6,0x48,0x8b,0xd7,0x33,0xc9,0xff,0xd0,
0x48,0x85,0xc0,0x0f,0x88,0x28,0x02,0x00,0x00,0x4c,0x01,0x73,0x38,0x49,0x03,0xfe,
0x4c,0x01,0x73,0x08,0x41,0xbe,0x0d,0x00,0x00,0x00,0x48,0x8b,0x43,0x38,0x48,0x3b,
0x43,0x30,0x0f,0x85,0xe0,0x01,0x00,0x00,0xc7,0x43,0x28,0x07,0x00,0x00,0x00,0xe9,
0xd4,0x01,0x00,0x00,0x44,0x38,0x37,0x0f,0x85,0xc8,0x01,0x00,0x00,0xc7,0x43,0x28,
0x04,0x00,0x00,0x00,0xe9,0xbc,0x01,0x00,0x00,0x80,0x3f,0x0a,0x0f,0x85,0xb7,0x00,
0x00,0x00,0x48,0xff,0xc7,0x48,0x39,0x73,0x30,0x75,0x10,0xc6,0x43,0x02,0x01,0xc7,
0x43,0x28,0x0a,0x00,0x00,0x00,0xe9,0x9d,0x01,0x00,0x00,0xc7,0x43,0x28,0x06,0x00,
0x00,0x00,0x48,0x89,0x73,0x38,0xe9,0x8d,0x01,0x00,0x00,0x48,0x89,0x73,0x30,0xc7,
0x43,0x28,0x03,0x00,0x00,0x00,0x8a,0x07,0x2c,0x30,0x3c,0x36,0x77,0x61,0x48,0x0f,
0xbe,0xc0,0x48,0xb9,0xff,0x03,0x7e,0x00,0x00,0x00,0x7e,0x00,0x48,0x0f,0xa3,0xc1,
0x73,0x4d,0x48,0x8b,0x4b,0x30,0x48,0xb8,0xfe,0xff,0xff,0xff,0xff,0xff,0xff,0x0f,
0x48,0x3b,0xc8,0x0f,0x87,0x6e,0x01,0x00,0x00,0x8a,0x07,0x2c,0x30,0x3c,0x09,0x77,
0x08,0x0f,0xbe,0x07,0x83,0xe8,0x30,0xeb,0x14,0x8a,0x07,0x2c,0x61,0x3c,0x19,0x0f,
0xbe,0x07,0x77,0x03,0x83,0xe8,0x20,0x0f,0xbe,0xc0,0x83,0xe8,0x37,0x48,0xc1,0xe1,
0x04,0x48,0x98,0x48,0x03,0xc8,0x48,0x89,0x4b,0x30,0xe9,0x16,0x01,0x00,0x00,0x80,
0x3f,0x3b,0x75,0x0c,0xc7,0x43,0x28,0x05,0x00,0x00,0x00,0xe9,0x05,0x01,0x00,0x00,
0x44,0x38,0x37,0x0f,0x84,0x34,0xff,0xff,0xff,0x44,0x89,0x73,0x28,0xe9,0xf6,0x00,
0x00,0x00,0x48,0x8b,0x43,0x10,0x48,0x85,0xc0,0x74,0x23,0x4c,0x8b,0x43,0x08,0x48,
0x8b,0xd7,0x4c,0x2b,0x43,0x20,0x4c,0x8b,0x4b,0x18,0x4d,0x3b,0xe0,0x4d,0x0f,0x42,
0xc4,0x33,0xc9,0xff,0xd0,0x48,0x85,0xc0,0x0f,0x88,0xf3,0x00,0x00,0x00,0x48,0x8b,
0x53,0x08,0x48,0x8b,0xca,0x48,0x2b,0x4b,0x20,0x4c,0x3b,0xe1,0x48,0x8b,0xc1,0x49,
0x0f,0x42,0xc4,0x48,0x03,0xf8,0x4c,0x3b,0xe1,0x49,0x0f,0x42,0xcc,0x48,0x01,0x4b,
0x20,0x48,0x39,0x53,0x20,0x0f,0x85,0x9d,0x00,0x00,0x00,0x48,0x8b,0x43,0x10,0xc7,
0x43,0x28,0x0c,0x00,0x00,0x00,0x48,0x85,0xc0,0x0f,0x84,0x89,0x00,0x00,0x00,0x4c,
0x8b,0x4b,0x18,0x45,0x33,0xc0,0x48,0x8b,0xd7,0x41,0x8d,0x48,0x01,0xff,0xd0,0x48,
0x85,0xc0,0x0f,0x88,0x99,0x00,0x00,0x00,0xeb,0x6e,0x44,0x38,0x37,0x41,0x8b,0xc6,
0x0f,0x44,0xc2,0x89,0x43,0x28,0xeb,0x5d,0x2b,0xca,0x74,0x49,0x83,0xe9,0x01,0x0f,
0x84,0x7f,0xfe,0xff,0xff,0x83,0xe9,0x01,0x74,0x24,0x83,0xe9,0x01,0x74,0x11,0x83,
0xf9,0x02,0x75,0x44,0x48,0xb8,0x15,0x00,0x00,0x00,0x00,0x00,0x00,0x80,0xeb,0x61,
0x80,0x3f,0x0a,0x0f,0x85,0x30,0xff,0xff,0xff,0x48,0xff,0xc7,0xeb,0x8d,0x44,0x38,
0x37,0x75,0x09,0xc7,0x43,0x28,0x0b,0x00,0x00,0x00,0xeb,0x19,0xc7,0x43,0x28,0x09,
0x00,0x00,0x00,0xeb,0x13,0x80,0x3f,0x0a,0x0f,0x85,0x0b,0xff,0xff,0xff,0xc7,0x43,
0x28,0x02,0x00,0x00,0x00,0x48,0xff,0xc7,0x49,0x3b,0xfd,0xe9,0x72,0xfd,0xff,0xff,
0x44,0x39,0x73,0x28,0x48,0xb8,0x15,0x00,0x00,0x00,0x00,0x00,0x00,0x80,0x48,0x0f,
0x44,0xf0,0x48,0x8b,0xc6,0xeb,0x0a,0x48,0xb8,0x02,0x00,0x00,0x00,0x00,0x00,0x00,
0x80,0x48,0x8b,0x5c,0x24,0x40,0x48,0x8b,0x74,0x24,0x48,0x48,0x8b,0x7c,0x24,0x50,
0x4c,0x8b,0x64,0x24,0x58,0x48,0x83,0xc4,0x20,0x41,0x5f,0x41,0x5e,0x41,0x5d,0xc3,
0x4c,0x8b,0xdc,0x49,0x89,0x5b,0x08,0x49,0x89,0x73,0x10,0x57,0x48,0x83,0xec,0x30,
0x48,0x63,0xd9,0x48,0x8d,0x05,0xce,0x21,0x00,0x00,0x4d,0x8d,0x4b,0x20,0x48,0x8b,
0xf2,0x4d,0x8d,0x43,0xe8,0x48,0x8b,0x0c,0xd8,0xe8,0x96,0xd8,0xff,0xff,0x33,0xff,
0x48,0x89,0x7c,0x24,0x50,0x83,0xfb,0x02,0x75,0x19,0x45,0x33,0xc9,0x4c,0x8d,0x44,
0x24,0x50,0x48,0x8d,0x0d,0x77,0x21,0x00,0x00,0xe8,0x76,0xd8,0xff,0xff,0x48,0x8b,
0x7c,0x24,0x50,0x48,0x8b,0x54,0x24,0x58,0x45,0x33,0xc0,0x4c,0x8b,0x4c,0x24,0x20,
0x33,0xdb,0x48,0xd1,0xea,0x48,0x85,0xff,0x41,0x0f,0x95,0xc0,0x4c,0x03,0xc2,0x74,
0x33,0x33,0xc9,0x48,0x85,0xd2,0x74,0x12,0x41,0x0f,0xb7,0x04,0x49,0x48,0x3b,0xd8,
0x74,0x08,0x48,0xff,0xc1,0x48,0x3b,0xca,0x72,0xee,0x48,0x3b,0xca,0x75,0x0d,0x48,
0x85,0xff,0x74,0x10,0x0f,0xb7,0x07,0x48,0x3b,0xd8,0x75,0x08,0x48,0xff,0xc3,0x49,
0x3b,0xd8,0x72,0xcd,0x4d,0x85,0xc9,0x74,0x0d,0x48,0x8b,0x05,0xc0,0x21,0x00,0x00,
0x49,0x8b,0xc9,0xff,0x50,0x48,0x48,0x85,0xff,0x74,0x0d,0x48,0x8b,0x05,0xae,0x21,
0x00,0x00,0x48,0x8b,0xcf,0xff,0x50,0x48,0x48,0x81,0xfb,0x00,0x00,0x01,0x00,0x75,
0x0c,0x48,0xb8,0x09,0x00,0x00,0x00,0x00,0x00,0x00,0x80,0xeb,0x05,0x66,0x89,0x1e,
0x33,0xc0,0x48,0x8b,0x5c,0x24,0x40,0x48,0x8b,0x74,0x24,0x48,0x48,0x83,0xc4,0x30,
0x5f,0xc3,0xcc,0xcc,0x48,0x8b,0xc4,0x48,0x89,0x58,0x18,0x55,0x56,0x57,0x41,0x56,
0x41,0x57,0x48,0x83,0xec,0x60,0x48,0x81,0x39,0x00,0x00,0x01,0x00,0x48,0x8b,0xd9,
0x0f,0x84,0xc3,0x01,0x00,0x00,0x48,0x8b,0x49,0x18,0x45,0x33,0xff,0x48,0x85,0xc9,
0x0f,0x84,0xb3,0x01,0x00,0x00,0x83,0x7b,0x08,0x04,0x0f,0x83,0xa9,0x01,0x00,0x00,
0x4c,0x39,0x7b,0x10,0x48,0x8d,0x78,0x08,0x66,0x44,0x89,0x78,0x08,0x41,0x8b,0xf7,
0x48,0x0f,0x45,0x7b,0x10,0x48,0x8b,0xc7,0x66,0x44,0x39,0x3f,0x74,0x0d,0x48,0x8d,
0x40,0x02,0x48,0xff,0xc6,0x66,0x44,0x39,0x38,0x75,0xf3,0xe8,0x80,0xd3,0xff,0xff,
0x48,0x8d,0x76,0x04,0x48,0x8d,0x2c,0x70,0x8b,0x43,0x28,0x48,0x03,0xe8,0x48,0x8b,
0xd5,0xe8,0x36,0xd2,0xff,0xff,0x8b,0x4b,0x0c,0x4c,0x8b,0xf0,0x89,0x08,0x48,0x8d,
0x70,0x04,0x48,0x8b,0x4b,0x18,0xe8,0x55,0xd3,0xff,0xff,0x66,0x89,0x06,0x48,0x8b,
0xcf,0x48,0x83,0xc6,0x02,0x49,0x8b,0xd7,0x66,0x44,0x39,0x3f,0x74,0x0d,0x48,0x8d,
0x49,0x02,0x48,0xff,0xc2,0x66,0x44,0x39,0x39,0x75,0xf3,0x4c,0x8d,0x04,0x55,0x02,
0x00,0x00,0x00,0x4d,0x85,0xc0,0x74,0x10,0x48,0x3b,0xf7,0x74,0x0b,0x48,0x8b,0xd7,
0x48,0x8b,0xce,0xe8,0xa8,0x4c,0xff,0xff,0x49,0x8b,0xc7,0xeb,0x07,0x48,0x8d,0x7f,
0x02,0x48,0xff,0xc0,0x66,0x44,0x39,0x3f,0x75,0xf3,0x48,0x8b,0x4b,0x18,0x48,0x8d,
0x40,0x01,0x48,0x8d,0x3c,0x46,0xe8,0xf5,0xd2,0xff,0xff,0x48,0x85,0xc0,0x74,0x15,
0x48,0x3b,0x7b,0x18,0x74,0x0f,0x48,0x8b,0x53,0x18,0x4c,0x8b,0xc0,0x48,0x8b,0xcf,
0xe8,0x6b,0x4c,0xff,0xff,0x48,0x8b,0x4b,0x18,0xe8,0xd2,0xd2,0xff,0xff,0x44,0x8b,
0x43,0x28,0x48,0x03,0xf8,0x48,0x8b,0x53,0x20,0x4d,0x85,0xc0,0x74,0x0d,0x48,0x3b,
0xfa,0x74,0x08,0x48,0x8b,0xcf,0xe8,0x45,0x4c,0xff,0xff,0x4c,0x63,0x4b,0x08,0x48,
0x8d,0x0d,0xd2,0x1f,0x00,0x00,0x48,0x8b,0x03,0x4c,0x8d,0x05,0x98,0x1f,0x00,0x00,
0xba,0x2a,0x00,0x00,0x00,0x48,0x89,0x44,0x24,0x20,0x4e,0x8b,0x0c,0xc9,0x48,0x8d,
0x4c,0x24,0x30,0xe8,0xd4,0xc1,0xff,0xff,0x83,0x7b,0x08,0x03,0x41,0xb8,0x07,0x00,
0x00,0x00,0x75,0x42,0x48,0x8b,0x05,0x05,0x20,0x00,0x00,0x4c,0x8d,0x84,0x24,0x98,
0x00,0x00,0x00,0x33,0xd2,0x48,0x8d,0x0d,0x2c,0x06,0x00,0x00,0xff,0x90,0x40,0x01,
0x00,0x00,0x48,0x85,0xc0,0x78,0x19,0x48,0x8b,0x84,0x24,0x98,0x00,0x00,0x00,0x4c,
0x8d,0x05,0xd2,0x05,0x00,0x00,0x48,0x8d,0x54,0x24,0x30,0x48,0x8b,0xc8,0xff,0x10,
0x41,0xb8,0x06,0x00,0x00,0x00,0x48,0x8b,0x05,0xd3,0x1f,0x00,0x00,0x48,0x8d,0x15,
0xb4,0x05,0x00,0x00,0x4c,0x8b,0xcd,0x4c,0x89,0x74,0x24,0x20,0x48,0x8d,0x4c,0x24,
0x30,0xff,0x50,0x58,0x48,0x8b,0x15,0xa5,0x1f,0x00,0x00,0x49,0x8b,0xce,0x48,0x8b,
0xd8,0xff,0x52,0x48,0x48,0x8b,0xc3,0xeb,0x0a,0x48,0xb8,0x02,0x00,0x00,0x00,0x00,
0x00,0x00,0x80,0x48,0x8b,0x9c,0x24,0xa0,0x00,0x00,0x00,0x48,0x83,0xc4,0x60,0x41,
0x5f,0x41,0x5e,0x5f,0x5e,0x5d,0xc3,0xcc,0x48,0x8b,0xc4,0x48,0x89,0x58,0x08,0x4c,
0x89,0x40,0x18,0x55,0x56,0x57,0x41,0x54,0x41,0x55,0x41,0x56,0x41,0x57,0x48,0x83,
0xec,0x30,0x4c,0x8d,0x48,0x18,0x44,0x0f,0xb7,0xe2,0x4c,0x8d,0x40,0x20,0x4c,0x8b,
0xe9,0xe8,0x9e,0xd5,0xff,0xff,0x48,0x8b,0xac,0x24,0x80,0x00,0x00,0x00,0x33,0xc0,
0x48,0x8b,0x9c,0x24,0x88,0x00,0x00,0x00,0x4c,0x8b,0xf5,0x49,0xd1,0xee,0x74,0x13,
0x66,0x44,0x39,0x24,0x43,0x0f,0x84,0xb7,0x00,0x00,0x00,0x48,0xff,0xc0,0x49,0x3b,
0xc6,0x72,0xed,0x4c,0x8d,0x7d,0x02,0x49,0x8b,0xd7,0xe8,0x4d,0xd0,0xff,0xff,0x48,
0x8b,0xf0,0x48,0x85,0xed,0x74,0x3a,0x4b,0x8d,0x3c,0x36,0x48,0x85,0xff,0x74,0x13,
0x48,0x3b,0xc3,0x74,0x0e,0x4c,0x8b,0xc7,0x48,0x8b,0xd3,0x48,0x8b,0xc8,0xe8,0xed,
0x4a,0xff,0xff,0x48,0x8d,0x4f,0x02,0x48,0x8d,0x0c,0x31,0x48,0x8d,0x14,0x1f,0x48,
0x2b,0xef,0x74,0x0d,0x48,0x3b,0xca,0x74,0x08,0x4c,0x8b,0xc5,0xe8,0xcf,0x4a,0xff,
0xff,0x48,0x8b,0x05,0xd8,0x1e,0x00,0x00,0x48,0x8d,0x15,0xb9,0x04,0x00,0x00,0x4d,
0x8b,0xcf,0x66,0x46,0x89,0x24,0x76,0x41,0xb8,0x07,0x00,0x00,0x00,0x48,0x89,0x74,
0x24,0x20,0x49,0x8b,0xcd,0xff,0x50,0x58,0x48,0x8b,0x15,0xa1,0x1e,0x00,0x00,0x48,
0x8b,0xce,0x48,0x8b,0xf8,0xff,0x52,0x48,0x48,0x85,0xdb,0x74,0x0d,0x48,0x8b,0x15,
0x8c,0x1e,0x00,0x00,0x48,0x8b,0xcb,0xff,0x52,0x48,0x48,0x8b,0xc7,0x48,0x8b,0x5c,
0x24,0x70,0x48,0x83,0xc4,0x30,0x41,0x5f,0x41,0x5e,0x41,0x5d,0x41,0x5c,0x5f,0x5e,
0x5d,0xc3,0x48,0xbf,0x14,0x00,0x00,0x00,0x00,0x00,0x00,0x80,0xeb,0xca,0xcc,0xcc,
0x48,0x89,0x5c,0x24,0x10,0x57,0x48,0x83,0xec,0x20,0x48,0x8b,0xd9,0x8b,0x49,0x08,
0x83,0xf9,0x02,0x76,0x0c,0x48,0xb8,0x02,0x00,0x00,0x00,0x00,0x00,0x00,0x80,0xeb,
0x63,0xbf,0x00,0x00,0x01,0x00,0x48,0x39,0x3b,0x75,0x1a,0x48,0x8d,0x54,0x24,0x30,
0xe8,0xbb,0xfb,0xff,0xff,0x48,0x85,0xc0,0x78,0x4a,0x0f,0xb7,0x44,0x24,0x30,0x48,
0x89,0x03,0x48,0x3b,0xc7,0x73,0xce,0x48,0x63,0x4b,0x08,0x48,0x8d,0x05,0x86,0x1d,
0x00,0x00,0x0f,0xb7,0x13,0x48,0x8b,0x0c,0xc8,0xe8,0x8a,0xfe,0xff,0xff,0x48,0x8b,
0xf8,0x48,0x85,0xc0,0x78,0x1b,0x48,0x8b,0xcb,0xe8,0x76,0xfc,0xff,0xff,0x48,0x8b,
0xf8,0x48,0x85,0xc0,0x79,0x0b,0x8b,0x53,0x08,0x48,0x8b,0x0b,0xe8,0xaf,0x00,0x00,
0x00,0x48,0x8b,0xc7,0x48,0x8b,0x5c,0x24,0x38,0x48,0x83,0xc4,0x20,0x5f,0xc3,0xcc,
0x48,0x89,0x5c,0x24,0x08,0x48,0x89,0x6c,0x24,0x10,0x48,0x89,0x74,0x24,0x18,0x57,
0x48,0x83,0xec,0x20,0x33,0xed,0x49,0x8b,0xf0,0x48,0x8b,0xfa,0x48,0x8b,0xd9,0x48,
0x85,0xd2,0x74,0x5c,0x4d,0x85,0xc0,0x74,0x57,0x8d,0x55,0x58,0xe8,0xdf,0x49,0xff,
0xff,0x48,0xc7,0x03,0x00,0x00,0x01,0x00,0x48,0x8b,0xc7,0xc7,0x43,0x08,0x02,0x00,
0x00,0x00,0x8b,0xd5,0xc7,0x43,0x0c,0x01,0x00,0x00,0x00,0x66,0x39,0x2f,0x74,0x0c,
0x48,0x8d,0x40,0x02,0x48,0xff,0xc2,0x66,0x39,0x28,0x75,0xf4,0x48,0x8d,0x14,0x55,
0x02,0x00,0x00,0x00,0x4c,0x8b,0xc7,0xe8,0x04,0xcf,0xff,0xff,0x48,0x8b,0xce,0x48,
0x89,0x43,0x10,0xe8,0x18,0xd0,0xff,0xff,0x48,0x89,0x43,0x18,0x33,0xc0,0xeb,0x0a,
0x48,0xb8,0x02,0x00,0x00,0x00,0x00,0x00,0x00,0x80,0x48,0x8b,0x5c,0x24,0x30,0x48,
0x8b,0x6c,0x24,0x38,0x48,0x8b,0x74,0x24,0x40,0x48,0x83,0xc4,0x20,0x5f,0xc3,0xcc,
0x48,0x8b,0xc4,0x48,0x89,0x58,0x08,0x55,0x56,0x57,0x41,0x56,0x41,0x57,0x48,0x83,
0xec,0x60,0x48,0x63,0xfa,0x48,0x8b,0xf1,0x83,0xff,0x04,0x0f,0x83,0xff,0x00,0x00,
0x00,0x48,0x81,0xf9,0x00,0x00,0x01,0x00,0x0f,0x83,0xf2,0x00,0x00,0x00,0x4c,0x8d,
0x3d,0x5b,0x46,0xff,0xff,0x83,0xff,0x02,0x0f,0x87,0x9b,0x00,0x00,0x00,0x49,0x8b,
0x8c,0xff,0x18,0xd6,0x00,0x00,0x4c,0x8d,0x48,0x18,0x4c,0x8d,0x40,0x20,0xe8,0x31,
0xd3,0xff,0xff,0x48,0x8b,0xac,0x24,0xa0,0x00,0x00,0x00,0x33,0xc9,0x48,0x8b,0x9c,
0x24,0xa8,0x00,0x00,0x00,0x48,0x8b,0xd5,0x48,0xd1,0xea,0x74,0x5a,0x0f,0xb7,0x04,
0x4b,0x48,0x3b,0xc6,0x74,0x0a,0x48,0xff,0xc1,0x48,0x3b,0xca,0x72,0xef,0xeb,0x47,
0x48,0x8d,0x04,0x09,0x4c,0x8d,0x45,0xfe,0x48,0x8d,0x0c,0x18,0x48,0x8d,0x51,0x02,
0x4c,0x2b,0xc0,0x74,0x0a,0x48,0x3b,0xca,0x74,0x05,0xe8,0x91,0x48,0xff,0xff,0x48,
0x8b,0x05,0x9a,0x1c,0x00,0x00,0x4c,0x8d,0x4d,0xfe,0x49,0x8b,0x8c,0xff,0x18,0xd6,
0x00,0x00,0x48,0x8d,0x15,0x6f,0x02,0x00,0x00,0x41,0xb8,0x07,0x00,0x00,0x00,0x48,
0x89,0x5c,0x24,0x20,0xff,0x50,0x58,0x48,0x85,0xdb,0x74,0x0d,0x48,0x8b,0x05,0x5d,
0x1c,0x00,0x00,0x48,0x8b,0xcb,0xff,0x50,0x48,0x4d,0x8b,0x8c,0xff,0x38,0xd6,0x00,
0x00,0x4c,0x8d,0x05,0xb0,0x1b,0x00,0x00,0xba,0x2a,0x00,0x00,0x00,0x48,0x89,0x74,
0x24,0x20,0x48,0x8d,0x4c,0x24,0x30,0xe8,0xf0,0xbd,0xff,0xff,0x48,0x8b,0x05,0x3d,
0x1c,0x00,0x00,0x48,0x8d,0x15,0x1e,0x02,0x00,0x00,0x48,0x83,0x64,0x24,0x20,0x00,
0x48,0x8d,0x4c,0x24,0x30,0x45,0x33,0xc9,0x45,0x33,0xc0,0xff,0x50,0x58,0xeb,0x0a,
0x48,0xb8,0x02,0x00,0x00,0x00,0x00,0x00,0x00,0x80,0x48,0x8b,0x9c,0x24,0x90,0x00,
0x00,0x00,0x48,0x83,0xc4,0x60,0x41,0x5f,0x41,0x5e,0x5f,0x5e,0x5d,0xc3,0xcc,0xcc,
0x40,0x53,0x48,0x83,0xec,0x20,0x48,0x8b,0xd9,0x48,0x8b,0x49,0x10,0x48,0x85,0xc9,
0x74,0x0a,0x48,0x8b,0x05,0xd7,0x1b,0x00,0x00,0xff,0x50,0x48,0x48,0x8b,0x4b,0x18,
0x48,0x85,0xc9,0x74,0x0a,0x48,0x8b,0x05,0xc4,0x1b,0x00,0x00,0xff,0x50,0x48,0x48,
0x8b,0x4b,0x20,0x48,0x85,0xc9,0x74,0x0a,0x48,0x8b,0x05,0xb1,0x1b,0x00,0x00,0xff,
0x50,0x48,0x33,0xc0,0x48,0x83,0xc4,0x20,0x5b,0xc3,0xcc,0xcc,0x32,0xc0,0xc3,0xcc,
0x40,0x53,0x48,0x83,0xec,0x20,0x48,0x8b,0x05,0xfb,0x1b,0x00,0x00,0x48,0x8b,0xd9,
0x48,0x85,0xc0,0x75,0x29,0x48,0x8b,0x05,0x84,0x1b,0x00,0x00,0x4c,0x8d,0x05,0xe5,
0x1b,0x00,0x00,0x33,0xd2,0x48,0x8d,0x0d,0x44,0x02,0x00,0x00,0xff,0x90,0x40,0x01,
0x00,0x00,0x48,0x85,0xc0,0x78,0x32,0x48,0x8b,0x05,0xca,0x1b,0x00,0x00,0x41,0xb8,
0x01,0x00,0x00,0x00,0x48,0x8d,0x15,0x65,0x02,0x00,0x00,0x4c,0x8b,0xcb,0x48,0x8b,
0xc8,0xff,0x10,0x48,0x85,0xc0,0x79,0x0f,0x48,0xb9,0x0e,0x00,0x00,0x00,0x00,0x00,
0x00,0x80,0x48,0x3b,0xc1,0x75,0x02,0x33,0xc0,0x48,0x83,0xc4,0x20,0x5b,0xc3,0x00,
0x00,0x00,0x00,0x00,0x00,0x00,0x00,0x00,0x00,0x00,0x00,0x00,0x00,0x00,0x00,0x00,
0x53,0x00,0x00,0x00,0x00,0x00,0x00,0x00,0x00,0x00,0x00,0x00,0x00,0x00,0x00,0x00,
0x6e,0xf0,0x9e,0x05,0x52,0xc6,0x45,0x4a,0x9f,0xbe,0x59,0x75,0xe3,0x69,0x46,0x1c,
0x08,0x10,0x00,0x56,0x22,0x62,0xc2,0xe0,0x47,0x8f,0x4a,0x90,0xcd,0xe4,0x18,0x3f,
0x70,0x6f,0x93,0x0a,0x10,0x00,0xf5,0x0c,0xa8,0x7a,0x85,0x91,0x71,0x52,0xb4,0x30,
0xd8,0xbd,0xfc,0xaa,0x9b,0x90,0x03,0x02,0x00,0x05,0x00,0x04,0x02,0x00,0x00,0x00,
0x01,0x04,0x00,0xbe,0x2a,0x00,0x00,0x06,0x06,0x00,0x70,0x00,0x34,0x00,0x00,0x00,
0xff,0x00,0x00,0x00,0x00,0x00,0x00,0x00,0x00,0x00,0x00,0x00,0x00,0x00,0x00,0x00,
0x55,0x00,0x00,0x00,0x00,0x00,0x00,0x00,0x00,0x00,0x00,0x00,0x00,0x00,0x00,0x00,
0x6e,0xf0,0x9e,0x05,0x52,0xc6,0x45,0x4a,0x9f,0xbe,0x59,0x75,0xe3,0x69,0x46,0x1c,
0x08,0x10,0x00,0x35,0x46,0xe6,0x1a,0x80,0x9e,0xc0,0x4f,0x8c,0xe7,0x8c,0x45,0xb6,
0x1e,0xc8,0xae,0x0a,0x10,0x00,0xf5,0x0c,0xa8,0x7a,0x85,0x91,0x71,0x52,0xb4,0x30,
0xd8,0xbd,0xfc,0xaa,0x9b,0x90,0x03,0x02,0x00,0x13,0x00,0x04,0x02,0x00,0x00,0x00,
0x01,0x04,0x00,0x70,0x2f,0x00,0x00,0x06,0x08,0x00,0x70,0x00,0x32,0x00,0x31,0x00,
0x00,0x00,0xff,0x00,0x00,0x00,0x00,0x00,0xa1,0x31,0x1b,0x5b,0x62,0x95,0xd2,0x11,
0x8e,0x3f,0x00,0xa0,0xc9,0x69,0x72,0x3b,0xe3,0x6b,0xd5,0x4b,0x75,0x49,0x8a,0x4d,
0xa0,0xad,0xc4,0x91,0x20,0x4b,0x5d,0x4d,0x21,0xec,0xd1,0x11,0x68,0xe5,0xb0,0x4e,
0x8e,0x1d,0xa0,0x80,0x97,0x72,0xb6,0x06,0xa1,0xa8,0xb9,0x9f,0x4a,0x2f,0xa6,0x43,
0x88,0x9c,0xd0,0xf7,0xb6,0xc4,0x7a,0xd5,0x61,0xdf,0xe4,0x8b,0xca,0x93,0xd2,0x11,
0xaa,0x0d,0x00,0xe0,0x98,0x03,0x2b,0x8c,0x30,0xbd,0x5a,0x3d,0x75,0x41,0xce,0x87,
0x6d,0x64,0xd2,0xad,0xe5,0x23,0xc4,0xbb,0xdf,0xa0,0x38,0xab,0x73,0x68,0xa9,0x44,
0x87,0xe6,0xd4,0xeb,0x56,0x14,0x84,0x49,0xff,0x5c,0x7a,0x6a,0xd9,0xe8,0x70,0x4f,
0xba,0xda,0x75,0xab,0x30,0x25,0xce,0x14,0x05,0x0a,0x3d,0xcd,0x24,0x9e,0x7c,0x43,
0xa8,0x91,0x1e,0xe0,0x53,0xdb,0x76,0x38,0x9b,0xb2,0x59,0x7a,0x0b,0x91,0x71,0x41,
0x82,0x42,0xa8,0x5a,0x0d,0xf2,0x5b,0x5b,0x03,0x14,0xdd,0xe5,0x22,0xd6,0x4e,0xc2,
0x84,0x88,0xc7,0x1b,0x17,0xf5,0xe8,0x02,0x91,0x30,0xec,0x56,0x4c,0x95,0xd2,0x11,
0x8e,0x3f,0x00,0xa0,0xc9,0x69,0x72,0x3b,0xd7,0xba,0xc8,0x87,0x95,0x05,0x53,0x40,
0x82,0x97,0xde,0xde,0x39,0x5f,0x5d,0x5b,0x00,0x00,0x00,0x00,0x00,0x00,0x00,0x00,
0x3a,0x58,0x20,0x4d,0x65,0x77,0x7a,0x4e,0x8a,0x67,0xdc,0xde,0x74,0xee,0x3e,0xc5,
0x66,0xd5,0xce,0x1a,0xed,0x76,0x18,0x42,0xbc,0x81,0x76,0x7f,0x1f,0x97,0x7a,0x89,
0xd8,0x39,0x9a,0x9d,0x42,0xbd,0x73,0x4a,0xa4,0xd5,0x8e,0xe9,0x4b,0xe1,0x13,0x80,
0x91,0x6e,0x57,0x09,0x3f,0x6d,0xd2,0x11,0x8e,0x39,0x00,0xa0,0xc9,0x69,0x72,0x3b,
0x6d,0xff,0x63,0x8f,0xd4,0xb7,0x4d,0x47,0x8c,0x53,0x68,0x25,0x8a,0x22,0x4d,0x58,
0x21,0xe5,0x7f,0x93,0xae,0x95,0x1a,0x4d,0x89,0x29,0x48,0xbc,0xd9,0x0a,0xd3,0x1a,
0xb9,0x32,0x98,0xa1,0x25,0xac,0xd3,0x11,0x9a,0x2d,0x00,0x90,0x27,0x3f,0xc1,0x4d,
0xd7,0x72,0x7e,0x58,0x50,0xcc,0x79,0x4f,0x82,0x09,0xca,0x29,0x1f,0xc1,0xa1,0x0f,
0x3e,0xd8,0x86,0xa6,0xe7,0xe7,0x01,0x4c,0x83,0x35,0x6f,0xcc,0xb8,0xe7,0xc0,0x24,
0xc8,0x47,0x16,0x7f,0x6e,0xb7,0xb2,0x44,0xa5,0x65,0xf7,0x0f,0xf1,0x9c,0xd1,0x9e,
0xd1,0x6e,0x44,0x5b,0x0b,0xe3,0xaa,0x4f,0x87,0x1a,0x36,0x54,0xec,0xa3,0x60,0x80,
0x6a,0x40,0xa6,0x31,0xdf,0x6b,0x46,0x4e,0xb2,0xa2,0xeb,0xaa,0x89,0xc4,0x09,0x20,
0x72,0xc1,0x9f,0xef,0xb2,0xa1,0x93,0x46,0xb3,0x27,0x6d,0x32,0xfc,0x41,0x60,0x42,
0x44,0x15,0xfd,0xf2,0x94,0x97,0x2c,0x4a,0x99,0x2e,0xe5,0xbb,0xcf,0x20,0xe3,0x94,
0x74,0x69,0xd9,0x0f,0xaa,0x23,0xdc,0x4c,0xb9,0xcb,0x98,0xd1,0x77,0x50,0x32,0x2a,
0xd3,0x5d,0x83,0xec,0x0f,0xfe,0x7b,0x61,0xa6,0x21,0xb3,0x50,0xc3,0xe1,0x33,0x88,
0x06,0x02,0x00,0x00,0x02,0x02,0x00,0x04,0x34,0x00,0x00,0x00,0x34,0x00,0x00,0x00,
0x00,0x00,0x00,0x00,0x00,0x00,0x00,0x00,0x00,0x00,0x00,0x00,0x00,0x00,0x00,0x00,
0x00,0x00,0x00,0x00,0x00,0x00,0x00,0x00,0x00,0x00,0x00,0x00,0x00,0x00,0x00,0x00,
0x01,0x00,0x65,0x6e,0x2d,0x55,0x53,0x00,0x14,0x45,0x00,0x6e,0x00,0x67,0x00,0x6c,
0x00,0x69,0x00,0x73,0x00,0x68,0x00,0x00,0x00,0x14,0x48,0x00,0x54,0x00,0x54,0x00,
0x50,0x00,0x20,0x00,0x42,0x00,0x6f,0x00,0x6f,0x00,0x74,0x00,0x20,0x00,0x43,0x00,
0x6f,0x00,0x6e,0x00,0x66,0x00,0x69,0x00,0x67,0x00,0x75,0x00,0x72,0x00,0x61,0x00,
0x74,0x00,0x69,0x00,0x6f,0x00,0x6e,0x00,0x00,0x00,0x14,0x43,0x00,0x6f,0x00,0x6e,
0x00,0x66,0x00,0x69,0x00,0x67,0x00,0x75,0x00,0x72,0x00,0x65,0x00,0x20,0x00,0x48,
0x00,0x54,0x00,0x54,0x00,0x50,0x00,0x20,0x00,0x42,0x00,0x6f,0x00,0x6f,0x00,0x74,
0x00,0x20,0x00,0x70,0x00,0x61,0x00,0x72,0x00,0x61,0x00,0x6d,0x00,0x65,0x00,0x74,
0x00,0x65,0x00,0x72,0x00,0x73,0x00,0x2e,0x00,0x00,0x00,0x14,0x49,0x00,0x6e,0x00,
0x74,0x00,0x65,0x00,0x72,0x00,0x6e,0x00,0x65,0x00,0x74,0x00,0x20,0x00,0x50,0x00,
0x72,0x00,0x6f,0x00,0x74,0x00,0x6f,0x00,0x63,0x00,0x6f,0x00,0x6c,0x00,0x00,0x00,
0x14,0x53,0x00,0x65,0x00,0x6c,0x00,0x65,0x00,0x63,0x00,0x74,0x00,0x20,0x00,0x74,
0x00,0x68,0x00,0x65,0x00,0x20,0x00,0x76,0x00,0x65,0x00,0x72,0x00,0x73,0x00,0x69,
0x00,0x6f,0x00,0x6e,0x00,0x20,0x00,0x6f,0x00,0x66,0x00,0x20,0x00,0x49,0x00,0x6e,
0x00,0x74,0x00,0x65,0x00,0x72,0x00,0x6e,0x00,0x65,0x00,0x74,0x00,0x20,0x00,0x50,
0x00,0x72,0x00,0x6f,0x00,0x74,0x00,0x6f,0x00,0x63,0x00,0x6f,0x00,0x6c,0x00,0x2e,
0x00,0x00,0x00,0x14,0x49,0x00,0x50,0x00,0x34,0x00,0x00,0x00,0x14,0x49,0x00,0x50,
0x00,0x36,0x00,0x00,0x00,0x14,0x42,0x00,0x6f,0x00,0x6f,0x00,0x74,0x00,0x20,0x00,
0x55,0x00,0x52,0x00,0x49,0x00,0x00,0x00,0x14,0x41,0x00,0x20,0x00,0x6e,0x00,0x65,
0x00,0x77,0x00,0x20,0x00,0x42,0x00,0x6f,0x00,0x6f,0x00,0x74,0x00,0x20,0x00,0x4f,
0x00,0x70,0x00,0x74,0x00,0x69,0x00,0x6f,0x00,0x6e,0x00,0x20,0x00,0x77,0x00,0x69,
0x00,0x6c,0x00,0x6c,0x00,0x20,0x00,0x62,0x00,0x65,0x00,0x20,0x00,0x63,0x00,0x72,
0x00,0x65,0x00,0x61,0x00,0x74,0x00,0x65,0x00,0x64,0x00,0x20,0x00,0x61,0x00,0x63,
0x00,0x63,0x00,0x6f,0x00,0x72,0x00,0x64,0x00,0x69,0x00,0x6e,0x00,0x67,0x00,0x20,
0x00,0x74,0x00,0x6f,0x00,0x20,0x00,0x74,0x00,0x68,0x00,0x69,0x00,0x73,0x00,0x20,
0x00,0x42,0x00,0x6f,0x00,0x6f,0x00,0x74,0x00,0x20,0x00,0x55,0x00,0x52,0x00,0x49,
0x00,0x2e,0x00,0x00,0x00,0x14,0x49,0x00,0x6e,0x00,0x70,0x00,0x75,0x00,0x74,0x00,
0x20,0x00,0x74,0x00,0x68,0x00,0x65,0x00,0x20,0x00,0x64,0x00,0x65,0x00,0x73,0x00,
0x63,0x00,0x72,0x00,0x69,0x00,0x70,0x00,0x74,0x00,0x69,0x00,0x6f,0x00,0x6e,0x00,
0x00,0x00,0x14,0x00,0x00,0x00,0x00,0x00,0x31,0x2d,0x9d,0xeb,0x88,0x2d,0xd3,0x11,
0x9a,0x16,0x00,0x90,0x27,0x3f,0xc1,0x4d,0x1f,0xbc,0x37,0xca,0x27,0xa3,0xe9,0x4a,
0x82,0x8a,0x8c,0x40,0xd8,0x50,0x6a,0x17,0x06,0x47,0x0d,0x33,0xa0,0xf2,0x4f,0x4e,
0xa3,0x69,0xb6,0x6f,0xa8,0xd5,0x43,0x85,0xaf,0xe6,0xc8,0xbd,0xbc,0xd9,0x79,0x43,
0xa7,0x2a,0xe0,0xc4,0xe7,0x5d,0xae,0x1c,0x4c,0xf2,0x39,0x77,0xd7,0x93,0xd4,0x11,
0x9a,0x3a,0x00,0x90,0x27,0x3f,0xc1,0x4d,0x07,0x42,0xc7,0xd7,0x31,0xa8,0x26,0x4a,
0xb1,0xf5,0xd1,0x93,0x06,0x5c,0xe8,0xb6,0x70,0xf7,0x6f,0xf3,0xe1,0xa7,0xcf,0x42,
0x9e,0xd2,0x56,0xf0,0xf2,0x71,0xf4,0x4c,0xab,0x31,0xa0,0x18,0x43,0xb4,0x1a,0x4d,
0xa5,0xc0,0x0c,0x09,0x26,0x1e,0x9f,0x71,0xd5,0x59,0x87,0x2c,0x2d,0x5c,0xef,0x66,
0x92,0x5f,0xb6,0x6c,0x10,0x19,0x57,0xe2,0x11,0xb3,0x23,0xba,0x3d,0x34,0xe6,0x11,
0x91,0x85,0x58,0x20,0xb1,0xd6,0x52,0x99,0x5a,0x53,0xab,0x77,0xfc,0x45,0x4b,0x62,
0x55,0x60,0xf7,0xb2,0x81,0xd1,0xf9,0x6e,0x2c,0x77,0x7a,0x10,0xe1,0xd5,0xd4,0x11,
0x9a,0x46,0x00,0x90,0x27,0x3f,0xc1,0x4d,0xe9,0x8a,0x0f,0x48,0x46,0x0c,0xa9,0x4a,
0xbc,0x89,0xdb,0x9f,0xba,0x61,0x98,0x06,0xba,0x34,0xad,0x05,0x02,0x6f,0x14,0x42,
0x95,0x2e,0x4d,0xa0,0x39,0x8e,0x2b,0xb9,0x00,0xcb,0xeb,0xec,0xc8,0xd9,0xe4,0x11,
0xaf,0x3d,0x8c,0xdc,0xd4,0x26,0xc9,0x73,0x18,0x97,0x21,0x8a,0xf5,0x4e,0x61,0x47,
0x91,0xc8,0xc0,0xf0,0x4b,0xda,0x9e,0x56,0x91,0x3a,0xb3,0x7a,0xe5,0xac,0x26,0x43,
0xb5,0x72,0xe7,0xee,0x33,0xd3,0x9f,0x16,0x75,0x47,0xca,0xe9,0x57,0x86,0xfc,0x47,
0x97,0xe7,0x7e,0xd6,0x5a,0x08,0x43,0x24,0x10,0x15,0x00,0x00,0x00,0x00,0x00,0x00,
0xb8,0x15,0x00,0x00,0x00,0x00,0x00,0x00,0x30,0x1a,0x00,0x00,0x00,0x00,0x00,0x00,
0x0a,0x00,0x00,0x00,0x00,0x00,0x00,0x00,0x00,0x00,0x00,0x00,0x00,0x00,0x00,0x00,
0x00,0x00,0x00,0x00,0x00,0x00,0x00,0x00,0x54,0x0f,0x00,0x00,0x00,0x00,0x00,0x00,
0xfc,0x0f,0x00,0x00,0x00,0x00,0x00,0x00,0xe0,0x13,0x00,0x00,0x00,0x00,0x00,0x00,
0x0a,0x00,0x00,0x00,0x00,0x00,0x00,0x00,0x00,0x00,0x00,0x00,0x00,0x00,0x00,0x00,
0x00,0x00,0x00,0x00,0x00,0x00,0x00,0x00,0x24,0x23,0x00,0x00,0x00,0x00,0x00,0x00,
0x00,0x25,0x00,0x00,0x00,0x00,0x00,0x00,0x74,0x37,0x00,0x00,0x00,0x00,0x00,0x00,
0xa8,0x37,0x00,0x00,0x00,0x00,0x00,0x00,0xf4,0xcc,0x00,0x00,0x00,0x00,0x00,0x00,
0x74,0x37,0x00,0x00,0x00,0x00,0x00,0x00,0xa8,0x37,0x00,0x00,0x00,0x00,0x00,0x00,
0xf0,0xcc,0x00,0x00,0x00,0x00,0x00,0x00,0x00,0x00,0x00,0x00,0x00,0x00,0x00,0x00,
0xf8,0xcc,0x00,0x00,0x00,0x00,0x00,0x00,0x30,0xcd,0x00,0x00,0x00,0x00,0x00,0x00,
0x00,0x00,0x00,0x00,0x00,0x00,0x00,0x00,0x00,0x00,0x00,0x00,0x00,0x00,0x00,0x00,
0xf8,0xcc,0x00,0x00,0x00,0x00,0x00,0x00,0x00,0xcd,0x00,0x00,0x00,0x00,0x00,0x00,
0x00,0x00,0x00,0x00,0x00,0x00,0x00,0x00,0x00,0x00,0x00,0x00,0x00,0x00,0x00,0x00,
0x48,0x00,0x54,0x00,0x54,0x00,0x50,0x00,0x5f,0x00,0x42,0x00,0x4f,0x00,0x4f,0x00,
0x54,0x00,0x5f,0x00,0x43,0x00,0x4f,0x00,0x4e,0x00,0x46,0x00,0x49,0x00,0x47,0x00,
0x5f,0x00,0x49,0x00,0x46,0x00,0x52,0x00,0x5f,0x00,0x4e,0x00,0x56,0x00,0x44,0x00,
0x41,0x00,0x54,0x00,0x41,0x00,0x00,0x00,0x04,0x00,0x00,0x00,0x08,0x00,0x00,0x00,
0x10,0x00,0x00,0x00,0x20,0x00,0x00,0x00,0x00,0x00,0x00,0x00,0x00,0x00,0x00,0x00,
0xbc,0x00,0x00,0x00,0xb8,0x00,0x00,0x02,0x0e,0xa7,0x3a,0x58,0x20,0x4d,0x65,0x77,
0x7a,0x4e,0x8a,0x67,0xdc,0xde,0x74,0xee,0x3e,0xc5,0x02,0x00,0x03,0x00,0x01,0x71,
0x99,0x03,0x93,0x45,0x85,0x04,0x4b,0xb4,0x5e,0x32,0xeb,0x83,0x26,0x04,0x0e,0x5c,
0x06,0x00,0x00,0x00,0x00,0x5c,0x06,0x00,0x00,0x01,0x00,0x24,0x32,0x3a,0x58,0x20,
0x4d,0x65,0x77,0x7a,0x4e,0x8a,0x67,0xdc,0xde,0x74,0xee,0x3e,0xc5,0x01,0x00,0x96,
0x02,0x48,0x54,0x54,0x50,0x5f,0x42,0x4f,0x4f,0x54,0x5f,0x43,0x4f,0x4e,0x46,0x49,
0x47,0x5f,0x49,0x46,0x52,0x5f,0x4e,0x56,0x44,0x41,0x54,0x41,0x00,0x01,0x86,0x01,
0x00,0x02,0x00,0x1c,0x90,0x0a,0x00,0x0b,0x00,0x01,0x00,0x01,0x00,0x02,0x00,0x00,
0x06,0x4b,0x00,0x29,0x02,0x05,0x91,0x04,0x00,0x05,0x00,0x02,0x00,0x01,0x00,0x00,
0x00,0x00,0x10,0x00,0x01,0x00,0x09,0x07,0x06,0x00,0x10,0x00,0x00,0x09,0x07,0x07,
0x00,0x00,0x00,0x01,0x29,0x02,0x1c,0x90,0x08,0x00,0x09,0x00,0x01,0x01,0x01,0x00,
0x98,0x00,0x04,0x00,0xff,0x00,0x29,0x02,0x29,0x02,0x29,0x02,0x00,0x00,0x00,0x00,
0x02,0x01,0x0c,0x00,0xd0,0x41,0x03,0x0a,0x00,0x00,0x00,0x00,0x01,0x01,0x06,0x00,
0x02,0x07,0x7f,0xff,0x04,0x00,0x00,0x00,0x88,0xc3,0x00,0x00,0x00,0x00,0x00,0x00,
0x50,0xc3,0x00,0x00,0x00,0x00,0x00,0x00,0x00,0x00,0x00,0x00,0x00,0x00,0x00,0x00,
0x00,0x00,0x00,0x00,0x00,0x00,0x00,0x00,0x02,0x01,0x0c,0x00,0xd0,0x41,0x03,0x0a,
0x00,0x00,0x00,0x00,0x01,0x01,0x06,0x00,0x00,0x07,0x7f,0xff,0x04,0x00,0x00,0x00,
0x0a,0x00,0x3e,0x00,0x3e,0x00,0x53,0x00,0x74,0x00,0x61,0x00,0x72,0x00,0x74,0x00,
0x20,0x00,0x48,0x00,0x54,0x00,0x54,0x00,0x50,0x00,0x20,0x00,0x42,0x00,0x6f,0x00,
0x6f,0x00,0x74,0x00,0x20,0x00,0x6f,0x00,0x76,0x00,0x65,0x00,0x72,0x00,0x20,0x00,
0x49,0x00,0x50,0x00,0x76,0x00,0x25,0x00,0x64,0x00,0x00,0x00,0x00,0x00,0x00,0x00,
0x0a,0x20,0x20,0x45,0x72,0x72,0x6f,0x72,0x3a,0x20,0x43,0x6f,0x75,0x6c,0x64,0x20,
0x6e,0x6f,0x74,0x20,0x72,0x65,0x74,0x72,0x69,0x65,0x76,0x65,0x20,0x4e,0x42,0x50,
0x20,0x66,0x69,0x6c,0x65,0x20,0x73,0x69,0x7a,0x65,0x20,0x66,0x72,0x6f,0x6d,0x20,
0x48,0x54,0x54,0x50,0x20,0x73,0x65,0x72,0x76,0x65,0x72,0x2e,0x0a,0x00,0x00,0x00,
0x0a,0x20,0x20,0x45,0x72,0x72,0x6f,0x72,0x3a,0x20,0x43,0x6f,0x75,0x6c,0x64,0x20,
0x6e,0x6f,0x74,0x20,0x65,0x73,0x74,0x61,0x62,0x6c,0x69,0x73,0x68,0x20,0x63,0x6f,
0x6e,0x6e,0x65,0x63,0x74,0x69,0x6f,0x6e,0x20,0x77,0x69,0x74,0x68,0x20,0x48,0x54,
0x54,0x50,0x20,0x73,0x65,0x72,0x76,0x65,0x72,0x2e,0x0a,0x00,0x00,0x00,0x00,0x00,
0x0a,0x20,0x20,0x45,0x72,0x72,0x6f,0x72,0x3a,0x20,0x42,0x75,0x66,0x66,0x65,0x72,
0x20,0x73,0x69,0x7a,0x65,0x20,0x69,0x73,0x20,0x73,0x6d,0x61,0x6c,0x6c,0x65,0x72,
0x20,0x74,0x68,0x61,0x6e,0x20,0x74,0x68,0x65,0x20,0x72,0x65,0x71,0x75,0x65,0x73,
0x74,0x65,0x64,0x20,0x66,0x69,0x6c,0x65,0x2e,0x0a,0x00,0x00,0x00,0x00,0x00,0x00,
0x0a,0x20,0x20,0x45,0x72,0x72,0x6f,0x72,0x3a,0x20,0x43,0x6f,0x75,0x6c,0x64,0x20,
0x6e,0x6f,0x74,0x20,0x61,0x6c,0x6c,0x6f,0x63,0x61,0x74,0x65,0x20,0x49,0x2f,0x4f,
0x20,0x62,0x75,0x66,0x66,0x65,0x72,0x73,0x2e,0x0a,0x00,0x00,0x00,0x00,0x00,0x00,
0x0a,0x20,0x20,0x45,0x72,0x72,0x6f,0x72,0x3a,0x20,0x4e,0x65,0x74,0x77,0x6f,0x72,
0x6b,0x20,0x64,0x65,0x76,0x69,0x63,0x65,0x20,0x65,0x72,0x72,0x6f,0x72,0x2e,0x0a,
0x00,0x00,0x00,0x00,0x00,0x00,0x00,0x00,0x0a,0x20,0x20,0x45,0x72,0x72,0x6f,0x72,
0x3a,0x20,0x53,0x65,0x72,0x76,0x65,0x72,0x20,0x72,0x65,0x73,0x70,0x6f,0x6e,0x73,
0x65,0x20,0x74,0x69,0x6d,0x65,0x6f,0x75,0x74,0x2e,0x0a,0x00,0x00,0x00,0x00,0x00,
0x0a,0x20,0x20,0x45,0x72,0x72,0x6f,0x72,0x3a,0x20,0x52,0x65,0x6d,0x6f,0x74,0x65,
0x20,0x62,0x6f,0x6f,0x74,0x20,0x63,0x61,0x6e,0x63,0x65,0x6c,0x6c,0x65,0x64,0x2e,
0x0a,0x00,0x00,0x00,0x00,0x00,0x00,0x00,0x0a,0x20,0x20,0x45,0x72,0x72,0x6f,0x72,
0x3a,0x20,0x55,0x6e,0x65,0x78,0x70,0x65,0x63,0x74,0x65,0x64,0x20,0x6e,0x65,0x74,
0x77,0x6f,0x72,0x6b,0x20,0x65,0x72,0x72,0x6f,0x72,0x2e,0x0a,0x00,0x00,0x00,0x00,
0x0a,0x20,0x20,0x45,0x72,0x72,0x6f,0x72,0x3a,0x20,0x43,0x6f,0x75,0x6c,0x64,0x20,
0x6e,0x6f,0x74,0x20,0x64,0x65,0x74,0x65,0x63,0x74,0x20,0x6e,0x65,0x74,0x77,0x6f,
0x72,0x6b,0x20,0x63,0x6f,0x6e,0x6e,0x65,0x63,0x74,0x69,0x6f,0x6e,0x2e,0x0a,0x00,
0x0a,0x20,0x20,0x45,0x72,0x72,0x6f,0x72,0x3a,0x20,0x43,0x6f,0x75,0x6c,0x64,0x20,
0x6e,0x6f,0x74,0x20,0x72,0x65,0x67,0x69,0x73,0x74,0x65,0x72,0x20,0x52,0x41,0x4d,
0x20,0x64,0x69,0x73,0x6b,0x20,0x74,0x6f,0x20,0x74,0x68,0x65,0x20,0x73,0x79,0x73,
0x74,0x65,0x6d,0x2e,0x0a,0x00,0x00,0x00,0x2e,0x00,0x00,0x00,0x00,0x00,0x00,0x00,
0x0a,0x00,0x20,0x00,0x20,0x00,0x55,0x00,0x52,0x00,0x49,0x00,0x3a,0x00,0x20,0x00,
0x25,0x00,0x73,0x00,0x0a,0x00,0x00,0x00,0x4c,0x6f,0x63,0x61,0x74,0x69,0x6f,0x6e,
0x00,0x00,0x00,0x00,0x00,0x00,0x00,0x00,0x00,0x00,0x00,0x00,0x00,0x00,0x00,0x00,
0x0a,0x00,0x20,0x00,0x20,0x00,0x48,0x00,0x54,0x00,0x54,0x00,0x50,0x00,0x20,0x00,
0x45,0x00,0x52,0x00,0x52,0x00,0x4f,0x00,0x52,0x00,0x3a,0x00,0x20,0x00,0x52,0x00,
0x65,0x00,0x73,0x00,0x6f,0x00,0x75,0x00,0x72,0x00,0x63,0x00,0x65,0x00,0x20,0x00,
0x52,0x00,0x65,0x00,0x64,0x00,0x69,0x00,0x72,0x00,0x65,0x00,0x63,0x00,0x74,0x00,
0x65,0x00,0x64,0x00,0x2e,0x00,0x0a,0x00,0x20,0x00,0x20,0x00,0x4e,0x00,0x65,0x00,
0x77,0x00,0x20,0x00,0x4c,0x00,0x6f,0x00,0x63,0x00,0x61,0x00,0x74,0x00,0x69,0x00,
0x6f,0x00,0x6e,0x00,0x3a,0x00,0x20,0x00,0x25,0x00,0x61,0x00,0x0a,0x00,0x00,0x00,
0x43,0x6f,0x6e,0x74,0x65,0x6e,0x74,0x2d,0x4c,0x65,0x6e,0x67,0x74,0x68,0x00,0x00,
0x20,0x00,0x20,0x00,0x46,0x00,0x69,0x00,0x6c,0x00,0x65,0x00,0x20,0x00,0x53,0x00,
0x69,0x00,0x7a,0x00,0x65,0x00,0x3a,0x00,0x20,0x00,0x25,0x00,0x6c,0x00,0x75,0x00,
0x20,0x00,0x42,0x00,0x79,0x00,0x74,0x00,0x65,0x00,0x73,0x00,0x0a,0x00,0x00,0x00,
0x0d,0x00,0x20,0x00,0x20,0x00,0x44,0x00,0x6f,0x00,0x77,0x00,0x6e,0x00,0x6c,0x00,
0x6f,0x00,0x61,0x00,0x64,0x00,0x69,0x00,0x6e,0x00,0x67,0x00,0x2e,0x00,0x2e,0x00,
0x2e,0x00,0x25,0x00,0x64,0x00,0x25,0x00,0x25,0x00,0x00,0x00,0x00,0x00,0x00,0x00,
0x0d,0x00,0x20,0x00,0x20,0x00,0x44,0x00,0x6f,0x00,0x77,0x00,0x6e,0x00,0x6c,0x00,
0x6f,0x00,0x61,0x00,0x64,0x00,0x69,0x00,0x6e,0x00,0x67,0x00,0x2e,0x00,0x2e,0x00,
0x2e,0x00,0x25,0x00,0x6c,0x00,0x75,0x00,0x20,0x00,0x42,0x00,0x79,0x00,0x74,0x00,
0x65,0x00,0x73,0x00,0x00,0x00,0x00,0x00,0x25,0x64,0x00,0x00,0x2e,0x00,0x00,0x00,
0x25,0x78,0x00,0x00,0x30,0x00,0x00,0x00,0x3a,0x00,0x00,0x00,0x0a,0x00,0x00,0x00,
0x0a,0x20,0x20,0x52,0x65,0x64,0x69,0x72,0x65,0x63,0x74,0x69,0x6f,0x6e,0x3a,0x20,
0x33,0x30,0x30,0x20,0x4d,0x75,0x6c,0x74,0x69,0x70,0x6c,0x65,0x20,0x43,0x68,0x6f,
0x69,0x63,0x65,0x73,0x00,0x00,0x00,0x00,0x0a,0x20,0x20,0x52,0x65,0x64,0x69,0x72,
0x65,0x63,0x74,0x69,0x6f,0x6e,0x3a,0x20,0x33,0x30,0x31,0x20,0x4d,0x6f,0x76,0x65,
0x64,0x20,0x50,0x65,0x72,0x6d,0x61,0x6e,0x65,0x6e,0x74,0x6c,0x79,0x00,0x00,0x00,
0x0a,0x20,0x20,0x52,0x65,0x64,0x69,0x72,0x65,0x63,0x74,0x69,0x6f,0x6e,0x3a,0x20,
0x33,0x30,0x32,0x20,0x46,0x6f,0x75,0x6e,0x64,0x00,0x00,0x00,0x00,0x00,0x00,0x00,
0x0a,0x20,0x20,0x52,0x65,0x64,0x69,0x72,0x65,0x63,0x74,0x69,0x6f,0x6e,0x3a,0x20,
0x33,0x30,0x33,0x20,0x53,0x65,0x65,0x20,0x4f,0x74,0x68,0x65,0x72,0x00,0x00,0x00,
0x0a,0x20,0x20,0x52,0x65,0x64,0x69,0x72,0x65,0x63,0x74,0x69,0x6f,0x6e,0x3a,0x20,
0x33,0x30,0x34,0x20,0x4e,0x6f,0x74,0x20,0x4d,0x6f,0x64,0x69,0x66,0x69,0x65,0x64,
0x00,0x00,0x00,0x00,0x00,0x00,0x00,0x00,0x0a,0x20,0x20,0x52,0x65,0x64,0x69,0x72,
0x65,0x63,0x74,0x69,0x6f,0x6e,0x3a,0x20,0x33,0x30,0x35,0x20,0x55,0x73,0x65,0x20,
0x50,0x72,0x6f,0x78,0x79,0x00,0x00,0x00,0x0a,0x20,0x20,0x52,0x65,0x64,0x69,0x72,
0x65,0x63,0x74,0x69,0x6f,0x6e,0x3a,0x20,0x33,0x30,0x37,0x20,0x54,0x65,0x6d,0x70,
0x6f,0x72,0x61,0x72,0x79,0x20,0x52,0x65,0x64,0x69,0x72,0x65,0x63,0x74,0x00,0x00,
0x0a,0x20,0x20,0x52,0x65,0x64,0x69,0x72,0x65,0x63,0x74,0x69,0x6f,0x6e,0x3a,0x20,
0x33,0x30,0x38,0x20,0x50,0x65,0x72,0x6d,0x61,0x6e,0x65,0x6e,0x74,0x20,0x52,0x65,
0x64,0x69,0x72,0x65,0x63,0x74,0x00,0x00,0x0a,0x20,0x20,0x43,0x6c,0x69,0x65,0x6e,
0x74,0x20,0x45,0x72,0x72,0x6f,0x72,0x3a,0x20,0x34,0x30,0x30,0x20,0x42,0x61,0x64,
0x20,0x52,0x65,0x71,0x75,0x65,0x73,0x74,0x00,0x00,0x00,0x00,0x00,0x00,0x00,0x00,
0x0a,0x20,0x20,0x43,0x6c,0x69,0x65,0x6e,0x74,0x20,0x45,0x72,0x72,0x6f,0x72,0x3a,
0x20,0x34,0x30,0x31,0x20,0x55,0x6e,0x61,0x75,0x74,0x68,0x6f,0x72,0x69,0x7a,0x65,
0x64,0x00,0x00,0x00,0x00,0x00,0x00,0x00,0x0a,0x20,0x20,0x43,0x6c,0x69,0x65,0x6e,
0x74,0x20,0x45,0x72,0x72,0x6f,0x72,0x3a,0x20,0x34,0x30,0x32,0x20,0x50,0x61,0x79,
0x6d,0x65,0x6e,0x74,0x20,0x52,0x65,0x71,0x75,0x69,0x72,0x65,0x64,0x00,0x00,0x00,
0x0a,0x20,0x20,0x43,0x6c,0x69,0x65,0x6e,0x74,0x20,0x45,0x72,0x72,0x6f,0x72,0x3a,
0x20,0x34,0x30,0x33,0x20,0x46,0x6f,0x72,0x62,0x69,0x64,0x64,0x65,0x6e,0x00,0x00,
0x0a,0x20,0x20,0x43,0x6c,0x69,0x65,0x6e,0x74,0x20,0x45,0x72,0x72,0x6f,0x72,0x3a,
0x20,0x34,0x30,0x34,0x20,0x4e,0x6f,0x74,0x20,0x46,0x6f,0x75,0x6e,0x64,0x00,0x00,
0x0a,0x20,0x20,0x43,0x6c,0x69,0x65,0x6e,0x74,0x20,0x45,0x72,0x72,0x6f,0x72,0x3a,
0x20,0x34,0x30,0x35,0x20,0x4d,0x65,0x74,0x68,0x6f,0x64,0x20,0x4e,0x6f,0x74,0x20,
0x41,0x6c,0x6c,0x6f,0x77,0x65,0x64,0x00,0x0a,0x20,0x20,0x43,0x6c,0x69,0x65,0x6e,
0x74,0x20,0x45,0x72,0x72,0x6f,0x72,0x3a,0x20,0x34,0x30,0x36,0x20,0x4e,0x6f,0x74,
0x20,0x41,0x63,0x63,0x65,0x70,0x74,0x61,0x62,0x6c,0x65,0x00,0x00,0x00,0x00,0x00,
0x0a,0x20,0x20,0x43,0x6c,0x69,0x65,0x6e,0x74,0x20,0x45,0x72,0x72,0x6f,0x72,0x3a,
0x20,0x34,0x30,0x37,0x20,0x50,0x72,0x6f,0x78,0x79,0x20,0x41,0x75,0x74,0x68,0x65,
0x6e,0x74,0x69,0x63,0x61,0x74,0x69,0x6f,0x6e,0x20,0x52,0x65,0x71,0x75,0x69,0x72,
0x65,0x64,0x00,0x00,0x00,0x00,0x00,0x00,0x0a,0x20,0x20,0x43,0x6c,0x69,0x65,0x6e,
0x74,0x20,0x45,0x72,0x72,0x6f,0x72,0x3a,0x20,0x34,0x30,0x38,0x20,0x52,0x65,0x71,
0x75,0x65,0x73,0x74,0x20,0x54,0x69,0x6d,0x65,0x6f,0x75,0x74,0x00,0x00,0x00,0x00,
0x0a,0x20,0x20,0x43,0x6c,0x69,0x65,0x6e,0x74,0x20,0x45,0x72,0x72,0x6f,0x72,0x3a,
0x20,0x34,0x30,0x39,0x20,0x43,0x6f,0x6e,0x66,0x6c,0x69,0x63,0x74,0x00,0x00,0x00,
0x0a,0x20,0x20,0x43,0x6c,0x69,0x65,0x6e,0x74,0x20,0x45,0x72,0x72,0x6f,0x72,0x3a,
0x20,0x34,0x31,0x30,0x20,0x47,0x6f,0x6e,0x65,0x00,0x00,0x00,0x00,0x00,0x00,0x00,
0x0a,0x20,0x20,0x43,0x6c,0x69,0x65,0x6e,0x74,0x20,0x45,0x72,0x72,0x6f,0x72,0x3a,
0x20,0x34,0x31,0x31,0x20,0x4c,0x65,0x6e,0x67,0x74,0x68,0x20,0x52,0x65,0x71,0x75,
0x69,0x72,0x65,0x64,0x00,0x00,0x00,0x00,0x0a,0x20,0x20,0x43,0x6c,0x69,0x65,0x6e,
0x74,0x20,0x45,0x72,0x72,0x6f,0x72,0x3a,0x20,0x34,0x31,0x32,0x20,0x50,0x72,0x65,
0x63,0x6f,0x6e,0x64,0x69,0x74,0x69,0x6f,0x6e,0x20,0x46,0x61,0x69,0x6c,0x65,0x64,
0x00,0x00,0x00,0x00,0x00,0x00,0x00,0x00,0x0a,0x20,0x20,0x43,0x6c,0x69,0x65,0x6e,
0x74,0x20,0x45,0x72,0x72,0x6f,0x72,0x3a,0x20,0x34,0x31,0x33,0x20,0x52,0x65,0x71,
0x75,0x65,0x73,0x74,0x20,0x45,0x6e,0x74,0x69,0x74,0x79,0x20,0x54,0x6f,0x6f,0x20,
0x4c,0x61,0x72,0x67,0x65,0x00,0x00,0x00,0x0a,0x20,0x20,0x43,0x6c,0x69,0x65,0x6e,
0x74,0x20,0x45,0x72,0x72,0x6f,0x72,0x3a,0x20,0x34,0x31,0x34,0x20,0x52,0x65,0x71,
0x75,0x65,0x73,0x74,0x20,0x55,0x52,0x49,0x20,0x54,0x6f,0x6f,0x20,0x4c,0x6f,0x6e,
0x67,0x00,0x00,0x00,0x00,0x00,0x00,0x00,0x0a,0x20,0x20,0x43,0x6c,0x69,0x65,0x6e,
0x74,0x20,0x45,0x72,0x72,0x6f,0x72,0x3a,0x20,0x34,0x31,0x35,0x20,0x55,0x6e,0x73,
0x75,0x70,0x70,0x6f,0x72,0x74,0x65,0x64,0x20,0x4d,0x65,0x64,0x69,0x61,0x20,0x54,
0x79,0x70,0x65,0x00,0x00,0x00,0x00,0x00,0x0a,0x20,0x20,0x43,0x6c,0x69,0x65,0x6e,
0x74,0x20,0x45,0x72,0x72,0x6f,0x72,0x3a,0x20,0x34,0x31,0x36,0x20,0x52,0x65,0x71,
0x75,0x65,0x73,0x74,0x65,0x64,0x20,0x52,0x61,0x6e,0x67,0x65,0x20,0x4e,0x6f,0x74,
0x20,0x53,0x61,0x74,0x69,0x73,0x66,0x69,0x61,0x62,0x6c,0x65,0x00,0x00,0x00,0x00,
0x0a,0x20,0x20,0x43,0x6c,0x69,0x65,0x6e,0x74,0x20,0x45,0x72,0x72,0x6f,0x72,0x3a,
0x20,0x34,0x31,0x37,0x20,0x45,0x78,0x70,0x65,0x63,0x74,0x61,0x74,0x69,0x6f,0x6e,
0x20,0x46,0x61,0x69,0x6c,0x65,0x64,0x00,0x0a,0x20,0x20,0x53,0x65,0x72,0x76,0x65,
0x72,0x20,0x45,0x72,0x72,0x6f,0x72,0x3a,0x20,0x35,0x30,0x30,0x20,0x49,0x6e,0x74,
0x65,0x72,0x6e,0x61,0x6c,0x20,0x53,0x65,0x72,0x76,0x65,0x72,0x20,0x45,0x72,0x72,
0x6f,0x72,0x00,0x00,0x00,0x00,0x00,0x00,0x0a,0x20,0x20,0x53,0x65,0x72,0x76,0x65,
0x72,0x20,0x45,0x72,0x72,0x6f,0x72,0x3a,0x20,0x35,0x30,0x31,0x20,0x4e,0x6f,0x74,
0x20,0x49,0x6d,0x70,0x6c,0x65,0x6d,0x65,0x6e,0x74,0x65,0x64,0x00,0x00,0x00,0x00,
0x0a,0x20,0x20,0x53,0x65,0x72,0x76,0x65,0x72,0x20,0x45,0x72,0x72,0x6f,0x72,0x3a,
0x20,0x35,0x30,0x32,0x20,0x42,0x61,0x64,0x20,0x47,0x61,0x74,0x65,0x77,0x61,0x79,
0x00,0x00,0x00,0x00,0x00,0x00,0x00,0x00,0x0a,0x20,0x20,0x53,0x65,0x72,0x76,0x65,
0x72,0x20,0x45,0x72,0x72,0x6f,0x72,0x3a,0x20,0x35,0x30,0x33,0x20,0x53,0x65,0x72,
0x76,0x69,0x63,0x65,0x20,0x55,0x6e,0x61,0x76,0x61,0x69,0x6c,0x61,0x62,0x6c,0x65,
0x00,0x00,0x00,0x00,0x00,0x00,0x00,0x00,0x0a,0x20,0x20,0x53,0x65,0x72,0x76,0x65,
0x72,0x20,0x45,0x72,0x72,0x6f,0x72,0x3a,0x20,0x35,0x30,0x34,0x20,0x47,0x61,0x74,
0x65,0x77,0x61,0x79,0x20,0x54,0x69,0x6d,0x65,0x6f,0x75,0x74,0x00,0x00,0x00,0x00,
0x0a,0x20,0x20,0x53,0x65,0x72,0x76,0x65,0x72,0x20,0x45,0x72,0x72,0x6f,0x72,0x3a,
0x20,0x35,0x30,0x35,0x20,0x48,0x54,0x54,0x50,0x20,0x56,0x65,0x72,0x73,0x69,0x6f,
0x6e,0x20,0x4e,0x6f,0x74,0x20,0x53,0x75,0x70,0x70,0x6f,0x72,0x74,0x65,0x64,0x00,
0x68,0x74,0x74,0x70,0x3a,0x2f,0x2f,0x00,0x68,0x74,0x74,0x70,0x73,0x3a,0x2f,0x2f,
0x00,0x00,0x00,0x00,0x00,0x00,0x00,0x00,0x43,0x6f,0x6e,0x74,0x65,0x6e,0x74,0x2d,
0x54,0x79,0x70,0x65,0x00,0x00,0x00,0x00,0x00,0x00,0x00,0x00,0x00,0x00,0x00,0x00,
0x61,0x70,0x70,0x6c,0x69,0x63,0x61,0x74,0x69,0x6f,0x6e,0x2f,0x65,0x66,0x69,0x00,
0x61,0x70,0x70,0x6c,0x69,0x63,0x61,0x74,0x69,0x6f,0x6e,0x2f,0x76,0x6e,0x64,0x2e,
0x65,0x66,0x69,0x2d,0x69,0x73,0x6f,0x00,0x00,0x00,0x00,0x00,0x00,0x00,0x00,0x00,
0x61,0x70,0x70,0x6c,0x69,0x63,0x61,0x74,0x69,0x6f,0x6e,0x2f,0x76,0x6e,0x64,0x2e,
0x65,0x66,0x69,0x2d,0x69,0x6d,0x67,0x00,0x2e,0x65,0x66,0x69,0x00,0x00,0x00,0x00,
0x2e,0x69,0x73,0x6f,0x00,0x00,0x00,0x00,0x2e,0x69,0x6d,0x67,0x00,0x00,0x00,0x00,
0x65,0x6e,0x67,0x00,0x65,0x6e,0x00,0x00,0x65,0x6e,0x67,0x3b,0x65,0x6e,0x00,0x00,
0x55,0x00,0x45,0x00,0x46,0x00,0x49,0x00,0x20,0x00,0x48,0x00,0x54,0x00,0x54,0x00,
0x50,0x00,0x20,0x00,0x42,0x00,0x6f,0x00,0x6f,0x00,0x74,0x00,0x20,0x00,0x44,0x00,
0x72,0x00,0x69,0x00,0x76,0x00,0x65,0x00,0x72,0x00,0x00,0x00,0x00,0x00,0x00,0x00,
0x55,0x00,0x45,0x00,0x46,0x00,0x49,0x00,0x20,0x00,0x48,0x00,0x74,0x00,0x74,0x00,
0x70,0x00,0x20,0x00,0x42,0x00,0x6f,0x00,0x6f,0x00,0x74,0x00,0x20,0x00,0x43,0x00,
0x6f,0x00,0x6e,0x00,0x74,0x00,0x72,0x00,0x6f,0x00,0x6c,0x00,0x6c,0x00,0x65,0x00,
0x72,0x00,0x00,0x00,0x00,0x00,0x00,0x00,0x00,0x00,0x00,0x00,0x00,0x00,0x00,0x00,
0x68,0x00,0x74,0x00,0x74,0x00,0x70,0x00,0x3a,0x00,0x2f,0x00,0x2f,0x00,0x00,0x00,
0x68,0x00,0x74,0x00,0x74,0x00,0x70,0x00,0x73,0x00,0x3a,0x00,0x2f,0x00,0x2f,0x00,
0x00,0x00,0x00,0x00,0x00,0x00,0x00,0x00,0x00,0x00,0x00,0x00,0x00,0x00,0x00,0x00,
0x55,0x00,0x45,0x00,0x46,0x00,0x49,0x00,0x20,0x00,0x48,0x00,0x54,0x00,0x54,0x00,
0x50,0x00,0x00,0x00,0x00,0x00,0x00,0x00,0x4f,0x00,0x46,0x00,0x46,0x00,0x53,0x00,
0x45,0x00,0x54,0x00,0x00,0x00,0x00,0x00,0x25,0x00,0x73,0x00,0x26,0x00,0x4f,0x00,
0x46,0x00,0x46,0x00,0x53,0x00,0x45,0x00,0x54,0x00,0x3d,0x00,0x30,0x00,0x26,0x00,
0x57,0x00,0x49,0x00,0x44,0x00,0x54,0x00,0x48,0x00,0x3d,0x00,0x25,0x00,0x30,0x00,
0x31,0x00,0x36,0x00,0x4c,0x00,0x58,0x00,0x00,0x00,0x00,0x00,0x00,0x00,0x00,0x00,
0x4f,0x00,0x6e,0x00,0x6c,0x00,0x79,0x00,0x20,0x00,0x73,0x00,0x75,0x00,0x70,0x00,
0x70,0x00,0x6f,0x00,0x72,0x00,0x74,0x00,0x73,0x00,0x20,0x00,0x48,0x00,0x54,0x00,
0x54,0x00,0x50,0x00,0x20,0x00,0x61,0x00,0x6e,0x00,0x64,0x00,0x20,0x00,0x48,0x00,
0x54,0x00,0x54,0x00,0x50,0x00,0x53,0x00,0x00,0x00,0x00,0x00,0x00,0x00,0x00,0x00,
0x45,0x00,0x52,0x00,0x52,0x00,0x4f,0x00,0x52,0x00,0x3a,0x00,0x20,0x00,0x55,0x00,
0x6e,0x00,0x73,0x00,0x75,0x00,0x70,0x00,0x70,0x00,0x6f,0x00,0x72,0x00,0x74,0x00,
0x65,0x00,0x64,0x00,0x20,0x00,0x55,0x00,0x52,0x00,0x49,0x00,0x21,0x00,0x00,0x00,
0x48,0x00,0x54,0x00,0x54,0x00,0x50,0x00,0x20,0x00,0x69,0x00,0x73,0x00,0x20,0x00,
0x64,0x00,0x69,0x00,0x73,0x00,0x61,0x00,0x62,0x00,0x6c,0x00,0x65,0x00,0x64,0x00,
0x00,0x00,0x00,0x00,0x00,0x00,0x00,0x00,0x25,0x00,0x73,0x00,0x20,0x00,0x28,0x00,
0x4d,0x00,0x41,0x00,0x43,0x00,0x3a,0x00,0x25,0x00,0x73,0x00,0x29,0x00,0x00,0x00,
0x0a,0x20,0x20,0x45,0x72,0x72,0x6f,0x72,0x3a,0x20,0x49,0x6e,0x76,0x61,0x6c,0x69,
0x64,0x20,0x55,0x52,0x49,0x20,0x61,0x64,0x64,0x72,0x65,0x73,0x73,0x2e,0x0a,0x00,
0x0a,0x20,0x20,0x45,0x72,0x72,0x6f,0x72,0x3a,0x20,0x41,0x63,0x63,0x65,0x73,0x73,
0x20,0x66,0x6f,0x72,0x62,0x69,0x64,0x64,0x65,0x6e,0x2c,0x20,0x6f,0x6e,0x6c,0x79,
0x20,0x48,0x54,0x54,0x50,0x53,0x20,0x63,0x6f,0x6e,0x6e,0x65,0x63,0x74,0x69,0x6f,
0x6e,0x20,0x69,0x73,0x20,0x61,0x6c,0x6c,0x6f,0x77,0x65,0x64,0x2e,0x0a,0x00,0x00,
0x0a,0x20,0x20,0x45,0x72,0x72,0x6f,0x72,0x3a,0x20,0x43,0x6f,0x75,0x6c,0x64,0x20,
0x6e,0x6f,0x74,0x20,0x72,0x65,0x74,0x72,0x69,0x65,0x76,0x65,0x20,0x74,0x68,0x65,
0x20,0x68,0x6f,0x73,0x74,0x20,0x61,0x64,0x64,0x72,0x65,0x73,0x73,0x20,0x66,0x72,
0x6f,0x6d,0x20,0x44,0x4e,0x53,0x20,0x73,0x65,0x72,0x76,0x65,0x72,0x2e,0x0a,0x00,
0x48,0x6f,0x73,0x74,0x00,0x00,0x00,0x00,0x2a,0x2f,0x2a,0x00,0x41,0x63,0x63,0x65,
0x70,0x74,0x00,0x00,0x00,0x00,0x00,0x00,0x55,0x65,0x66,0x69,0x48,0x74,0x74,0x70,
0x42,0x6f,0x6f,0x74,0x2f,0x31,0x2e,0x30,0x00,0x00,0x00,0x00,0x00,0x00,0x00,0x00,
0x55,0x73,0x65,0x72,0x2d,0x41,0x67,0x65,0x6e,0x74,0x00,0x00,0x00,0x00,0x00,0x00,
0x48,0x54,0x54,0x50,0x43,0x6c,0x69,0x65,0x6e,0x74,0x3a,0x41,0x72,0x63,0x68,0x3a,
0x78,0x78,0x78,0x78,0x78,0x3a,0x55,0x4e,0x44,0x49,0x3a,0x30,0x30,0x33,0x30,0x30,
0x30,0x00,0x00,0x00,0x00,0x00,0x00,0x00,0x0a,0x20,0x20,0x53,0x74,0x61,0x74,0x69,
0x6f,0x6e,0x20,0x49,0x50,0x20,0x61,0x64,0x64,0x72,0x65,0x73,0x73,0x20,0x69,0x73,
0x20,0x00,0x00,0x00,0x0d,0x34,0x35,0x36,0x3c,0x43,0x06,0x00,0x00,0x00,0x00,0x00,
0x0a,0x20,0x20,0x53,0x74,0x61,0x74,0x69,0x6f,0x6e,0x20,0x49,0x50,0x76,0x36,0x20,
0x61,0x64,0x64,0x72,0x65,0x73,0x73,0x20,0x69,0x73,0x20,0x00,0x00,0x00,0x00,0x00,
0x53,0x75,0x63,0x63,0x65,0x73,0x73,0x00,0x57,0x61,0x72,0x6e,0x69,0x6e,0x67,0x20,
0x55,0x6e,0x6b,0x6e,0x6f,0x77,0x6e,0x20,0x47,0x6c,0x79,0x70,0x68,0x00,0x00,0x00,
0x57,0x61,0x72,0x6e,0x69,0x6e,0x67,0x20,0x44,0x65,0x6c,0x65,0x74,0x65,0x20,0x46,
0x61,0x69,0x6c,0x75,0x72,0x65,0x00,0x00,0x57,0x61,0x72,0x6e,0x69,0x6e,0x67,0x20,
0x57,0x72,0x69,0x74,0x65,0x20,0x46,0x61,0x69,0x6c,0x75,0x72,0x65,0x00,0x00,0x00,
0x57,0x61,0x72,0x6e,0x69,0x6e,0x67,0x20,0x42,0x75,0x66,0x66,0x65,0x72,0x20,0x54,
0x6f,0x6f,0x20,0x53,0x6d,0x61,0x6c,0x6c,0x00,0x00,0x00,0x00,0x00,0x00,0x00,0x00,
0x57,0x61,0x72,0x6e,0x69,0x6e,0x67,0x20,0x53,0x74,0x61,0x6c,0x65,0x20,0x44,0x61,
0x74,0x61,0x00,0x00,0x00,0x00,0x00,0x00,0x4c,0x6f,0x61,0x64,0x20,0x45,0x72,0x72,
0x6f,0x72,0x00,0x00,0x00,0x00,0x00,0x00,0x49,0x6e,0x76,0x61,0x6c,0x69,0x64,0x20,
0x50,0x61,0x72,0x61,0x6d,0x65,0x74,0x65,0x72,0x00,0x00,0x00,0x00,0x00,0x00,0x00,
0x55,0x6e,0x73,0x75,0x70,0x70,0x6f,0x72,0x74,0x65,0x64,0x00,0x00,0x00,0x00,0x00,
0x42,0x61,0x64,0x20,0x42,0x75,0x66,0x66,0x65,0x72,0x20,0x53,0x69,0x7a,0x65,0x00,
0x42,0x75,0x66,0x66,0x65,0x72,0x20,0x54,0x6f,0x6f,0x20,0x53,0x6d,0x61,0x6c,0x6c,
0x00,0x00,0x00,0x00,0x00,0x00,0x00,0x00,0x4e,0x6f,0x74,0x20,0x52,0x65,0x61,0x64,
0x79,0x00,0x00,0x00,0x00,0x00,0x00,0x00,0x44,0x65,0x76,0x69,0x63,0x65,0x20,0x45,
0x72,0x72,0x6f,0x72,0x00,0x00,0x00,0x00,0x57,0x72,0x69,0x74,0x65,0x20,0x50,0x72,
0x6f,0x74,0x65,0x63,0x74,0x65,0x64,0x00,0x4f,0x75,0x74,0x20,0x6f,0x66,0x20,0x52,
0x65,0x73,0x6f,0x75,0x72,0x63,0x65,0x73,0x00,0x00,0x00,0x00,0x00,0x00,0x00,0x00,
0x56,0x6f,0x6c,0x75,0x6d,0x65,0x20,0x43,0x6f,0x72,0x72,0x75,0x70,0x74,0x00,0x00,
0x56,0x6f,0x6c,0x75,0x6d,0x65,0x20,0x46,0x75,0x6c,0x6c,0x00,0x00,0x00,0x00,0x00,
0x4e,0x6f,0x20,0x4d,0x65,0x64,0x69,0x61,0x00,0x00,0x00,0x00,0x00,0x00,0x00,0x00,
0x4d,0x65,0x64,0x69,0x61,0x20,0x63,0x68,0x61,0x6e,0x67,0x65,0x64,0x00,0x00,0x00,
0x4e,0x6f,0x74,0x20,0x46,0x6f,0x75,0x6e,0x64,0x00,0x00,0x00,0x00,0x00,0x00,0x00,
0x41,0x63,0x63,0x65,0x73,0x73,0x20,0x44,0x65,0x6e,0x69,0x65,0x64,0x00,0x00,0x00,
0x4e,0x6f,0x20,0x52,0x65,0x73,0x70,0x6f,0x6e,0x73,0x65,0x00,0x00,0x00,0x00,0x00,
0x4e,0x6f,0x20,0x6d,0x61,0x70,0x70,0x69,0x6e,0x67,0x00,0x00,0x00,0x00,0x00,0x00,
0x54,0x69,0x6d,0x65,0x20,0x6f,0x75,0x74,0x00,0x00,0x00,0x00,0x00,0x00,0x00,0x00,
0x4e,0x6f,0x74,0x20,0x73,0x74,0x61,0x72,0x74,0x65,0x64,0x00,0x00,0x00,0x00,0x00,
0x41,0x6c,0x72,0x65,0x61,0x64,0x79,0x20,0x73,0x74,0x61,0x72,0x74,0x65,0x64,0x00,
0x41,0x62,0x6f,0x72,0x74,0x65,0x64,0x00,0x49,0x43,0x4d,0x50,0x20,0x45,0x72,0x72,
0x6f,0x72,0x00,0x00,0x00,0x00,0x00,0x00,0x54,0x46,0x54,0x50,0x20,0x45,0x72,0x72,
0x6f,0x72,0x00,0x00,0x00,0x00,0x00,0x00,0x50,0x72,0x6f,0x74,0x6f,0x63,0x6f,0x6c,
0x20,0x45,0x72,0x72,0x6f,0x72,0x00,0x00,0x49,0x6e,0x63,0x6f,0x6d,0x70,0x61,0x74,
0x69,0x62,0x6c,0x65,0x20,0x56,0x65,0x72,0x73,0x69,0x6f,0x6e,0x00,0x00,0x00,0x00,
0x53,0x65,0x63,0x75,0x72,0x69,0x74,0x79,0x20,0x56,0x69,0x6f,0x6c,0x61,0x74,0x69,
0x6f,0x6e,0x00,0x00,0x00,0x00,0x00,0x00,0x43,0x52,0x43,0x20,0x45,0x72,0x72,0x6f,
0x72,0x00,0x00,0x00,0x00,0x00,0x00,0x00,0x45,0x6e,0x64,0x20,0x6f,0x66,0x20,0x4d,
0x65,0x64,0x69,0x61,0x00,0x00,0x00,0x00,0x52,0x65,0x73,0x65,0x72,0x76,0x65,0x64,
0x20,0x28,0x32,0x39,0x29,0x00,0x00,0x00,0x52,0x65,0x73,0x65,0x72,0x76,0x65,0x64,
0x20,0x28,0x33,0x30,0x29,0x00,0x00,0x00,0x45,0x6e,0x64,0x20,0x6f,0x66,0x20,0x46,
0x69,0x6c,0x65,0x00,0x00,0x00,0x00,0x00,0x49,0x6e,0x76,0x61,0x6c,0x69,0x64,0x20,
0x4c,0x61,0x6e,0x67,0x75,0x61,0x67,0x65,0x00,0x00,0x00,0x00,0x00,0x00,0x00,0x00,
0x43,0x6f,0x6d,0x70,0x72,0x6f,0x6d,0x69,0x73,0x65,0x64,0x20,0x44,0x61,0x74,0x61,
0x00,0x00,0x00,0x00,0x00,0x00,0x00,0x00,0x3c,0x6e,0x75,0x6c,0x6c,0x20,0x73,0x74,
0x72,0x69,0x6e,0x67,0x3e,0x00,0x00,0x00,0x3c,0x6e,0x75,0x6c,0x6c,0x20,0x67,0x75,
0x69,0x64,0x3e,0x00,0x00,0x00,0x00,0x00,0x25,0x30,0x38,0x78,0x2d,0x25,0x30,0x34,
0x78,0x2d,0x25,0x30,0x34,0x78,0x2d,0x25,0x30,0x32,0x78,0x25,0x30,0x32,0x78,0x2d,
0x25,0x30,0x32,0x78,0x25,0x30,0x32,0x78,0x25,0x30,0x32,0x78,0x25,0x30,0x32,0x78,
0x25,0x30,0x32,0x78,0x25,0x30,0x32,0x78,0x00,0x00,0x00,0x00,0x00,0x00,0x00,0x00,
0x3c,0x6e,0x75,0x6c,0x6c,0x20,0x74,0x69,0x6d,0x65,0x3e,0x00,0x00,0x00,0x00,0x00,
0x25,0x30,0x32,0x64,0x2f,0x25,0x30,0x32,0x64,0x2f,0x25,0x30,0x34,0x64,0x20,0x20,
0x25,0x30,0x32,0x64,0x3a,0x25,0x30,0x32,0x64,0x00,0x00,0x00,0x25,0x30,0x38,0x58,
0x00,0x00,0x00,0x00,0x0d,0x0a,0x00,0x00,0x0d,0x00,0x00,0x00,0x00,0x00,0x00,0x00,
0x00,0xd0,0x00,0x00,0x00,0x00,0x00,0x00,0x08,0xd0,0x00,0x00,0x00,0x00,0x00,0x00,
0x20,0xd0,0x00,0x00,0x00,0x00,0x00,0x00,0x38,0xd0,0x00,0x00,0x00,0x00,0x00,0x00,
0x50,0xd0,0x00,0x00,0x00,0x00,0x00,0x00,0x70,0xd0,0x00,0x00,0x00,0x00,0x00,0x00,
0x88,0xd0,0x00,0x00,0x00,0x00,0x00,0x00,0x98,0xd0,0x00,0x00,0x00,0x00,0x00,0x00,
0xb0,0xd0,0x00,0x00,0x00,0x00,0x00,0x00,0xc0,0xd0,0x00,0x00,0x00,0x00,0x00,0x00,
0xd0,0xd0,0x00,0x00,0x00,0x00,0x00,0x00,0xe8,0xd0,0x00,0x00,0x00,0x00,0x00,0x00,
0xf8,0xd0,0x00,0x00,0x00,0x00,0x00,0x00,0x08,0xd1,0x00,0x00,0x00,0x00,0x00,0x00,
0x18,0xd1,0x00,0x00,0x00,0x00,0x00,0x00,0x30,0xd1,0x00,0x00,0x00,0x00,0x00,0x00,
0x40,0xd1,0x00,0x00,0x00,0x00,0x00,0x00,0x50,0xd1,0x00,0x00,0x00,0x00,0x00,0x00,
0x60,0xd1,0x00,0x00,0x00,0x00,0x00,0x00,0x70,0xd1,0x00,0x00,0x00,0x00,0x00,0x00,
0x80,0xd1,0x00,0x00,0x00,0x00,0x00,0x00,0x90,0xd1,0x00,0x00,0x00,0x00,0x00,0x00,
0xa0,0xd1,0x00,0x00,0x00,0x00,0x00,0x00,0xb0,0xd1,0x00,0x00,0x00,0x00,0x00,0x00,
0xc0,0xd1,0x00,0x00,0x00,0x00,0x00,0x00,0xd0,0xd1,0x00,0x00,0x00,0x00,0x00,0x00,
0xe0,0xd1,0x00,0x00,0x00,0x00,0x00,0x00,0xe8,0xd1,0x00,0x00,0x00,0x00,0x00,0x00,
0xf8,0xd1,0x00,0x00,0x00,0x00,0x00,0x00,0x08,0xd2,0x00,0x00,0x00,0x00,0x00,0x00,
0x18,0xd2,0x00,0x00,0x00,0x00,0x00,0x00,0x30,0xd2,0x00,0x00,0x00,0x00,0x00,0x00,
0x48,0xd2,0x00,0x00,0x00,0x00,0x00,0x00,0x58,0xd2,0x00,0x00,0x00,0x00,0x00,0x00,
0x68,0xd2,0x00,0x00,0x00,0x00,0x00,0x00,0x78,0xd2,0x00,0x00,0x00,0x00,0x00,0x00,
0x88,0xd2,0x00,0x00,0x00,0x00,0x00,0x00,0x98,0xd2,0x00,0x00,0x00,0x00,0x00,0x00,
0xb0,0xd2,0x00,0x00,0x00,0x00,0x00,0x00,0x00,0x00,0x00,0x00,0x00,0x00,0x00,0x00,
0x30,0x31,0x32,0x33,0x34,0x35,0x36,0x37,0x38,0x39,0x41,0x42,0x43,0x44,0x45,0x46,
0x7f,0xff,0x04,0x00,0x00,0x00,0x00,0x00,0x2e,0x00,0x2e,0x00,0x2e,0x00,0x00,0x00,
0x78,0x2d,0x55,0x45,0x46,0x49,0x00,0x00,0x50,0x00,0x6c,0x00,0x61,0x00,0x74,0x00,
0x66,0x00,0x6f,0x00,0x72,0x00,0x6d,0x00,0x4c,0x00,0x61,0x00,0x6e,0x00,0x67,0x00,
0x00,0x00,0x00,0x00,0x00,0x00,0x00,0x00,0x47,0x00,0x55,0x00,0x49,0x00,0x44,0x00,
0x3d,0x00,0x00,0x00,0x00,0x00,0x00,0x00,0x26,0x00,0x4e,0x00,0x41,0x00,0x4d,0x00,
0x45,0x00,0x3d,0x00,0x00,0x00,0x00,0x00,0x26,0x00,0x50,0x00,0x41,0x00,0x54,0x00,
0x48,0x00,0x3d,0x00,0x00,0x00,0x00,0x00,0x04,0x00,0x00,0xdf,0x00,0x00,0x00,0x00,
0x54,0x72,0x61,0x6e,0x73,0x66,0x65,0x72,0x2d,0x45,0x6e,0x63,0x6f,0x64,0x69,0x6e,
0x67,0x00,0x00,0x00,0x00,0x00,0x00,0x00,0x69,0x64,0x65,0x6e,0x74,0x69,0x74,0x79,
0x00,0x00,0x00,0x00,0x00,0x00,0x00,0x00,0x44,0x00,0x72,0x00,0x69,0x00,0x76,0x00,
0x65,0x00,0x72,0x00,0x00,0x00,0x00,0x00,0x53,0x00,0x79,0x00,0x73,0x00,0x50,0x00,
0x72,0x00,0x65,0x00,0x70,0x00,0x00,0x00,0x42,0x00,0x6f,0x00,0x6f,0x00,0x74,0x00,
0x00,0x00,0x00,0x00,0x00,0x00,0x00,0x00,0x50,0x00,0x6c,0x00,0x61,0x00,0x74,0x00,
0x66,0x00,0x6f,0x00,0x72,0x00,0x6d,0x00,0x52,0x00,0x65,0x00,0x63,0x00,0x6f,0x00,
0x76,0x00,0x65,0x00,0x72,0x00,0x79,0x00,0x00,0x00,0x00,0x00,0x00,0x00,0x00,0x00,
0x44,0x00,0x72,0x00,0x69,0x00,0x76,0x00,0x65,0x00,0x72,0x00,0x4f,0x00,0x72,0x00,
0x64,0x00,0x65,0x00,0x72,0x00,0x00,0x00,0x53,0x00,0x79,0x00,0x73,0x00,0x50,0x00,
0x72,0x00,0x65,0x00,0x70,0x00,0x4f,0x00,0x72,0x00,0x64,0x00,0x65,0x00,0x72,0x00,
0x00,0x00,0x00,0x00,0x00,0x00,0x00,0x00,0x42,0x00,0x6f,0x00,0x6f,0x00,0x74,0x00,
0x4f,0x00,0x72,0x00,0x64,0x00,0x65,0x00,0x72,0x00,0x00,0x00,0x00,0x00,0x00,0x00,
0x42,0x00,0x6f,0x00,0x6f,0x00,0x74,0x00,0x4e,0x00,0x65,0x00,0x78,0x00,0x74,0x00,
0x00,0x00,0x00,0x00,0x00,0x00,0x00,0x00,0x25,0x00,0x73,0x00,0x25,0x00,0x30,0x00,
0x34,0x00,0x78,0x00,0x00,0x00,0x00,0x00,0xa0,0xd5,0x00,0x00,0x00,0x00,0x00,0x00,
0xb8,0xd5,0x00,0x00,0x00,0x00,0x00,0x00,0xd8,0xd5,0x00,0x00,0x00,0x00,0x00,0x00,
0x00,0x00,0x00,0x00,0x00,0x00,0x00,0x00,0x48,0xd5,0x00,0x00,0x00,0x00,0x00,0x00,
0x58,0xd5,0x00,0x00,0x00,0x00,0x00,0x00,0x68,0xd5,0x00,0x00,0x00,0x00,0x00,0x00,
0x78,0xd5,0x00,0x00,0x00,0x00,0x00,0x00,0x00,0x00,0x00,0x00,0x00,0x00,0x00,0x00,
0x00,0x00,0x00,0x00,0x00,0x00,0x00,0x00,0x00,0x00,0x00,0x00,0x00,0x00,0x00,0x00,
0x00,0x00,0x00,0x00,0x00,0x00,0x00,0x00,0x00,0x00,0x00,0x00,0x00,0x00,0x00,0x00,
0x00,0x00,0x00,0x00,0x00,0x00,0x00,0x00,0x00,0x00,0x00,0x00,0x00,0x00,0x00,0x00,
0x00,0x00,0x00,0x00,0x00,0x00,0x00,0x00,0x00,0x00,0x00,0x00,0x00,0x00,0x00,0x00,
0x00,0x00,0x00,0x00,0x00,0x00,0x00,0x00,0x00,0x00,0x00,0x00,0x00,0x00,0x00,0x00,
0x00,0x00,0x00,0x00,0x00,0x00,0x00,0x00,0x00,0x00,0x00,0x00,0x00,0x00,0x00,0x00,
0x00,0x00,0x00,0x00,0x00,0x00,0x00,0x00,0x00,0x00,0x00,0x00,0x00,0x00,0x00,0x00,
0x00,0x00,0x00,0x00,0x00,0x00,0x00,0x00,0x00,0x00,0x00,0x00,0x00,0x00,0x00,0x00,
0x00,0x00,0x00,0x00,0x00,0x00,0x00,0x00,0x00,0x00,0x00,0x00,0x00,0x00,0x00,0x00,
0x00,0x00,0x00,0x00,0x00,0x00,0x00,0x00,0x00,0x00,0x00,0x00,0x00,0x00,0x00,0x00,
0x00,0x00,0x00,0x00,0x00,0x00,0x00,0x00,0x00,0x00,0x00,0x00,0x00,0x00,0x00,0x00,
0x00,0x00,0x00,0x00,0x00,0x00,0x00,0x00,0x00,0x00,0x00,0x00,0x00,0x00,0x00,0x00,
0x00,0x00,0x00,0x00,0x00,0x00,0x00,0x00,0x00,0x00,0x00,0x00,0x00,0x00,0x00,0x00,
0x00,0x00,0x00,0x00,0x00,0x00,0x00,0x00,0x00,0x00,0x00,0x00,0x00,0x00,0x00,0x00,
0x00,0x00,0x00,0x00,0x00,0x00,0x00,0x00,0x00,0x00,0x00,0x00,0x00,0x00,0x00,0x00,
0x00,0x00,0x00,0x00,0x00,0x00,0x00,0x00,0x00,0x00,0x00,0x00,0x00,0x00,0x00,0x00,
0x00,0x00,0x00,0x00,0x00,0x00,0x00,0x00,0x00,0x00,0x00,0x00,0x00,0x00,0x00,0x00,
0x00,0x00,0x00,0x00,0x00,0x00,0x00,0x00,0x00,0x00,0x00,0x00,0x00,0x00,0x00,0x00,
0x00,0x00,0x00,0x00,0x00,0x00,0x00,0x00,0x00,0x00,0x00,0x00,0x00,0x00,0x00,0x00,
0x00,0x00,0x00,0x00,0x00,0x00,0x00,0x00,0x00,0x00,0x00,0x00,0x00,0x00,0x00,0x00,
0x00,0x00,0x00,0x00,0x00,0x00,0x00,0x00,0x00,0x00,0x00,0x00,0x00,0x00,0x00,0x00,
0x00,0x00,0x00,0x00,0x00,0x00,0x00,0x00,0x00,0x00,0x00,0x00,0x00,0x00,0x00,0x00,
0x00,0x00,0x00,0x00,0x00,0x00,0x00,0x00,0x00,0x00,0x00,0x00,0x00,0x00,0x00,0x00,
0x00,0x00,0x00,0x00,0x00,0x00,0x00,0x00,0x00,0x00,0x00,0x00,0x00,0x00,0x00,0x00,
0x00,0x00,0x00,0x00,0x00,0x00,0x00,0x00,0x00,0x00,0x00,0x00,0x00,0x00,0x00,0x00,
0x00,0x00,0x00,0x00,0x00,0x00,0x00,0x00,0x00,0x00,0x00,0x00,0x00,0x00,0x00,0x00,
0x00,0x00,0x00,0x00,0x00,0x00,0x00,0x00,0x00,0x00,0x00,0x00,0x00,0x00,0x00,0x00,
0x00,0x00,0x00,0x00,0x00,0x00,0x00,0x00,0x00,0x00,0x00,0x00,0x00,0x00,0x00,0x00,
0x00,0x00,0x00,0x00,0x00,0x00,0x00,0x00,0x00,0x00,0x00,0x00,0x00,0x00,0x00,0x00,
0x00,0x00,0x00,0x00,0x00,0x00,0x00,0x00,0x00,0x00,0x00,0x00,0x00,0x00,0x00,0x00,
0x00,0x00,0x00,0x00,0x00,0x00,0x00,0x00,0x00,0x00,0x00,0x00,0x00,0x00,0x00,0x00,
0x00,0x00,0x00,0x00,0x00,0x00,0x00,0x00,0x00,0x00,0x00,0x00,0x00,0x00,0x00,0x00,
0x00,0x00,0x00,0x00,0x00,0x00,0x00,0x00,0x00,0x00,0x00,0x00,0x00,0x00,0x00,0x00,
0x00,0x00,0x00,0x00,0x00,0x00,0x00,0x00,0x00,0x00,0x00,0x00,0x00,0x00,0x00,0x00,
0x00,0x00,0x00,0x00,0x00,0x00,0x00,0x00,0x00,0x00,0x00,0x00,0x00,0x00,0x00,0x00,
0x00,0x00,0x00,0x00,0x00,0x00,0x00,0x00,0x00,0x00,0x00,0x00,0x00,0x00,0x00,0x00,
0x00,0x00,0x00,0x00,0x00,0x00,0x00,0x00,0x00,0x00,0x00,0x00,0x00,0x00,0x00,0x00,
0x00,0x00,0x00,0x00,0x00,0x00,0x00,0x00,0x00,0x00,0x00,0x00,0x00,0x00,0x00,0x00,
0x00,0x00,0x00,0x00,0x00,0x00,0x00,0x00,0x00,0x00,0x00,0x00,0x00,0x00,0x00,0x00,
0x00,0x00,0x00,0x00,0x00,0x00,0x00,0x00,0x00,0x00,0x00,0x00,0x00,0x00,0x00,0x00,
0x00,0x00,0x00,0x00,0x00,0x00,0x00,0x00,0x00,0x00,0x00,0x00,0x00,0x00,0x00,0x00,
0x00,0x00,0x00,0x00,0x00,0x00,0x00,0x00,0x00,0x00,0x00,0x00,0x00,0x00,0x00,0x00,
0x00,0x00,0x00,0x00,0x00,0x00,0x00,0x00,0x00,0x00,0x00,0x00,0x00,0x00,0x00,0x00,
0x00,0x00,0x00,0x00,0x00,0x00,0x00,0x00,0x00,0x00,0x00,0x00,0x00,0x00,0x00,0x00,
0x00,0x00,0x00,0x00,0x00,0x00,0x00,0x00,0x00,0x00,0x00,0x00,0x00,0x00,0x00,0x00,
0x00,0x00,0x00,0x00,0x00,0x00,0x00,0x00,0x00,0x00,0x00,0x00,0x00,0x00,0x00,0x00,
0x00,0x00,0x00,0x00,0x00,0x00,0x00,0x00,0x00,0x00,0x00,0x00,0x00,0x00,0x00,0x00,
0x00,0x00,0x00,0x00,0x00,0x00,0x00,0x00,0x00,0x00,0x00,0x00,0x00,0x00,0x00,0x00,
0x00,0x00,0x00,0x00,0x00,0x00,0x00,0x00,0x00,0x00,0x00,0x00,0x00,0x00,0x00,0x00,
0x00,0x00,0x00,0x00,0x00,0x00,0x00,0x00,0x00,0x00,0x00,0x00,0x00,0x00,0x00,0x00,
0x00,0x00,0x00,0x00,0x00,0x00,0x00,0x00,0x00,0x00,0x00,0x00,0x00,0x00,0x00,0x00,
0x00,0x00,0x00,0x00,0x00,0x00,0x00,0x00,0x00,0x00,0x00,0x00,0x00,0x00,0x00,0x00,
0x00,0x00,0x00,0x00,0x00,0x00,0x00,0x00,0x00,0x00,0x00,0x00,0x00,0x00,0x00,0x00,
0x00,0x00,0x00,0x00,0x00,0x00,0x00,0x00,0x00,0x00,0x00,0x00,0x00,0x00,0x00,0x00,
0x00,0x00,0x00,0x00,0x00,0x00,0x00,0x00,0x00,0x00,0x00,0x00,0x00,0x00,0x00,0x00,
0x00,0x00,0x00,0x00,0x00,0x00,0x00,0x00,0x00,0x00,0x00,0x00,0x00,0x00,0x00,0x00,
0x00,0x00,0x00,0x00,0x00,0x00,0x00,0x00,0x00,0x00,0x00,0x00,0x00,0x00,0x00,0x00,
0x00,0x00,0x00,0x00,0x00,0x00,0x00,0x00,0x00,0x00,0x00,0x00,0x00,0x00,0x00,0x00,
0x00,0x00,0x00,0x00,0x00,0x00,0x00,0x00,0x00,0x00,0x00,0x00,0x00,0x00,0x00,0x00,
0x00,0x00,0x00,0x00,0x00,0x00,0x00,0x00,0x00,0x00,0x00,0x00,0x00,0x00,0x00,0x00,
0x00,0x00,0x00,0x00,0x00,0x00,0x00,0x00,0x00,0x00,0x00,0x00,0x00,0x00,0x00,0x00,
0x00,0x00,0x00,0x00,0x00,0x00,0x00,0x00,0x00,0x00,0x00,0x00,0x00,0x00,0x00,0x00,
0x00,0x00,0x00,0x00,0x00,0x00,0x00,0x00,0x00,0x00,0x00,0x00,0x00,0x00,0x00,0x00,
0x00,0x00,0x00,0x00,0x00,0x00,0x00,0x00,0x00,0x00,0x00,0x00,0x00,0x00,0x00,0x00,
0x00,0x00,0x00,0x00,0x00,0x00,0x00,0x00,0x00,0x00,0x00,0x00,0x00,0x00,0x00,0x00,
0x00,0x00,0x00,0x00,0x00,0x00,0x00,0x00,0x00,0x00,0x00,0x00,0x00,0x00,0x00,0x00,
0x00,0x00,0x00,0x00,0x00,0x00,0x00,0x00,0x00,0x00,0x00,0x00,0x00,0x00,0x00,0x00,
0x00,0x00,0x00,0x00,0x00,0x00,0x00,0x00,0x00,0x00,0x00,0x00,0x00,0x00,0x00,0x00,
0x00,0x00,0x00,0x00,0x00,0x00,0x00,0x00,0x00,0x00,0x00,0x00,0x00,0x00,0x00,0x00,
0x00,0x00,0x00,0x00,0x00,0x00,0x00,0x00,0x00,0x00,0x00,0x00,0x00,0x00,0x00,0x00,
0x00,0x00,0x00,0x00,0x00,0x00,0x00,0x00,0x00,0x00,0x00,0x00,0x00,0x00,0x00,0x00,
0x00,0x00,0x00,0x00,0x00,0x00,0x00,0x00,0x00,0x00,0x00,0x00,0x00,0x00,0x00,0x00,
0x00,0x00,0x00,0x00,0x00,0x00,0x00,0x00,0x00,0x00,0x00,0x00,0x00,0x00,0x00,0x00,
0x00,0x00,0x00,0x00,0x00,0x00,0x00,0x00,0x00,0x00,0x00,0x00,0x00,0x00,0x00,0x00,
0x00,0x00,0x00,0x00,0x00,0x00,0x00,0x00,0x00,0x00,0x00,0x00,0x00,0x00,0x00,0x00,
0x00,0x00,0x00,0x00,0x00,0x00,0x00,0x00,0x00,0x00,0x00,0x00,0x00,0x00,0x00,0x00,
0x00,0x00,0x00,0x00,0x00,0x00,0x00,0x00,0x00,0x00,0x00,0x00,0x00,0x00,0x00,0x00,
0x00,0x00,0x00,0x00,0x00,0x00,0x00,0x00,0x00,0x00,0x00,0x00,0x00,0x00,0x00,0x00,
0x00,0x00,0x00,0x00,0x00,0x00,0x00,0x00,0x00,0x00,0x00,0x00,0x00,0x00,0x00,0x00,
0x00,0x00,0x00,0x00,0x00,0x00,0x00,0x00,0x00,0x00,0x00,0x00,0x00,0x00,0x00,0x00,
0x00,0x00,0x00,0x00,0x00,0x00,0x00,0x00,0x00,0x00,0x00,0x00,0x00,0x00,0x00,0x00,
0x00,0x00,0x00,0x00,0x00,0x00,0x00,0x00,0x00,0x00,0x00,0x00,0x00,0x00,0x00,0x00,
0x00,0x00,0x00,0x00,0x00,0x00,0x00,0x00,0x00,0x00,0x00,0x00,0x00,0x00,0x00,0x00,
0x00,0x00,0x00,0x00,0x00,0x00,0x00,0x00,0x00,0x00,0x00,0x00,0x00,0x00,0x00,0x00,
0x00,0x00,0x00,0x00,0x00,0x00,0x00,0x00,0x00,0x00,0x00,0x00,0x00,0x00,0x00,0x00,
0x00,0x00,0x00,0x00,0x00,0x00,0x00,0x00,0x00,0x00,0x00,0x00,0x00,0x00,0x00,0x00,
0x00,0x00,0x00,0x00,0x00,0x00,0x00,0x00,0x00,0x00,0x00,0x00,0x00,0x00,0x00,0x00,
0x00,0x00,0x00,0x00,0x00,0x00,0x00,0x00,0x00,0x00,0x00,0x00,0x00,0x00,0x00,0x00,
0x00,0x00,0x00,0x00,0x00,0x00,0x00,0x00,0x00,0x00,0x00,0x00,0x00,0x00,0x00,0x00,
0x00,0x00,0x00,0x00,0x00,0x00,0x00,0x00,0x00,0x00,0x00,0x00,0x00,0x00,0x00,0x00,
0x00,0x00,0x00,0x00,0x00,0x00,0x00,0x00,0x00,0x00,0x00,0x00,0x00,0x00,0x00,0x00,
0x00,0x00,0x00,0x00,0x00,0x00,0x00,0x00,0x00,0x00,0x00,0x00,0x00,0x00,0x00,0x00,
0x00,0x00,0x00,0x00,0x00,0x00,0x00,0x00,0x00,0x00,0x00,0x00,0x00,0x00,0x00,0x00,
0x00,0x00,0x00,0x00,0x00,0x00,0x00,0x00,0x00,0x00,0x00,0x00,0x00,0x00,0x00,0x00,
0x00,0x00,0x00,0x00,0x00,0x00,0x00,0x00,0x00,0x00,0x00,0x00,0x00,0x00,0x00,0x00,
0x00,0x00,0x00,0x00,0x00,0x00,0x00,0x00,0x00,0x00,0x00,0x00,0x00,0x00,0x00,0x00,
0x00,0x00,0x00,0x00,0x00,0x00,0x00,0x00,0x00,0x00,0x00,0x00,0x00,0x00,0x00,0x00,
0x00,0x00,0x00,0x00,0x00,0x00,0x00,0x00,0x00,0x00,0x00,0x00,0x00,0x00,0x00,0x00,
0x00,0x00,0x00,0x00,0x00,0x00,0x00,0x00,0x00,0x00,0x00,0x00,0x00,0x00,0x00,0x00,
0x00,0x00,0x00,0x00,0x00,0x00,0x00,0x00,0x00,0x00,0x00,0x00,0x00,0x00,0x00,0x00,
0x00,0x00,0x00,0x00,0x00,0x00,0x00,0x00,0x00,0x00,0x00,0x00,0x00,0x00,0x00,0x00,
0x00,0x00,0x00,0x00,0x00,0x00,0x00,0x00,0x00,0x00,0x00,0x00,0x00,0x00,0x00,0x00,
0x00,0x00,0x00,0x00,0x00,0x00,0x00,0x00,0x00,0x00,0x00,0x00,0x00,0x00,0x00,0x00,
0x00,0x00,0x00,0x00,0x00,0x00,0x00,0x00,0x00,0x00,0x00,0x00,0x00,0x00,0x00,0x00,
0x00,0x00,0x00,0x00,0x00,0x00,0x00,0x00,0x00,0x00,0x00,0x00,0x00,0x00,0x00,0x00,
0x00,0x00,0x00,0x00,0x00,0x00,0x00,0x00,0x00,0x00,0x00,0x00,0x00,0x00,0x00,0x00,
0x00,0x00,0x00,0x00,0x00,0x00,0x00,0x00,0x00,0x00,0x00,0x00,0x00,0x00,0x00,0x00,
0x00,0x00,0x00,0x00,0x00,0x00,0x00,0x00,0x00,0x00,0x00,0x00,0x00,0x00,0x00,0x00,
0x00,0x00,0x00,0x00,0x00,0x00,0x00,0x00,0x00,0x00,0x00,0x00,0x00,0x00,0x00,0x00,
0x00,0x00,0x00,0x00,0x00,0x00,0x00,0x00,0x00,0x00,0x00,0x00,0x00,0x00,0x00,0x00,
0x00,0x00,0x00,0x00,0x00,0x00,0x00,0x00,0x00,0x00,0x00,0x00,0x00,0x00,0x00,0x00,
0x00,0x00,0x00,0x00,0x00,0x00,0x00,0x00,0x00,0x00,0x00,0x00,0x00,0x00,0x00,0x00,
0x00,0x00,0x00,0x00,0x00,0x00,0x00,0x00,0x00,0x00,0x00,0x00,0x00,0x00,0x00,0x00,
0x00,0x00,0x00,0x00,0x00,0x00,0x00,0x00,0x00,0x00,0x00,0x00,0x00,0x00,0x00,0x00,
0x00,0x00,0x00,0x00,0x00,0x00,0x00,0x00,0x00,0x00,0x00,0x00,0x00,0x00,0x00,0x00,
0x00,0x00,0x00,0x00,0x00,0x00,0x00,0x00,0x00,0x00,0x00,0x00,0x00,0x00,0x00,0x00,
0x00,0x00,0x00,0x00,0x00,0x00,0x00,0x00,0x00,0x00,0x00,0x00,0x00,0x00,0x00,0x00,
0x00,0x00,0x00,0x00,0x00,0x00,0x00,0x00,0x00,0x00,0x00,0x00,0x00,0x00,0x00,0x00,
0x00,0x00,0x00,0x00,0x00,0x00,0x00,0x00,0x00,0x00,0x00,0x00,0x00,0x00,0x00,0x00,
0x00,0x00,0x00,0x00,0x00,0x00,0x00,0x00,0x00,0x00,0x00,0x00,0x00,0x00,0x00,0x00,
0x00,0x00,0x00,0x00,0x00,0x00,0x00,0x00,0x00,0x00,0x00,0x00,0x00,0x00,0x00,0x00,
0x00,0x00,0x00,0x00,0x00,0x00,0x00,0x00,0x00,0x00,0x00,0x00,0x00,0x00,0x00,0x00,
0x00,0x00,0x00,0x00,0x00,0x00,0x00,0x00,0x00,0x00,0x00,0x00,0x00,0x00,0x00,0x00,
0x00,0x00,0x00,0x00,0x00,0x00,0x00,0x00,0x00,0x00,0x00,0x00,0x00,0x00,0x00,0x00,
0x00,0x00,0x00,0x00,0x00,0x00,0x00,0x00,0x00,0x00,0x00,0x00,0x00,0x00,0x00,0x00,
0x00,0x00,0x00,0x00,0x00,0x00,0x00,0x00,0x00,0x00,0x00,0x00,0x00,0x00,0x00,0x00,
0x00,0x00,0x00,0x00,0x00,0x00,0x00,0x00,0x00,0x00,0x00,0x00,0x00,0x00,0x00,0x00,
0x00,0x00,0x00,0x00,0x00,0x00,0x00,0x00,0x00,0x00,0x00,0x00,0x00,0x00,0x00,0x00,
0x00,0x00,0x00,0x00,0x00,0x00,0x00,0x00,0x00,0x00,0x00,0x00,0x00,0x00,0x00,0x00,
0x00,0x00,0x00,0x00,0x00,0x00,0x00,0x00,0x00,0x00,0x00,0x00,0x00,0x00,0x00,0x00,
0x00,0x00,0x00,0x00,0x00,0x00,0x00,0x00,0x00,0x00,0x00,0x00,0x00,0x00,0x00,0x00,
0x00,0x00,0x00,0x00,0x00,0x00,0x00,0x00,0x00,0x00,0x00,0x00,0x00,0x00,0x00,0x00,
0x00,0x00,0x00,0x00,0x00,0x00,0x00,0x00,0x00,0x00,0x00,0x00,0x00,0x00,0x00,0x00,
0x00,0x00,0x00,0x00,0x00,0x00,0x00,0x00,0x00,0x00,0x00,0x00,0x00,0x00,0x00,0x00,
0x00,0x00,0x00,0x00,0x00,0x00,0x00,0x00,0x00,0x00,0x00,0x00,0x00,0x00,0x00,0x00,
0x00,0x00,0x00,0x00,0x00,0x00,0x00,0x00,0x00,0x00,0x00,0x00,0x00,0x00,0x00,0x00,
0x00,0x00,0x00,0x00,0x00,0x00,0x00,0x00,0x00,0x00,0x00,0x00,0x00,0x00,0x00,0x00,
0x00,0x00,0x00,0x00,0x00,0x00,0x00,0x00,0x00,0x00,0x00,0x00,0x00,0x00,0x00,0x00,
0x00,0x00,0x00,0x00,0x00,0x00,0x00,0x00,0x00,0x00,0x00,0x00,0x00,0x00,0x00,0x00,
0x00,0x00,0x00,0x00,0x00,0x00,0x00,0x00,0x00,0x00,0x00,0x00,0x00,0x00,0x00,0x00,
0x00,0x00,0x00,0x00,0x00,0x00,0x00,0x00,0x00,0x00,0x00,0x00,0x00,0x00,0x00,0x00,
0x00,0x00,0x00,0x00,0x00,0x00,0x00,0x00,0x00,0x00,0x00,0x00,0x00,0x00,0x00,0x00,
0x00,0x00,0x00,0x00,0x00,0x00,0x00,0x00,0x00,0x00,0x00,0x00,0x00,0x00,0x00,0x00,
0x00,0x00,0x00,0x00,0x00,0x00,0x00,0x00,0x00,0x00,0x00,0x00,0x00,0x00,0x00,0x00,
0x00,0x00,0x00,0x00,0x00,0x00,0x00,0x00,0x00,0x00,0x00,0x00,0x00,0x00,0x00,0x00,
0x00,0x00,0x00,0x00,0x00,0x00,0x00,0x00,0x00,0x00,0x00,0x00,0x00,0x00,0x00,0x00,
0x00,0x00,0x00,0x00,0x00,0x00,0x00,0x00,0x00,0x00,0x00,0x00,0x00,0x00,0x00,0x00,
0x00,0x00,0x00,0x00,0x00,0x00,0x00,0x00,0x00,0x00,0x00,0x00,0x00,0x00,0x00,0x00,
0x00,0x00,0x00,0x00,0x00,0x00,0x00,0x00,0x00,0x00,0x00,0x00,0x00,0x00,0x00,0x00,
0x00,0x00,0x00,0x00,0x00,0x00,0x00,0x00,0x00,0x00,0x00,0x00,0x00,0x00,0x00,0x00,
0x00,0x00,0x00,0x00,0x00,0x00,0x00,0x00,0x00,0x00,0x00,0x00,0x00,0x00,0x00,0x00,
0x00,0x00,0x00,0x00,0x00,0x00,0x00,0x00,0x00,0x00,0x00,0x00,0x00,0x00,0x00,0x00,
0x00,0x00,0x00,0x00,0x00,0x00,0x00,0x00,0x00,0x00,0x00,0x00,0x00,0x00,0x00,0x00,
0x00,0x00,0x00,0x00,0x00,0x00,0x00,0x00,0x00,0x00,0x00,0x00,0x00,0x00,0x00,0x00,
0x00,0x00,0x00,0x00,0x00,0x00,0x00,0x00,0x00,0x00,0x00,0x00,0x00,0x00,0x00,0x00,
0x00,0x00,0x00,0x00,0x00,0x00,0x00,0x00,0x00,0x00,0x00,0x00,0x00,0x00,0x00,0x00,
0x00,0x00,0x00,0x00,0x00,0x00,0x00,0x00,0x00,0x00,0x00,0x00,0x00,0x00,0x00,0x00,
0x00,0x00,0x00,0x00,0x00,0x00,0x00,0x00,0x00,0x00,0x00,0x00,0x00,0x00,0x00,0x00,
0x00,0x00,0x00,0x00,0x00,0x00,0x00,0x00,0x00,0x00,0x00,0x00,0x00,0x00,0x00,0x00,
0x00,0x00,0x00,0x00,0x00,0x00,0x00,0x00,0x00,0x00,0x00,0x00,0x00,0x00,0x00,0x00,
0x00,0x00,0x00,0x00,0x00,0x00,0x00,0x00,0x00,0x00,0x00,0x00,0x00,0x00,0x00,0x00,
0x00,0x00,0x00,0x00,0x00,0x00,0x00,0x00,0x00,0x00,0x00,0x00,0x00,0x00,0x00,0x00,
0x00,0x00,0x00,0x00,0x00,0x00,0x00,0x00,0x00,0x00,0x00,0x00,0x00,0x00,0x00,0x00,
0x00,0x00,0x00,0x00,0x00,0x00,0x00,0x00,0x00,0x00,0x00,0x00,0x00,0x00,0x00,0x00,
0x00,0x00,0x00,0x00,0x00,0x00,0x00,0x00,0x00,0x00,0x00,0x00,0x00,0x00,0x00,0x00,
0x00,0x00,0x00,0x00,0x00,0x00,0x00,0x00,0x00,0x00,0x00,0x00,0x00,0x00,0x00,0x00,
0x00,0x00,0x00,0x00,0x00,0x00,0x00,0x00,0x00,0x00,0x00,0x00,0x00,0x00,0x00,0x00,
0x00,0x00,0x00,0x00,0x00,0x00,0x00,0x00,0x00,0x00,0x00,0x00,0x00,0x00,0x00,0x00,
0x00,0x00,0x00,0x00,0x00,0x00,0x00,0x00,0x00,0x00,0x00,0x00,0x00,0x00,0x00,0x00,
0x00,0x00,0x00,0x00,0x00,0x00,0x00,0x00,0x00,0x00,0x00,0x00,0x00,0x00,0x00,0x00,
0x00,0x00,0x00,0x00,0x00,0x00,0x00,0x00,0x00,0x00,0x00,0x00,0x00,0x00,0x00,0x00,
0x00,0x00,0x00,0x00,0x00,0x00,0x00,0x00,0x00,0x00,0x00,0x00,0x00,0x00,0x00,0x00,
0x00,0x00,0x00,0x00,0x00,0x00,0x00,0x00,0x00,0x00,0x00,0x00,0x00,0x00,0x00,0x00,
0x00,0x00,0x00,0x00,0x00,0x00,0x00,0x00,0x00,0x00,0x00,0x00,0x00,0x00,0x00,0x00,
0x00,0x00,0x00,0x00,0x00,0x00,0x00,0x00,0x00,0x00,0x00,0x00,0x00,0x00,0x00,0x00,
0x00,0x00,0x00,0x00,0x00,0x00,0x00,0x00,0x00,0x00,0x00,0x00,0x00,0x00,0x00,0x00,
0x00,0x00,0x00,0x00,0x00,0x00,0x00,0x00,0x00,0x00,0x00,0x00,0x00,0x00,0x00,0x00,
0x00,0x00,0x00,0x00,0x00,0x00,0x00,0x00,0x00,0x00,0x00,0x00,0x00,0x00,0x00,0x00,
0x00,0x00,0x00,0x00,0x00,0x00,0x00,0x00,0x00,0x00,0x00,0x00,0x00,0x00,0x00,0x00,
0x00,0x00,0x00,0x00,0x00,0x00,0x00,0x00,0x00,0x00,0x00,0x00,0x00,0x00,0x00,0x00,
0x00,0x00,0x00,0x00,0x00,0x00,0x00,0x00,0x00,0x00,0x00,0x00,0x00,0x00,0x00,0x00,
0x00,0x00,0x00,0x00,0x00,0x00,0x00,0x00,0x00,0x00,0x00,0x00,0x00,0x00,0x00,0x00,
0x00,0x00,0x00,0x00,0x00,0x00,0x00,0x00,0x00,0x00,0x00,0x00,0x00,0x00,0x00,0x00,
0x00,0x00,0x00,0x00,0x00,0x00,0x00,0x00,0x00,0x00,0x00,0x00,0x00,0x00,0x00,0x00,
0x00,0x00,0x00,0x00,0x00,0x00,0x00,0x00,0x00,0x00,0x00,0x00,0x00,0x00,0x00,0x00,
0x00,0x00,0x00,0x00,0x00,0x00,0x00,0x00,0x00,0x00,0x00,0x00,0x00,0x00,0x00,0x00,
0x00,0x00,0x00,0x00,0x00,0x00,0x00,0x00,0x00,0x00,0x00,0x00,0x00,0x00,0x00,0x00,
0x00,0x00,0x00,0x00,0x00,0x00,0x00,0x00,0x00,0x00,0x00,0x00,0x00,0x00,0x00,0x00,
0x00,0x00,0x00,0x00,0x00,0x00,0x00,0x00,0x00,0x00,0x00,0x00,0x00,0x00,0x00,0x00,
0x00,0x00,0x00,0x00,0x00,0x00,0x00,0x00,0x00,0x00,0x00,0x00,0x00,0x00,0x00,0x00,
0x00,0x00,0x00,0x00,0x00,0x00,0x00,0x00,0x00,0x00,0x00,0x00,0x00,0x00,0x00,0x00,
0x00,0x00,0x00,0x00,0x00,0x00,0x00,0x00,0x00,0x00,0x00,0x00,0x00,0x00,0x00,0x00,
0x00,0x00,0x00,0x00,0x00,0x00,0x00,0x00,0x00,0x00,0x00,0x00,0x00,0x00,0x00,0x00,
0x00,0x00,0x00,0x00,0x00,0x00,0x00,0x00,0x00,0x00,0x00,0x00,0x00,0x00,0x00,0x00,
0x00,0x00,0x00,0x00,0x00,0x00,0x00,0x00,0x00,0x00,0x00,0x00,0x00,0x00,0x00,0x00,
0x00,0x00,0x00,0x00,0x00,0x00,0x00,0x00,0x00,0x00,0x00,0x00,0x00,0x00,0x00,0x00,
0x00,0x00,0x00,0x00,0x00,0x00,0x00,0x00,0x00,0x00,0x00,0x00,0x00,0x00,0x00,0x00,
0x00,0x00,0x00,0x00,0x00,0x00,0x00,0x00,0x00,0x00,0x00,0x00,0x00,0x00,0x00,0x00,
0x00,0x00,0x00,0x00,0x00,0x00,0x00,0x00,0x00,0x00,0x00,0x00,0x00,0x00,0x00,0x00,
0x00,0x00,0x00,0x00,0x00,0x00,0x00,0x00,0x00,0x00,0x00,0x00,0x00,0x00,0x00,0x00,
0x00,0x00,0x00,0x00,0x00,0x00,0x00,0x00,0x00,0x00,0x00,0x00,0x00,0x00,0x00,0x00,
0x00,0x00,0x00,0x00,0x00,0x00,0x00,0x00,0x00,0x00,0x00,0x00,0x00,0x00,0x00,0x00,
0x00,0x00,0x00,0x00,0x00,0x00,0x00,0x00,0x00,0x00,0x00,0x00,0x00,0x00,0x00,0x00,
0x00,0x00,0x00,0x00,0x00,0x00,0x00,0x00,0x00,0x00,0x00,0x00,0x00,0x00,0x00,0x00,
0x00,0x00,0x00,0x00,0x00,0x00,0x00,0x00,0x00,0x00,0x00,0x00,0x00,0x00,0x00,0x00,
0x00,0x00,0x00,0x00,0x00,0x00,0x00,0x00,0x00,0x00,0x00,0x00,0x00,0x00,0x00,0x00,
0x00,0x00,0x00,0x00,0x00,0x00,0x00,0x00,0x00,0x00,0x00,0x00,0x00,0x00,0x00,0x00,
0x00,0x00,0x00,0x00,0x00,0x00,0x00,0x00,0x00,0x00,0x00,0x00,0x00,0x00,0x00,0x00,
0x00,0x00,0x00,0x00,0x00,0x00,0x00,0x00,0x00,0x00,0x00,0x00,0x00,0x00,0x00,0x00,
0x00,0x00,0x00,0x00,0x00,0x00,0x00,0x00,0x00,0x00,0x00,0x00,0x00,0x00,0x00,0x00,
0x00,0x00,0x00,0x00,0x00,0x00,0x00,0x00,0x00,0x00,0x00,0x00,0x00,0x00,0x00,0x00,
0x00,0x00,0x00,0x00,0x00,0x00,0x00,0x00,0x00,0x00,0x00,0x00,0x00,0x00,0x00,0x00,
0x00,0x00,0x00,0x00,0x00,0x00,0x00,0x00,0x00,0x00,0x00,0x00,0x00,0x00,0x00,0x00,
0x00,0x00,0x00,0x00,0x00,0x00,0x00,0x00,0x00,0x00,0x00,0x00,0x00,0x00,0x00,0x00,
0x00,0xc0,0x00,0x00,0x30,0x00,0x00,0x00,0x58,0xa1,0x60,0xa1,0x68,0xa1,0x88,0xa1,
0x90,0xa1,0x98,0xa1,0xb8,0xa1,0xc0,0xa1,0xc8,0xa1,0xd0,0xa1,0xd8,0xa1,0xe0,0xa1,
0xe8,0xa1,0xf0,0xa1,0x00,0xa2,0x08,0xa2,0x20,0xa2,0x28,0xa2,0x68,0xa3,0x70,0xa3,
0x00,0xd0,0x00,0x00,0x64,0x00,0x00,0x00,0x60,0xa3,0x68,0xa3,0x70,0xa3,0x78,0xa3,
0x80,0xa3,0x88,0xa3,0x90,0xa3,0x98,0xa3,0xa0,0xa3,0xa8,0xa3,0xb0,0xa3,0xb8,0xa3,
0xc0,0xa3,0xc8,0xa3,0xd0,0xa3,0xd8,0xa3,0xe0,0xa3,0xe8,0xa3,0xf0,0xa3,0xf8,0xa3,
0x00,0xa4,0x08,0xa4,0x10,0xa4,0x18,0xa4,0x20,0xa4,0x28,0xa4,0x30,0xa4,0x38,0xa4,
0x40,0xa4,0x48,0xa4,0x50,0xa4,0x58,0xa4,0x60,0xa4,0x68,0xa4,0x70,0xa4,0x78,0xa4,
0x80,0xa4,0x88,0xa4,0x90,0xa4,0x18,0xa6,0x20,0xa6,0x28,0xa6,0x38,0xa6,0x40,0xa6,
0x48,0xa6,0x50,0xa6,0x00,0x00,0x00,0x00,0x00,0x00,0x00,0x00,0x00,0x00,0x00,0x00,
};
static const U8 depex_pin[]={
0x09,0x06,0x02,0xf6,0x3f,0x5e,0x66,0xcc,0x46,0xd4,0x11,0x9a,0x38,0x00,0x90,0x27,
0x3f,0xc1,0x4d,0x02,0xb1,0xcc,0xba,0x26,0x42,0x6f,0xd4,0x11,0xbc,0xe7,0x00,0x80,
0xc7,0x3c,0x88,0x81,0x02,0xb2,0xcc,0xba,0x26,0x42,0x6f,0xd4,0x11,0xbc,0xe7,0x00,
0x80,0xc7,0x3c,0x88,0x81,0x02,0x72,0x70,0xa9,0x1d,0xdc,0xbd,0x30,0x4b,0x99,0xf1,
0x72,0xa0,0xb5,0x6f,0xff,0x2a,0x02,0x87,0xac,0xcf,0x27,0xcc,0x46,0xd4,0x11,0x9a,
0x38,0x00,0x90,0x27,0x3f,0xc1,0x4d,0x02,0x88,0xac,0xcf,0x27,0xcc,0x46,0xd4,0x11,
0x9a,0x38,0x00,0x90,0x27,0x3f,0xc1,0x4d,0x02,0xe1,0xb4,0xdf,0xb7,0x2f,0x05,0x9f,
0x44,0x87,0xbe,0x98,0x18,0xfc,0x91,0xb7,0x33,0x02,0xe3,0x23,0x64,0xa4,0x17,0x46,
0xf1,0x49,0xb9,0xff,0xd1,0xbf,0xa9,0x11,0x58,0x39,0x02,0xb3,0xcc,0xba,0x26,0x42,
0x6f,0xd4,0x11,0xbc,0xe7,0x00,0x80,0xc7,0x3c,0x88,0x81,0x02,0x18,0xf8,0x41,0x64,
0x62,0x63,0x44,0x4e,0xb5,0x70,0x7d,0xba,0x31,0xdd,0x24,0x53,0x02,0xe2,0x68,0x56,
0x1e,0x81,0x84,0xd4,0x11,0xbc,0xf1,0x00,0x80,0xc7,0x3c,0x88,0x81,0x02,0xf5,0x3f,
0x5e,0x66,0xcc,0x46,0xd4,0x11,0x9a,0x38,0x00,0x90,0x27,0x3f,0xc1,0x4d,0x03,0x03,
0x03,0x03,0x03,0x03,0x03,0x03,0x03,0x03,0x03,0x03,0x08,
};
static const U8 provider_pin[]={
0x4d,0x5a,0x00,0x00,0x00,0x00,0x00,0x00,0x00,0x00,0x00,0x00,0x00,0x00,0x00,0x00,
0x00,0x00,0x00,0x00,0x00,0x00,0x00,0x00,0x00,0x00,0x00,0x00,0x00,0x00,0x00,0x00,
0x00,0x00,0x00,0x00,0x00,0x00,0x00,0x00,0x00,0x00,0x00,0x00,0x00,0x00,0x00,0x00,
0x00,0x00,0x00,0x00,0x00,0x00,0x00,0x00,0x00,0x00,0x00,0x00,0xc0,0x00,0x00,0x00,
0x00,0x00,0x00,0x00,0x00,0x00,0x00,0x00,0x00,0x00,0x00,0x00,0x00,0x00,0x00,0x00,
0x00,0x00,0x00,0x00,0x00,0x00,0x00,0x00,0x00,0x00,0x00,0x00,0x00,0x00,0x00,0x00,
0x00,0x00,0x00,0x00,0x00,0x00,0x00,0x00,0x00,0x00,0x00,0x00,0x00,0x00,0x00,0x00,
0x00,0x00,0x00,0x00,0x00,0x00,0x00,0x00,0x00,0x00,0x00,0x00,0x00,0x00,0x00,0x00,
0x00,0x00,0x00,0x00,0x00,0x00,0x00,0x00,0x00,0x00,0x00,0x00,0x00,0x00,0x00,0x00,
0x00,0x00,0x00,0x00,0x00,0x00,0x00,0x00,0x00,0x00,0x00,0x00,0x00,0x00,0x00,0x00,
0x00,0x00,0x00,0x00,0x00,0x00,0x00,0x00,0x00,0x00,0x00,0x00,0x00,0x00,0x00,0x00,
0x00,0x00,0x00,0x00,0x00,0x00,0x00,0x00,0x00,0x00,0x00,0x00,0x00,0x00,0x00,0x00,
0x50,0x45,0x00,0x00,0x64,0x86,0x05,0x00,0x00,0x00,0x00,0x00,0x00,0x00,0x00,0x00,
0x00,0x00,0x00,0x00,0xf0,0x00,0x22,0x20,0x0b,0x02,0x0e,0x00,0x60,0x08,0x00,0x00,
0x80,0x04,0x00,0x00,0x00,0x00,0x00,0x00,0x00,0x07,0x00,0x00,0xa0,0x02,0x00,0x00,
0x00,0x00,0x00,0x00,0x00,0x00,0x00,0x00,0x20,0x00,0x00,0x00,0x20,0x00,0x00,0x00,
0x00,0x00,0x00,0x00,0x00,0x00,0x00,0x00,0x00,0x00,0x00,0x00,0x00,0x00,0x00,0x00,
0x80,0x0f,0x00,0x00,0xa0,0x02,0x00,0x00,0x00,0x00,0x00,0x00,0x0b,0x00,0x00,0x00,
0x00,0x00,0x00,0x00,0x00,0x00,0x00,0x00,0x00,0x00,0x00,0x00,0x00,0x00,0x00,0x00,
0x00,0x00,0x00,0x00,0x00,0x00,0x00,0x00,0x00,0x00,0x00,0x00,0x00,0x00,0x00,0x00,
0x00,0x00,0x00,0x00,0x10,0x00,0x00,0x00,0x00,0x00,0x00,0x00,0x00,0x00,0x00,0x00,
0x00,0x00,0x00,0x00,0x00,0x00,0x00,0x00,0x00,0x00,0x00,0x00,0x00,0x00,0x00,0x00,
0x00,0x00,0x00,0x00,0x00,0x00,0x00,0x00,0x00,0x00,0x00,0x00,0x00,0x00,0x00,0x00,
0x60,0x0f,0x00,0x00,0x20,0x00,0x00,0x00,0x40,0x0d,0x00,0x00,0x1c,0x00,0x00,0x00,
0x00,0x00,0x00,0x00,0x00,0x00,0x00,0x00,0x00,0x00,0x00,0x00,0x00,0x00,0x00,0x00,
0x00,0x00,0x00,0x00,0x00,0x00,0x00,0x00,0x00,0x00,0x00,0x00,0x00,0x00,0x00,0x00,
0x00,0x00,0x00,0x00,0x00,0x00,0x00,0x00,0x00,0x00,0x00,0x00,0x00,0x00,0x00,0x00,
0x00,0x00,0x00,0x00,0x00,0x00,0x00,0x00,0x00,0x00,0x00,0x00,0x00,0x00,0x00,0x00,
0x00,0x00,0x00,0x00,0x00,0x00,0x00,0x00,0x2e,0x74,0x65,0x78,0x74,0x00,0x00,0x00,
0x50,0x08,0x00,0x00,0xa0,0x02,0x00,0x00,0x60,0x08,0x00,0x00,0xa0,0x02,0x00,0x00,
0x00,0x00,0x00,0x00,0x00,0x00,0x00,0x00,0x00,0x00,0x00,0x00,0x20,0x00,0x00,0x68,
0x2e,0x64,0x61,0x74,0x61,0x00,0x00,0x00,0x2c,0x03,0x00,0x00,0x00,0x0b,0x00,0x00,
0x40,0x03,0x00,0x00,0x00,0x0b,0x00,0x00,0x00,0x00,0x00,0x00,0x00,0x00,0x00,0x00,
0x00,0x00,0x00,0x00,0x40,0x00,0x00,0xc8,0x00,0x00,0x00,0x00,0x00,0x00,0x00,0x00,
0x90,0x00,0x00,0x00,0x40,0x0e,0x00,0x00,0xa0,0x00,0x00,0x00,0x40,0x0e,0x00,0x00,
0x00,0x00,0x00,0x00,0x00,0x00,0x00,0x00,0x00,0x00,0x00,0x00,0x40,0x00,0x00,0x42,
0x2e,0x78,0x64,0x61,0x74,0x61,0x00,0x00,0x70,0x00,0x00,0x00,0xe0,0x0e,0x00,0x00,
0x80,0x00,0x00,0x00,0xe0,0x0e,0x00,0x00,0x00,0x00,0x00,0x00,0x00,0x00,0x00,0x00,
0x00,0x00,0x00,0x00,0x40,0x00,0x00,0x42,0x2e,0x72,0x65,0x6c,0x6f,0x63,0x00,0x00,
0x20,0x00,0x00,0x00,0x60,0x0f,0x00,0x00,0x20,0x00,0x00,0x00,0x60,0x0f,0x00,0x00,
0x00,0x00,0x00,0x00,0x00,0x00,0x00,0x00,0x00,0x00,0x00,0x00,0x40,0x00,0x00,0x42,
0x00,0x00,0x00,0x00,0x00,0x00,0x00,0x00,0x00,0x00,0x00,0x00,0x00,0x00,0x00,0x00,
0x48,0x89,0x5c,0x24,0x08,0x48,0x89,0x74,0x24,0x10,0x57,0x48,0x83,0xec,0x60,0x48,
0x8b,0xf1,0xb9,0x25,0x00,0x00,0x00,0x8b,0xfa,0xe8,0x2a,0x08,0x00,0x00,0x48,0x8b,
0xd8,0x48,0x85,0xc0,0x74,0x66,0xc6,0x40,0x10,0x01,0x4c,0x8b,0x05,0xb7,0x0a,0x00,
0x00,0x89,0x78,0x19,0x48,0x89,0x70,0x1d,0x4c,0x89,0x40,0x11,0x48,0x8b,0x0d,0x85,
0x0a,0x00,0x00,0x48,0x8b,0xd0,0xe8,0xb1,0x07,0x00,0x00,0xe8,0xc4,0x07,0x00,0x00,
0x84,0xc0,0x74,0x38,0x48,0x83,0x64,0x24,0x48,0x00,0x48,0x83,0x64,0x24,0x40,0x00,
0x48,0x8d,0x44,0x24,0x50,0x48,0x89,0x44,0x24,0x38,0x48,0x83,0x64,0x24,0x30,0x00,
0x48,0x83,0x64,0x24,0x28,0x00,0x48,0x83,0x64,0x24,0x20,0x00,0x45,0x33,0xc9,0x45,
0x33,0xc0,0x33,0xd2,0x48,0x8b,0xcb,0xe8,0xc8,0x00,0x00,0x00,0x48,0x8b,0x5c,0x24,
0x70,0x48,0x8b,0x74,0x24,0x78,0x48,0x83,0xc4,0x60,0x5f,0xc3,0x48,0x83,0xec,0x28,
0x48,0x8b,0x05,0x39,0x0a,0x00,0x00,0xba,0x10,0x00,0x00,0x00,0x4c,0x8d,0x05,0x15,
0x0a,0x00,0x00,0x8d,0x4a,0xf4,0xff,0x50,0x40,0x48,0x85,0xc0,0x78,0x23,0x48,0x8b,
0x0d,0x03,0x0a,0x00,0x00,0xe8,0x26,0x07,0x00,0x00,0x8b,0x15,0x90,0x07,0x00,0x00,
0x48,0x8d,0x0d,0x99,0x07,0x00,0x00,0xe8,0x24,0xff,0xff,0xff,0xe8,0x17,0x00,0x00,
0x00,0x33,0xc0,0x48,0x83,0xc4,0x28,0xc3,0x48,0x83,0xec,0x28,0xe8,0x3b,0x00,0x00,
0x00,0x33,0xc0,0x48,0x83,0xc4,0x28,0xc3,0x48,0x83,0xec,0x28,0x33,0xc0,0x48,0x39,
0x05,0xbb,0x09,0x00,0x00,0x75,0x1d,0x48,0x8b,0x05,0xd2,0x09,0x00,0x00,0x4c,0x8d,
0x05,0xab,0x09,0x00,0x00,0x48,0x8d,0x0d,0x1c,0x08,0x00,0x00,0x33,0xd2,0xff,0x90,
0x40,0x01,0x00,0x00,0x48,0x83,0xc4,0x28,0xc3,0xcc,0xcc,0xcc,0x48,0x83,0xec,0x28,
0xe8,0xc3,0xff,0xff,0xff,0x48,0x85,0xc0,0x78,0x14,0x48,0x8b,0x05,0x7f,0x09,0x00,
0x00,0x48,0x8b,0x15,0x80,0x09,0x00,0x00,0x48,0x8b,0xc8,0xff,0x50,0x09,0x48,0x83,
0xc4,0x28,0xc3,0xcc,0x48,0x85,0xc9,0x0f,0x84,0x82,0x02,0x00,0x00,0x48,0x89,0x5c,
0x24,0x08,0x48,0x89,0x6c,0x24,0x10,0x48,0x89,0x74,0x24,0x18,0x57,0x41,0x54,0x41,
0x55,0x41,0x56,0x41,0x57,0x48,0x83,0xec,0x20,0x4c,0x8b,0x51,0x1d,0x8b,0x41,0x19,
0x4d,0x8b,0xf8,0x49,0x8d,0x7a,0x10,0x49,0x03,0xc2,0x45,0x33,0xc0,0x4d,0x8b,0xf1,
0x48,0x8b,0xea,0x48,0x8b,0xf1,0x48,0x3b,0xf8,0x0f,0x83,0x24,0x02,0x00,0x00,0x4c,
0x8b,0xa4,0x24,0x90,0x00,0x00,0x00,0x4c,0x8b,0xac,0x24,0x80,0x00,0x00,0x00,0x80,
0x3f,0xff,0x0f,0x84,0x0b,0x02,0x00,0x00,0x0f,0xb6,0x0f,0xff,0xc9,0x0f,0x84,0xd8,
0x01,0x00,0x00,0xff,0xc9,0x0f,0x84,0xbd,0x01,0x00,0x00,0xff,0xc9,0x0f,0x84,0xa6,
0x01,0x00,0x00,0xff,0xc9,0x0f,0x84,0x8f,0x01,0x00,0x00,0xff,0xc9,0x0f,0x84,0x22,
0x01,0x00,0x00,0xff,0xc9,0x0f,0x84,0xa6,0x00,0x00,0x00,0xff,0xc9,0x74,0x35,0xff,
0xc9,0x74,0x13,0x83,0xf9,0x02,0x0f,0x85,0xae,0x01,0x00,0x00,0x48,0x8b,0x84,0x24,
0x98,0x00,0x00,0x00,0xeb,0x08,0x48,0x8b,0x84,0x24,0x88,0x00,0x00,0x00,0x48,0x85,
0xc0,0x0f,0x84,0x93,0x01,0x00,0x00,0x0f,0x10,0x47,0x03,0xf3,0x0f,0x7f,0x00,0xe9,
0x86,0x01,0x00,0x00,0x48,0x85,0xed,0x0f,0x84,0x7d,0x01,0x00,0x00,0x48,0x8d,0x5f,
0x03,0x49,0x8b,0xd0,0x48,0x8b,0xc3,0x66,0x44,0x39,0x03,0x74,0x0d,0x48,0x83,0xc0,
0x02,0x48,0xff,0xc2,0x66,0x44,0x39,0x00,0x75,0xf3,0x48,0x8b,0x05,0x8f,0x08,0x00,
0x00,0x48,0x8d,0x54,0x12,0x02,0x4c,0x8b,0xc5,0xb9,0x04,0x00,0x00,0x00,0xff,0x50,
0x40,0x45,0x33,0xc0,0x48,0x85,0xc0,0x0f,0x88,0x3d,0x01,0x00,0x00,0x48,0x8b,0x45,
0x00,0x48,0x85,0xc0,0x0f,0x84,0x30,0x01,0x00,0x00,0xeb,0x0b,0x66,0x89,0x08,0x48,
0x83,0xc0,0x02,0x48,0x83,0xc3,0x02,0x0f,0xb7,0x0b,0x66,0x85,0xc9,0x75,0xed,0xeb,
0x6b,0x4d,0x85,0xed,0x0f,0x84,0x10,0x01,0x00,0x00,0x48,0x8d,0x5f,0x03,0x49,0x8b,
0xd0,0x48,0x8b,0xc3,0x66,0x44,0x39,0x03,0x74,0x0d,0x48,0x83,0xc0,0x02,0x48,0xff,
0xc2,0x66,0x44,0x39,0x00,0x75,0xf3,0x48,0x8b,0x05,0x22,0x08,0x00,0x00,0x48,0x8d,
0x54,0x12,0x02,0x4d,0x8b,0xc5,0xb9,0x04,0x00,0x00,0x00,0xff,0x50,0x40,0x45,0x33,
0xc0,0x48,0x85,0xc0,0x0f,0x88,0xd0,0x00,0x00,0x00,0x49,0x8b,0x45,0x00,0x48,0x85,
0xc0,0x0f,0x84,0xc3,0x00,0x00,0x00,0xeb,0x0b,0x66,0x89,0x08,0x48,0x83,0xc0,0x02,
0x48,0x83,0xc3,0x02,0x0f,0xb7,0x0b,0x66,0x85,0xc9,0x75,0xed,0x66,0x44,0x89,0x00,
0xe9,0xa5,0x00,0x00,0x00,0x4d,0x85,0xe4,0x0f,0x84,0x9c,0x00,0x00,0x00,0x48,0x8d,
0x5f,0x03,0x49,0x8b,0xd0,0x48,0x8b,0xc3,0x66,0x44,0x39,0x03,0x74,0x0d,0x48,0x83,
0xc0,0x02,0x48,0xff,0xc2,0x66,0x44,0x39,0x00,0x75,0xf3,0x48,0x8b,0x05,0xae,0x07,
0x00,0x00,0x48,0x8d,0x54,0x12,0x02,0x4d,0x8b,0xc4,0xb9,0x04,0x00,0x00,0x00,0xff,
0x50,0x40,0x45,0x33,0xc0,0x48,0x85,0xc0,0x78,0x60,0x49,0x8b,0x04,0x24,0x48,0x85,
0xc0,0x74,0x57,0xeb,0x0b,0x66,0x89,0x08,0x48,0x83,0xc0,0x02,0x48,0x83,0xc3,0x02,
0x0f,0xb7,0x0b,0x66,0x85,0xc9,0x75,0xed,0xeb,0x92,0x4d,0x85,0xf6,0x74,0x3b,0x0f,
0xb7,0x47,0x03,0x66,0x41,0x89,0x06,0xeb,0x31,0x4d,0x85,0xff,0x74,0x2c,0x0f,0xb7,
0x47,0x03,0x66,0x41,0x89,0x07,0xeb,0x22,0x48,0x8b,0x4c,0x24,0x78,0x48,0x85,0xc9,
0x74,0x18,0x0f,0xb7,0x47,0x03,0x66,0x89,0x01,0xeb,0x0f,0x48,0x8b,0x4c,0x24,0x70,
0x48,0x85,0xc9,0x74,0x05,0x8b,0x47,0x03,0x89,0x01,0x0f,0xb7,0x47,0x01,0x48,0x8d,
0x7c,0x07,0x03,0x8b,0x46,0x19,0x48,0x03,0x46,0x1d,0x48,0x3b,0xf8,0x0f,0x82,0xec,
0xfd,0xff,0xff,0x48,0x8b,0x5c,0x24,0x50,0x48,0x8b,0x6c,0x24,0x58,0x48,0x8b,0x74,
0x24,0x60,0x48,0x83,0xc4,0x20,0x41,0x5f,0x41,0x5e,0x41,0x5d,0x41,0x5c,0x5f,0xc3,
0x48,0x83,0xec,0x28,0x8b,0x15,0xe6,0x04,0x00,0x00,0x48,0x8d,0x0d,0xef,0x04,0x00,
0x00,0xe8,0x0a,0xfc,0xff,0xff,0x33,0xc0,0x48,0x83,0xc4,0x28,0xc3,0xcc,0xcc,0xcc,
0x56,0x57,0x48,0x89,0xd6,0x48,0x89,0xcf,0x4e,0x8d,0x4c,0x06,0xff,0x48,0x39,0xfe,
0x48,0x89,0xf8,0x73,0x05,0x49,0x39,0xf9,0x73,0x10,0x4c,0x89,0xc1,0x49,0x83,0xe0,
0x07,0x48,0xc1,0xe9,0x03,0xf3,0x48,0xa5,0xeb,0x09,0x4c,0x89,0xce,0x4a,0x8d,0x7c,
0x07,0xff,0xfd,0x4c,0x89,0xc1,0xf3,0xa4,0xfc,0x5f,0x5e,0xc3,0xcc,0xcc,0xcc,0xcc,
0x57,0x51,0x48,0x31,0xc0,0x48,0x89,0xcf,0x48,0x89,0xd1,0x48,0xc1,0xe9,0x03,0x48,
0x83,0xe2,0x07,0xf3,0x48,0xab,0x89,0xd1,0xf3,0xaa,0x58,0x5f,0xc3,0xcc,0xcc,0xcc,
0x48,0x89,0x5c,0x24,0x08,0x48,0x89,0x74,0x24,0x10,0x57,0x48,0x83,0xec,0x20,0x48,
0x8b,0xfa,0x48,0x8b,0xf1,0xe8,0x52,0x00,0x00,0x00,0x48,0x8b,0x05,0x5f,0x06,0x00,
0x00,0x4c,0x8d,0x0d,0x10,0x05,0x00,0x00,0x48,0x83,0x64,0x24,0x40,0x00,0x48,0x8d,
0x15,0xd3,0x04,0x00,0x00,0x45,0x33,0xc0,0x48,0x8d,0x4c,0x24,0x40,0xff,0x90,0x80,
0x00,0x00,0x00,0x48,0x8b,0xd8,0x48,0x85,0xc0,0x79,0x0b,0x48,0x8b,0xd7,0x48,0x8b,
0xce,0xe8,0x32,0xfc,0xff,0xff,0x48,0x8b,0x74,0x24,0x38,0x48,0x8b,0xc3,0x48,0x8b,
0x5c,0x24,0x30,0x48,0x83,0xc4,0x20,0x5f,0xc3,0xcc,0xcc,0xcc,0x48,0x8b,0xc4,0x48,
0x89,0x58,0x08,0x48,0x89,0x68,0x10,0x48,0x89,0x70,0x18,0x48,0x89,0x78,0x20,0x41,
0x57,0x48,0x83,0xec,0x20,0x48,0x89,0x0d,0xfc,0x05,0x00,0x00,0x48,0x8b,0xda,0x48,
0x8b,0x42,0x60,0x48,0x8b,0xf9,0x48,0x89,0x05,0xe3,0x05,0x00,0x00,0x48,0x89,0x15,
0xd4,0x05,0x00,0x00,0xe8,0x93,0xfb,0xff,0xff,0xe8,0xa6,0x02,0x00,0x00,0xb9,0x1e,
0x01,0x00,0x00,0xff,0x50,0x08,0x88,0x05,0xdc,0x05,0x00,0x00,0xe8,0x93,0x02,0x00,
0x00,0xb9,0x1d,0x01,0x00,0x00,0xff,0x50,0x08,0x48,0x8b,0xd3,0x48,0x8b,0xcf,0x88,
0x05,0xc4,0x05,0x00,0x00,0xe8,0xa6,0xfe,0xff,0xff,0x33,0xdb,0x4c,0x8d,0x3d,0x7d,
0x04,0x00,0x00,0x4a,0x8b,0x34,0x3b,0x48,0x85,0xf6,0x0f,0x84,0x87,0x00,0x00,0x00,
0x4a,0x8b,0x6c,0x3b,0x08,0x48,0x85,0xed,0x74,0x7d,0xba,0x30,0x00,0x00,0x00,0xe8,
0xb4,0x02,0x00,0x00,0x48,0x85,0xc0,0x74,0x60,0xba,0x30,0x00,0x00,0x00,0x48,0x8b,
0xc8,0xe8,0xca,0xfe,0xff,0xff,0x48,0x8b,0xf8,0x48,0x85,0xc0,0x74,0x4b,0x48,0x8d,
0x48,0x18,0xc7,0x00,0x44,0x42,0x50,0x48,0x48,0x89,0x68,0x28,0x48,0x3b,0xce,0x74,
0x0e,0x41,0xb8,0x10,0x00,0x00,0x00,0x48,0x8b,0xd6,0xe8,0x61,0xfe,0xff,0xff,0x48,
0x8d,0x4f,0x08,0x48,0x8d,0x05,0x06,0x04,0x00,0x00,0x48,0x89,0x01,0x48,0x8b,0x05,
0x04,0x04,0x00,0x00,0x48,0x89,0x41,0x08,0x48,0x8b,0x05,0xf9,0x03,0x00,0x00,0x48,
0x89,0x08,0x48,0x89,0x0d,0xef,0x03,0x00,0x00,0x48,0x83,0xc3,0x10,0x48,0x83,0xfb,
0x30,0x0f,0x82,0x6c,0xff,0xff,0xff,0x48,0x8b,0x5c,0x24,0x30,0x48,0x8b,0x6c,0x24,
0x38,0x48,0x8b,0x74,0x24,0x40,0x48,0x8b,0x7c,0x24,0x48,0x48,0x83,0xc4,0x20,0x41,
0x5f,0xc3,0xcc,0xcc,0x48,0x89,0x5c,0x24,0x08,0x48,0x89,0x6c,0x24,0x10,0x48,0x89,
0x74,0x24,0x18,0x57,0x48,0x83,0xec,0x30,0x33,0xf6,0x4c,0x8b,0xd2,0x66,0x45,0x85,
0xc0,0x0f,0x84,0xef,0x00,0x00,0x00,0x4d,0x85,0xc9,0x0f,0x84,0xe6,0x00,0x00,0x00,
0x48,0x8b,0x0d,0x89,0x03,0x00,0x00,0x4c,0x8d,0x1d,0x82,0x03,0x00,0x00,0x40,0x8a,
0xfe,0x49,0x3b,0xcb,0x74,0x1f,0x48,0x8b,0x12,0x48,0x8d,0x59,0xf8,0x48,0x39,0x53,
0x18,0x75,0x0a,0x49,0x8b,0x42,0x08,0x48,0x39,0x43,0x20,0x74,0x0b,0x48,0x8b,0x09,
0x49,0x3b,0xcb,0x75,0xe4,0x48,0x8b,0xde,0x48,0x8d,0x2d,0x41,0x03,0x00,0x00,0x48,
0x85,0xdb,0x74,0x05,0x40,0xb7,0x01,0xeb,0x2e,0x48,0x8b,0x0d,0x30,0x03,0x00,0x00,
0x48,0x3b,0xcd,0x74,0x1f,0x49,0x8b,0x12,0x48,0x8d,0x59,0xf8,0x48,0x39,0x53,0x18,
0x75,0x0a,0x49,0x8b,0x42,0x08,0x48,0x39,0x43,0x20,0x74,0x0b,0x48,0x8b,0x09,0x48,
0x3b,0xcd,0x75,0xe4,0x48,0x8b,0xde,0x48,0x85,0xdb,0x75,0x0c,0x49,0xb8,0x0e,0x00,
0x00,0x00,0x00,0x00,0x00,0x80,0xeb,0x68,0x8a,0x15,0x4a,0x04,0x00,0x00,0x49,0x8b,
0xca,0x4c,0x89,0x4c,0x24,0x20,0x45,0x0f,0xb7,0xc8,0x44,0x8a,0x05,0x38,0x04,0x00,
0x00,0xff,0x53,0x28,0x4c,0x8b,0xc0,0x40,0x84,0xff,0x74,0x44,0x48,0x8d,0x53,0x08,
0x48,0x8b,0x0a,0x48,0x8b,0x42,0x08,0x48,0x89,0x41,0x08,0x48,0x8b,0x02,0x48,0x8b,
0x4a,0x08,0x48,0x89,0x01,0x48,0x89,0x2a,0x48,0x8b,0x05,0xb9,0x02,0x00,0x00,0x48,
0x89,0x42,0x08,0x48,0x8b,0x05,0xae,0x02,0x00,0x00,0x48,0x89,0x10,0x48,0x89,0x15,
0xa4,0x02,0x00,0x00,0xeb,0x0a,0x49,0xb8,0x02,0x00,0x00,0x00,0x00,0x00,0x00,0x80,
0x48,0x8b,0x5c,0x24,0x40,0x49,0x8b,0xc0,0x48,0x8b,0x6c,0x24,0x48,0x48,0x8b,0x74,
0x24,0x50,0x48,0x83,0xc4,0x30,0x5f,0xc3,0x48,0x8b,0x44,0x24,0x28,0x48,0x85,0xc0,
0x75,0x0b,0x48,0xb8,0x03,0x00,0x00,0x00,0x00,0x00,0x00,0x80,0xc3,0x41,0x80,0xe8,
0x04,0x41,0x80,0xf8,0x01,0x77,0xeb,0xc6,0x80,0xa1,0x00,0x00,0x00,0x01,0xc6,0x80,
0xaa,0x00,0x00,0x00,0x01,0xc6,0x80,0xbc,0x00,0x00,0x00,0x01,0xc6,0x80,0xb3,0x00,
0x00,0x00,0x01,0x33,0xc0,0xc3,0xcc,0xcc,0x48,0x8b,0x44,0x24,0x28,0x48,0x8d,0x0d,
0x8c,0x02,0x00,0x00,0x48,0x89,0x48,0x08,0x48,0x8d,0x0d,0x71,0x02,0x00,0x00,0x48,
0x89,0x48,0x10,0x48,0x8d,0x0d,0x9e,0x02,0x00,0x00,0x48,0x89,0x48,0x18,0x66,0xc7,
0x00,0x01,0x02,0xc6,0x40,0x02,0x02,0x33,0xc0,0xc3,0xcc,0xcc,0x48,0x8b,0x44,0x24,
0x28,0x48,0x8b,0x48,0x18,0x48,0x8d,0x05,0x94,0x02,0x00,0x00,0x48,0x89,0x41,0x40,
0x33,0xc0,0xc3,0xcc,0x48,0x83,0xec,0x28,0x48,0x8b,0x05,0x31,0x03,0x00,0x00,0x48,
0x85,0xc0,0x75,0x24,0x48,0x8b,0x05,0x15,0x03,0x00,0x00,0x4c,0x8d,0x05,0x1e,0x03,
0x00,0x00,0x33,0xd2,0x48,0x8d,0x0d,0x6d,0x01,0x00,0x00,0xff,0x90,0x40,0x01,0x00,
0x00,0x48,0x8b,0x05,0x08,0x03,0x00,0x00,0x48,0x83,0xc4,0x28,0xc3,0xcc,0xcc,0xcc,
0x48,0x89,0x09,0x48,0x8b,0xc1,0x48,0x89,0x49,0x08,0xc3,0xcc,0x48,0x89,0x0a,0x48,
0x8b,0x41,0x08,0x48,0x89,0x42,0x08,0x48,0x89,0x10,0x48,0x8b,0xc1,0x48,0x89,0x51,
0x08,0xc3,0xcc,0xcc,0x32,0xc0,0xc3,0xcc,0x48,0x83,0xec,0x28,0x48,0x8b,0x05,0xbd,
0x02,0x00,0x00,0x4c,0x8d,0x44,0x24,0x40,0xb9,0x04,0x00,0x00,0x00,0xff,0x50,0x40,
0x48,0x8b,0x4c,0x24,0x40,0x33,0xd2,0x48,0x85,0xc0,0x48,0x0f,0x48,0xca,0x48,0x8b,
0xc1,0x48,0x83,0xc4,0x28,0xc3,0xcc,0xcc,0x48,0x8b,0xd1,0xe9,0xc8,0xff,0xff,0xff,
0x00,0x00,0x00,0x00,0x00,0x00,0x00,0x00,0x00,0x00,0x00,0x00,0x00,0x00,0x00,0x00,
0x53,0x00,0x00,0x00,0x00,0x00,0x00,0x00,0x00,0x00,0x00,0x00,0x00,0x00,0x00,0x00,
0x6e,0xf0,0x9e,0x05,0x52,0xc6,0x45,0x4a,0x9f,0xbe,0x59,0x75,0xe3,0x69,0x46,0x1c,
0x08,0x10,0x00,0x56,0x22,0x62,0xc2,0xe0,0x47,0x8f,0x4a,0x90,0xcd,0xe4,0x18,0x3f,
0x70,0x6f,0x93,0x0a,0x10,0x00,0xf5,0x0c,0xa8,0x7a,0x85,0x91,0x71,0x52,0xb4,0x30,
0xd8,0xbd,0xfc,0xaa,0x9b,0x90,0x03,0x02,0x00,0x05,0x00,0x04,0x02,0x00,0x00,0x00,
0x01,0x04,0x00,0xbe,0x2a,0x00,0x00,0x06,0x06,0x00,0x70,0x00,0x34,0x00,0x00,0x00,
0xff,0x00,0x00,0x00,0x00,0x00,0x00,0x00,0x00,0x00,0x00,0x00,0x00,0x00,0x00,0x00,
0x55,0x00,0x00,0x00,0x00,0x00,0x00,0x00,0x00,0x00,0x00,0x00,0x00,0x00,0x00,0x00,
0x6e,0xf0,0x9e,0x05,0x52,0xc6,0x45,0x4a,0x9f,0xbe,0x59,0x75,0xe3,0x69,0x46,0x1c,
0x08,0x10,0x00,0x35,0x46,0xe6,0x1a,0x80,0x9e,0xc0,0x4f,0x8c,0xe7,0x8c,0x45,0xb6,
0x1e,0xc8,0xae,0x0a,0x10,0x00,0xf5,0x0c,0xa8,0x7a,0x85,0x91,0x71,0x52,0xb4,0x30,
0xd8,0xbd,0xfc,0xaa,0x9b,0x90,0x03,0x02,0x00,0x13,0x00,0x04,0x02,0x00,0x00,0x00,
0x01,0x04,0x00,0x70,0x2f,0x00,0x00,0x06,0x08,0x00,0x70,0x00,0x32,0x00,0x31,0x00,
0x00,0x00,0xff,0x00,0x00,0x00,0x00,0x00,0x21,0xec,0xd1,0x11,0x68,0xe5,0xb0,0x4e,
0x8e,0x1d,0xa0,0x80,0x97,0x72,0xb6,0x06,0x06,0x40,0xb3,0x11,0x5b,0xd8,0x0a,0x4d,
0xa2,0x90,0xd5,0xa5,0x71,0x31,0x0e,0xf7,0x6d,0x9c,0x6e,0x75,0x2e,0xb3,0xd4,0x4e,
0xac,0x1c,0xb4,0x5a,0x1c,0x20,0x11,0xcc,0x6d,0xff,0x63,0x8f,0xd4,0xb7,0x4d,0x47,
0x8c,0x53,0x68,0x25,0x8a,0x22,0x4d,0x58,0x54,0xbd,0xc0,0x9e,0x49,0x5d,0x8a,0x4b,
0xb9,0x57,0xcb,0xf6,0x75,0x3f,0xb7,0x24,0x71,0x94,0xb5,0x8b,0x3c,0x82,0x11,0x4a,
0xb6,0x10,0xce,0x39,0x85,0x79,0x3e,0xb1,0x94,0x08,0x00,0x00,0x00,0x00,0x00,0x00,
0x40,0x0c,0x00,0x00,0x00,0x00,0x00,0x00,0x40,0x0c,0x00,0x00,0x00,0x00,0x00,0x00,
0x50,0x0c,0x00,0x00,0x00,0x00,0x00,0x00,0x50,0x0c,0x00,0x00,0x00,0x00,0x00,0x00,
0xf8,0x0b,0x00,0x00,0x00,0x00,0x00,0x00,0xc8,0x09,0x00,0x00,0x00,0x00,0x00,0x00,
0x18,0x0c,0x00,0x00,0x00,0x00,0x00,0x00,0x08,0x0a,0x00,0x00,0x00,0x00,0x00,0x00,
0x28,0x0c,0x00,0x00,0x00,0x00,0x00,0x00,0x3c,0x0a,0x00,0x00,0x00,0x00,0x00,0x00,
0x72,0x05,0x00,0x00,0x70,0x00,0x00,0x00,0x00,0x00,0x00,0x00,0x00,0x00,0x00,0x00,
0x01,0x00,0x00,0x00,0x72,0x05,0x00,0x00,0x00,0x00,0x00,0x00,0x00,0x00,0x00,0x00,
0x20,0x0d,0x00,0x00,0x00,0x00,0x00,0x00,0x00,0x00,0x00,0x00,0x00,0x00,0x00,0x00,
0x00,0x00,0x00,0x00,0x00,0x00,0x00,0x00,0x72,0x05,0x00,0x00,0x70,0x00,0x01,0x00,
0x00,0x00,0x00,0x00,0x00,0x00,0x00,0x00,0x00,0x00,0x00,0x00,0x00,0x00,0x00,0x00,
0x02,0x00,0x00,0x00,0x00,0x00,0xa0,0x00,0x02,0x00,0x00,0x00,0x0c,0x00,0xa0,0x00,
0x02,0x00,0x00,0x00,0x01,0x00,0xa0,0x00,0x02,0x00,0x00,0x00,0x0d,0x00,0xa0,0x00,
0x02,0x00,0x00,0x00,0x02,0x00,0xa0,0x00,0x02,0x00,0x00,0x00,0x00,0x00,0x68,0x00,
0x02,0x00,0x00,0x00,0x01,0x00,0x68,0x00,0x00,0x00,0x00,0x00,0xff,0xff,0xff,0xff,
0x4d,0x00,0x2e,0x00,0x32,0x00,0x20,0x00,0x50,0x00,0x43,0x00,0x49,0x00,0x65,0x00,
0x20,0x00,0x53,0x00,0x53,0x00,0x44,0x00,0x00,0x00,0x00,0x00,0x00,0x00,0x00,0x00,
0x00,0x00,0x00,0x00,0x00,0x00,0x00,0x00,0x00,0x00,0x00,0x00,0x00,0x00,0x00,0x00,
0x00,0x00,0x00,0x00,0x00,0x00,0x00,0x00,0x00,0x00,0x00,0x00,0x00,0x00,0x00,0x00,
0x00,0x00,0x00,0x00,0x00,0x00,0x00,0x00,0x00,0x00,0x00,0x00,0x00,0x00,0x00,0x00,
0x00,0x00,0x00,0x00,0x00,0x00,0x00,0x00,0x00,0x00,0x00,0x00,0x00,0x00,0x00,0x00,
0x00,0x00,0x00,0x00,0x00,0x00,0x00,0x00,0x00,0x00,0x00,0x00,0x00,0x00,0x00,0x00,
0x00,0x00,0x00,0x00,0x00,0x00,0x00,0x00,0x00,0x00,0x00,0x00,0x00,0x00,0x00,0x00,
0x00,0x00,0x00,0x00,0x00,0x00,0x00,0x00,0x00,0x00,0x00,0x00,0x00,0x00,0x00,0x00,
0x00,0x00,0x00,0x00,0x00,0x00,0x00,0x00,0x00,0x00,0x00,0x00,0x00,0x00,0x00,0x00,
0x00,0x00,0x00,0x00,0x00,0x00,0x00,0x00,0x00,0x00,0x00,0x00,0x00,0x00,0x00,0x00,
0x00,0x00,0x00,0x00,0x00,0x00,0x00,0x00,0x00,0x00,0x00,0x00,0x00,0x00,0x00,0x00,
0x00,0x00,0x00,0x00,0x00,0x00,0x00,0x00,0x00,0x00,0x00,0x00,0x00,0x00,0x00,0x00,
0x00,0x00,0x00,0x00,0x00,0x00,0x00,0x00,0x00,0x00,0x00,0x00,0x00,0x00,0x00,0x00,
0x00,0x00,0x00,0x00,0x00,0x00,0x00,0x00,0x00,0x00,0x00,0x00,0x00,0x00,0x00,0x00,
0x00,0x00,0x00,0x00,0x00,0x00,0x00,0x00,0x00,0x00,0x00,0x00,0x00,0x00,0x00,0x00,
0x00,0x00,0x00,0x00,0x00,0x00,0x00,0x00,0x00,0x00,0x00,0x00,0x00,0x00,0x00,0x00,
0x00,0x00,0x00,0x00,0x00,0x00,0x00,0x00,0x00,0x00,0x00,0x00,0x00,0x00,0x00,0x00,
0x00,0x00,0x00,0x00,0x00,0x00,0x00,0x00,0x00,0x00,0x00,0x00,0x00,0x00,0x00,0x00,
0x00,0x00,0x00,0x00,0x00,0x00,0x00,0x00,0x00,0x00,0x00,0x00,0x00,0x00,0x00,0x00,
0x00,0x00,0x00,0x00,0x00,0x00,0x00,0x00,0x00,0x00,0x00,0x00,0x00,0x00,0x00,0x00,
0x00,0x00,0x00,0x00,0x00,0x00,0x00,0x00,0x00,0x00,0x00,0x00,0x00,0x00,0x00,0x00,
0x00,0x00,0x00,0x00,0x00,0x00,0x00,0x00,0x00,0x00,0x00,0x00,0x00,0x00,0x00,0x00,
0x00,0x00,0x00,0x00,0x00,0x00,0x00,0x00,0x00,0x00,0x00,0x00,0x00,0x00,0x00,0x00,
0x00,0x00,0x00,0x00,0x00,0x00,0x00,0x00,0x00,0x00,0x00,0x00,0x00,0x00,0x00,0x00,
0x00,0x00,0x00,0x00,0x00,0x00,0x00,0x00,0x00,0x00,0x00,0x00,0x00,0x00,0x00,0x00,
0x00,0x00,0x00,0x00,0x00,0x00,0x00,0x00,0x00,0x00,0x00,0x00,0x00,0x00,0x00,0x00,
0x00,0x00,0x00,0x00,0x00,0x00,0x00,0x00,0x00,0x00,0x00,0x00,0x00,0x00,0x00,0x00,
0x00,0x00,0x00,0x00,0x00,0x00,0x00,0x00,0x00,0x00,0x00,0x00,0x00,0x00,0x00,0x00,
0x00,0x00,0x00,0x00,0x00,0x00,0x00,0x00,0x00,0x00,0x00,0x00,0x00,0x00,0x00,0x00,
0x00,0x00,0x00,0x00,0x00,0x00,0x00,0x00,0x00,0x00,0x00,0x00,0x00,0x00,0x00,0x00,
0x00,0x00,0x00,0x00,0x00,0x00,0x00,0x00,0x00,0x00,0x00,0x00,0x00,0x00,0x00,0x00,
0x00,0x00,0x00,0x00,0x00,0x00,0x00,0x00,0x00,0x00,0x00,0x00,0x00,0x00,0x00,0x00,
0x00,0x00,0x00,0x00,0x00,0x00,0x00,0x00,0x00,0x00,0x00,0x00,0x00,0x00,0x00,0x00,
0x00,0x00,0x00,0x00,0x00,0x00,0x00,0x00,0x00,0x00,0x00,0x00,0x00,0x00,0x00,0x00,
0x00,0x00,0x00,0x00,0x00,0x00,0x00,0x00,0x00,0x00,0x00,0x00,0x00,0x00,0x00,0x00,
0x00,0x00,0x00,0x00,0x20,0x00,0x00,0x00,0x38,0xac,0x40,0xac,0x48,0xac,0x50,0xac,
0x58,0xac,0x60,0xac,0x68,0xac,0x70,0xac,0x78,0xac,0x80,0xac,0x88,0xac,0xb0,0xac,
};
